api_function,proposed_node,status,licence,source,graph_path,required_api_types,unavailable_api_types,unavailable_types_in_comments,external_interface_types,buffer_or_pointer_params,other_call_sites,omitted_call_parameters,signature
F_VN_AdaptiveThreshold,Node_F_VN_AdaptiveThreshold,registered,TC3 Vision Base,src/sln/lib/mobject-graph-vision-pack/Nodes/Image Segmentation/Node_F_VN_AdaptiveThreshold.TcPOU,Vision/Image Segmentation/F_VN_AdaptiveThreshold,ITcVnImage,,,,,,,ipSrcImage: ITcVnImage [In]; ipDestImage: Reference To ITcVnImage [In]; fMaxValue: LREAL [In]; hrPrev: HRESULT [In]
F_VN_AdaptiveThresholdExp,Node_F_VN_AdaptiveThresholdExp,registered,TC3 Vision Base,src/sln/lib/mobject-graph-vision-pack/Nodes/Image Segmentation/Node_F_VN_AdaptiveThresholdExp.TcPOU,Vision/Image Segmentation/F_VN_AdaptiveThresholdExp,ETcVnAdaptiveThresholdMethod; ETcVnThresholdType; ITcVnImage,,,,,,,ipSrcImage: ITcVnImage [In]; ipDestImage: Reference To ITcVnImage [In]; fMaxValue: LREAL [In]; eAdaptiveMethod: ETcVnAdaptiveThresholdMethod [In] = TCVN_ATM_MEAN; eThresholdType: ETcVnThresholdType [In] = TCVN_TT_BINARY; nBlockSize: UDINT [In] = 3; fConstant: LREAL [In] = 5; hrPrev: HRESULT [In]
F_VN_AddContainers,Node_F_VN_AddContainers,registered,TC3 Vision Base,src/sln/lib/mobject-graph-vision-pack/Nodes/Algebraic Container Ops/Node_F_VN_AddContainers.TcPOU,Vision/Algebraic Container Operations/F_VN_AddContainers,ITcVnContainer,,,,,,,ipSrcContainer1: ITcVnContainer [In]; ipSrcContainer2: ITcVnContainer [In]; ipDestContainer: Reference To ITcVnContainer [In]; hrPrev: HRESULT [In]
F_VN_AddImages,Node_F_VN_AddImages,registered,TC3 Vision Base,src/sln/lib/mobject-graph-vision-pack/Nodes/Algebraic Image Ops/Node_F_VN_AddImages.TcPOU,Vision/Algebraic Image Operations/F_VN_AddImages,ITcVnImage,,,,,,,ipSrcImage1: ITcVnImage [In]; ipSrcImage2: ITcVnImage [In]; ipDestImage: Reference To ITcVnImage [In]; hrPrev: HRESULT [In]
F_VN_AddImagesWeighted,Node_F_VN_AddImagesWeighted,registered,TC3 Vision Base,src/sln/lib/mobject-graph-vision-pack/Nodes/Algebraic Image Ops/Node_F_VN_AddImagesWeighted.TcPOU,Vision/Algebraic Image Operations/F_VN_AddImagesWeighted,ITcVnImage,,,,,,,ipSrcImage1: ITcVnImage [In]; ipSrcImage2: ITcVnImage [In]; ipDestImage: Reference To ITcVnImage [In]; fWeight1: LREAL [In]; fWeight2: LREAL [In]; fDelta: LREAL [In]; hrPrev: HRESULT [In]
F_VN_AddImagesWeightedExp,Node_F_VN_AddImagesWeightedExp,registered,TC3 Vision Base,src/sln/lib/mobject-graph-vision-pack/Nodes/Algebraic Image Ops/Node_F_VN_AddImagesWeightedExp.TcPOU,Vision/Algebraic Image Operations/F_VN_AddImagesWeightedExp,ETcVnElementType; ITcVnImage,,,,,,,ipSrcImage1: ITcVnImage [In]; ipSrcImage2: ITcVnImage [In]; ipDestImage: Reference To ITcVnImage [In]; fWeight1: LREAL [In]; fWeight2: LREAL [In]; fDelta: LREAL [In]; eDestType: ETcVnElementType [In] = TCVN_ET_SAME_AS_SOURCE; hrPrev: HRESULT [In]
F_VN_AddScalarToImage,Node_F_VN_AddScalarToImage,registered,TC3 Vision Base,src/sln/lib/mobject-graph-vision-pack/Nodes/Algebraic Image Ops/Node_F_VN_AddScalarToImage.TcPOU,Vision/Algebraic Image Operations/F_VN_AddScalarToImage,ITcVnImage,,,,,,,fScalar: LREAL [In]; ipSrcImage: ITcVnImage [In]; ipDestImage: Reference To ITcVnImage [In]; hrPrev: HRESULT [In]
F_VN_AddToContainerElements_DINT,Node_F_VN_AddToContainerElements_DINT,registered,TC3 Vision Base,src/sln/lib/mobject-graph-vision-pack/Nodes/Algebraic Container Ops/AddTo/Node_F_VN_AddToContainerElements_DINT.TcPOU,Vision/Algebraic Container Operations/F_VN_AddToContainerElements/F_VN_AddToContainerElements_DINT,ITcVnContainer,,,,,,,nValue: DINT [In]; ipContainer: ITcVnContainer [In]; hrPrev: HRESULT [In]
F_VN_AddToContainerElements_INT,Node_F_VN_AddToContainerElements_INT,registered,TC3 Vision Base,src/sln/lib/mobject-graph-vision-pack/Nodes/Algebraic Container Ops/AddTo/Node_F_VN_AddToContainerElements_INT.TcPOU,Vision/Algebraic Container Operations/F_VN_AddToContainerElements/F_VN_AddToContainerElements_INT,ITcVnContainer,,,,,,,nValue: INT [In]; ipContainer: ITcVnContainer [In]; hrPrev: HRESULT [In]
F_VN_AddToContainerElements_LREAL,Node_F_VN_AddToContainerElements_LREAL,registered,TC3 Vision Base,src/sln/lib/mobject-graph-vision-pack/Nodes/Algebraic Container Ops/AddTo/Node_F_VN_AddToContainerElements_LREAL.TcPOU,Vision/Algebraic Container Operations/F_VN_AddToContainerElements/F_VN_AddToContainerElements_LREAL,ITcVnContainer,,,,,,,fValue: LREAL [In]; ipContainer: ITcVnContainer [In]; hrPrev: HRESULT [In]
F_VN_AddToContainerElements_REAL,Node_F_VN_AddToContainerElements_REAL,registered,TC3 Vision Base,src/sln/lib/mobject-graph-vision-pack/Nodes/Algebraic Container Ops/AddTo/Node_F_VN_AddToContainerElements_REAL.TcPOU,Vision/Algebraic Container Operations/F_VN_AddToContainerElements/F_VN_AddToContainerElements_REAL,ITcVnContainer,,,,,,,fValue: REAL [In]; ipContainer: ITcVnContainer [In]; hrPrev: HRESULT [In]
F_VN_AddToContainerElements_SINT,Node_F_VN_AddToContainerElements_SINT,registered,TC3 Vision Base,src/sln/lib/mobject-graph-vision-pack/Nodes/Algebraic Container Ops/AddTo/Node_F_VN_AddToContainerElements_SINT.TcPOU,Vision/Algebraic Container Operations/F_VN_AddToContainerElements/F_VN_AddToContainerElements_SINT,ITcVnContainer,,,,,,,nValue: SINT [In]; ipContainer: ITcVnContainer [In]; hrPrev: HRESULT [In]
F_VN_AddToContainerElements_TcVnKeyPoint,Node_F_VN_AddToContainerElements_TcVnKeyPoint,registered,TC3 Vision Base,src/sln/lib/mobject-graph-vision-pack/Nodes/Algebraic Container Ops/AddTo/Node_F_VN_AddToContainerElements_TcVnKeyPoint.TcPOU,Vision/Algebraic Container Operations/F_VN_AddToContainerElements/F_VN_AddToContainerElements_TcVnKeyPoint,ITcVnContainer; TcVnKeyPoint,,,,,,,stValue: TcVnKeyPoint [InOut]; ipContainer: ITcVnContainer [In]; hrPrev: HRESULT [In]
F_VN_AddToContainerElements_TcVnPoint2_DINT,Node_F_VN_AddToContainerElements_TcVnPoint2_DINT,registered,TC3 Vision Base,src/sln/lib/mobject-graph-vision-pack/Nodes/Algebraic Container Ops/AddTo/Node_F_VN_AddToContainerElements_TcVnPoint2_DINT.TcPOU,Vision/Algebraic Container Operations/F_VN_AddToContainerElements/F_VN_AddToContainerElements_TcVnPoint2_DINT,ITcVnContainer; TcVnPoint2_DINT,,,,,,,aValue: TcVnPoint2_DINT [InOut]; ipContainer: ITcVnContainer [In]; hrPrev: HRESULT [In]
F_VN_AddToContainerElements_TcVnPoint2_LREAL,Node_F_VN_AddToContainerElements_TcVnPoint2_LREAL,registered,TC3 Vision Base,src/sln/lib/mobject-graph-vision-pack/Nodes/Algebraic Container Ops/AddTo/Node_F_VN_AddToContainerElements_TcVnPoint2_LREAL.TcPOU,Vision/Algebraic Container Operations/F_VN_AddToContainerElements/F_VN_AddToContainerElements_TcVnPoint2_LREAL,ITcVnContainer; TcVnPoint2_LREAL,,,,,,,aValue: TcVnPoint2_LREAL [InOut]; ipContainer: ITcVnContainer [In]; hrPrev: HRESULT [In]
F_VN_AddToContainerElements_TcVnPoint2_REAL,Node_F_VN_AddToContainerElements_TcVnPoint2_REAL,registered,TC3 Vision Base,src/sln/lib/mobject-graph-vision-pack/Nodes/Algebraic Container Ops/AddTo/Node_F_VN_AddToContainerElements_TcVnPoint2_REAL.TcPOU,Vision/Algebraic Container Operations/F_VN_AddToContainerElements/F_VN_AddToContainerElements_TcVnPoint2_REAL,ITcVnContainer; TcVnPoint2_REAL,,,,,,,aValue: TcVnPoint2_REAL [InOut]; ipContainer: ITcVnContainer [In]; hrPrev: HRESULT [In]
F_VN_AddToContainerElements_TcVnPoint3_LREAL,Node_F_VN_AddToContainerElements_TcVnPoint3_LREAL,registered,TC3 Vision Base,src/sln/lib/mobject-graph-vision-pack/Nodes/Algebraic Container Ops/AddTo/Node_F_VN_AddToContainerElements_TcVnPoint3_LREAL.TcPOU,Vision/Algebraic Container Operations/F_VN_AddToContainerElements/F_VN_AddToContainerElements_TcVnPoint3_LREAL,ITcVnContainer; TcVnPoint3_LREAL,,,,,,,aValue: TcVnPoint3_LREAL [InOut]; ipContainer: ITcVnContainer [In]; hrPrev: HRESULT [In]
F_VN_AddToContainerElements_TcVnPoint3_REAL,Node_F_VN_AddToContainerElements_TcVnPoint3_REAL,registered,TC3 Vision Base,src/sln/lib/mobject-graph-vision-pack/Nodes/Algebraic Container Ops/AddTo/Node_F_VN_AddToContainerElements_TcVnPoint3_REAL.TcPOU,Vision/Algebraic Container Operations/F_VN_AddToContainerElements/F_VN_AddToContainerElements_TcVnPoint3_REAL,ITcVnContainer; TcVnPoint3_REAL,,,,,,,aValue: TcVnPoint3_REAL [InOut]; ipContainer: ITcVnContainer [In]; hrPrev: HRESULT [In]
F_VN_AddToContainerElements_TcVnRectangle_DINT,Node_F_VN_AddToContainerElements_TcVnRectangle_DINT,registered,TC3 Vision Base,src/sln/lib/mobject-graph-vision-pack/Nodes/Algebraic Container Ops/AddTo/Node_F_VN_AddToContainerElements_TcVnRectangle_DINT.TcPOU,Vision/Algebraic Container Operations/F_VN_AddToContainerElements/F_VN_AddToContainerElements_TcVnRectangle_DINT,ITcVnContainer; TcVnRectangle_DINT,,,,,,,stValue: TcVnRectangle_DINT [InOut]; ipContainer: ITcVnContainer [In]; hrPrev: HRESULT [In]
F_VN_AddToContainerElements_TcVnRotatedRectangle,Node_F_VN_AddToContainerElements_TcVnRotatedRectangle,registered,TC3 Vision Base,src/sln/lib/mobject-graph-vision-pack/Nodes/Algebraic Container Ops/AddTo/Node_F_VN_AddToContainerElements_TcVnRotatedRectangle.TcPOU,Vision/Algebraic Container Operations/F_VN_AddToContainerElements/F_VN_AddToContainerElements_TcVnRotatedRectangle,ITcVnContainer; TcVnRotatedRectangle,,,,,,,stValue: TcVnRotatedRectangle [InOut]; ipContainer: ITcVnContainer [In]; hrPrev: HRESULT [In]
F_VN_AddToContainerElements_TcVnVector2_DINT,Node_F_VN_AddToContainerElements_TcVnVector2_DINT,registered,TC3 Vision Base,src/sln/lib/mobject-graph-vision-pack/Nodes/Algebraic Container Ops/AddTo/Node_F_VN_AddToContainerElements_TcVnVector2_DINT.TcPOU,Vision/Algebraic Container Operations/F_VN_AddToContainerElements/F_VN_AddToContainerElements_TcVnVector2_DINT,ITcVnContainer; TcVnVector2_DINT,,,,,,,aValue: TcVnVector2_DINT [InOut]; ipContainer: ITcVnContainer [In]; hrPrev: HRESULT [In]
F_VN_AddToContainerElements_TcVnVector2_INT,Node_F_VN_AddToContainerElements_TcVnVector2_INT,registered,TC3 Vision Base,src/sln/lib/mobject-graph-vision-pack/Nodes/Algebraic Container Ops/AddTo/Node_F_VN_AddToContainerElements_TcVnVector2_INT.TcPOU,Vision/Algebraic Container Operations/F_VN_AddToContainerElements/F_VN_AddToContainerElements_TcVnVector2_INT,ITcVnContainer; TcVnVector2_INT,,,,,,,aValue: TcVnVector2_INT [InOut]; ipContainer: ITcVnContainer [In]; hrPrev: HRESULT [In]
F_VN_AddToContainerElements_TcVnVector2_REAL,Node_F_VN_AddToContainerElements_TcVnVector2_REAL,registered,TC3 Vision Base,src/sln/lib/mobject-graph-vision-pack/Nodes/Algebraic Container Ops/AddTo/Node_F_VN_AddToContainerElements_TcVnVector2_REAL.TcPOU,Vision/Algebraic Container Operations/F_VN_AddToContainerElements/F_VN_AddToContainerElements_TcVnVector2_REAL,ITcVnContainer; TcVnVector2_REAL,,,,,,,aValue: TcVnVector2_REAL [InOut]; ipContainer: ITcVnContainer [In]; hrPrev: HRESULT [In]
F_VN_AddToContainerElements_TcVnVector2_SINT,Node_F_VN_AddToContainerElements_TcVnVector2_SINT,registered,TC3 Vision Base,src/sln/lib/mobject-graph-vision-pack/Nodes/Algebraic Container Ops/AddTo/Node_F_VN_AddToContainerElements_TcVnVector2_SINT.TcPOU,Vision/Algebraic Container Operations/F_VN_AddToContainerElements/F_VN_AddToContainerElements_TcVnVector2_SINT,ITcVnContainer; TcVnVector2_SINT,,,,,,,aValue: TcVnVector2_SINT [InOut]; ipContainer: ITcVnContainer [In]; hrPrev: HRESULT [In]
F_VN_AddToContainerElements_TcVnVector2_UINT,Node_F_VN_AddToContainerElements_TcVnVector2_UINT,registered,TC3 Vision Base,src/sln/lib/mobject-graph-vision-pack/Nodes/Algebraic Container Ops/AddTo/Node_F_VN_AddToContainerElements_TcVnVector2_UINT.TcPOU,Vision/Algebraic Container Operations/F_VN_AddToContainerElements/F_VN_AddToContainerElements_TcVnVector2_UINT,ITcVnContainer; TcVnVector2_UINT,,,,,,,aValue: TcVnVector2_UINT [InOut]; ipContainer: ITcVnContainer [In]; hrPrev: HRESULT [In]
F_VN_AddToContainerElements_TcVnVector2_USINT,Node_F_VN_AddToContainerElements_TcVnVector2_USINT,registered,TC3 Vision Base,src/sln/lib/mobject-graph-vision-pack/Nodes/Algebraic Container Ops/AddTo/Node_F_VN_AddToContainerElements_TcVnVector2_USINT.TcPOU,Vision/Algebraic Container Operations/F_VN_AddToContainerElements/F_VN_AddToContainerElements_TcVnVector2_USINT,ITcVnContainer; TcVnVector2_USINT,,,,,,,aValue: TcVnVector2_USINT [InOut]; ipContainer: ITcVnContainer [In]; hrPrev: HRESULT [In]
F_VN_AddToContainerElements_TcVnVector3_INT,Node_F_VN_AddToContainerElements_TcVnVector3_INT,registered,TC3 Vision Base,src/sln/lib/mobject-graph-vision-pack/Nodes/Algebraic Container Ops/AddTo/Node_F_VN_AddToContainerElements_TcVnVector3_INT.TcPOU,Vision/Algebraic Container Operations/F_VN_AddToContainerElements/F_VN_AddToContainerElements_TcVnVector3_INT,ITcVnContainer; TcVnVector3_INT,,,,,,,aValue: TcVnVector3_INT [InOut]; ipContainer: ITcVnContainer [In]; hrPrev: HRESULT [In]
F_VN_AddToContainerElements_TcVnVector3_REAL,Node_F_VN_AddToContainerElements_TcVnVector3_REAL,registered,TC3 Vision Base,src/sln/lib/mobject-graph-vision-pack/Nodes/Algebraic Container Ops/AddTo/Node_F_VN_AddToContainerElements_TcVnVector3_REAL.TcPOU,Vision/Algebraic Container Operations/F_VN_AddToContainerElements/F_VN_AddToContainerElements_TcVnVector3_REAL,ITcVnContainer; TcVnVector3_REAL,,,,,,,aValue: TcVnVector3_REAL [InOut]; ipContainer: ITcVnContainer [In]; hrPrev: HRESULT [In]
F_VN_AddToContainerElements_TcVnVector3_SINT,Node_F_VN_AddToContainerElements_TcVnVector3_SINT,registered,TC3 Vision Base,src/sln/lib/mobject-graph-vision-pack/Nodes/Algebraic Container Ops/AddTo/Node_F_VN_AddToContainerElements_TcVnVector3_SINT.TcPOU,Vision/Algebraic Container Operations/F_VN_AddToContainerElements/F_VN_AddToContainerElements_TcVnVector3_SINT,ITcVnContainer; TcVnVector3_SINT,,,,,,,aValue: TcVnVector3_SINT [InOut]; ipContainer: ITcVnContainer [In]; hrPrev: HRESULT [In]
F_VN_AddToContainerElements_TcVnVector3_UINT,Node_F_VN_AddToContainerElements_TcVnVector3_UINT,registered,TC3 Vision Base,src/sln/lib/mobject-graph-vision-pack/Nodes/Algebraic Container Ops/AddTo/Node_F_VN_AddToContainerElements_TcVnVector3_UINT.TcPOU,Vision/Algebraic Container Operations/F_VN_AddToContainerElements/F_VN_AddToContainerElements_TcVnVector3_UINT,ITcVnContainer; TcVnVector3_UINT,,,,,,,aValue: TcVnVector3_UINT [InOut]; ipContainer: ITcVnContainer [In]; hrPrev: HRESULT [In]
F_VN_AddToContainerElements_TcVnVector3_USINT,Node_F_VN_AddToContainerElements_TcVnVector3_USINT,registered,TC3 Vision Base,src/sln/lib/mobject-graph-vision-pack/Nodes/Algebraic Container Ops/AddTo/Node_F_VN_AddToContainerElements_TcVnVector3_USINT.TcPOU,Vision/Algebraic Container Operations/F_VN_AddToContainerElements/F_VN_AddToContainerElements_TcVnVector3_USINT,ITcVnContainer; TcVnVector3_USINT,,,,,,,aValue: TcVnVector3_USINT [InOut]; ipContainer: ITcVnContainer [In]; hrPrev: HRESULT [In]
F_VN_AddToContainerElements_TcVnVector4_DINT,Node_F_VN_AddToContainerElements_TcVnVector4_DINT,registered,TC3 Vision Base,src/sln/lib/mobject-graph-vision-pack/Nodes/Algebraic Container Ops/AddTo/Node_F_VN_AddToContainerElements_TcVnVector4_DINT.TcPOU,Vision/Algebraic Container Operations/F_VN_AddToContainerElements/F_VN_AddToContainerElements_TcVnVector4_DINT,ITcVnContainer; TcVnVector4_DINT,,,,,,,aValue: TcVnVector4_DINT [InOut]; ipContainer: ITcVnContainer [In]; hrPrev: HRESULT [In]
F_VN_AddToContainerElements_TcVnVector4_INT,Node_F_VN_AddToContainerElements_TcVnVector4_INT,registered,TC3 Vision Base,src/sln/lib/mobject-graph-vision-pack/Nodes/Algebraic Container Ops/AddTo/Node_F_VN_AddToContainerElements_TcVnVector4_INT.TcPOU,Vision/Algebraic Container Operations/F_VN_AddToContainerElements/F_VN_AddToContainerElements_TcVnVector4_INT,ITcVnContainer; TcVnVector4_INT,,,,,,,aValue: TcVnVector4_INT [InOut]; ipContainer: ITcVnContainer [In]; hrPrev: HRESULT [In]
F_VN_AddToContainerElements_TcVnVector4_LREAL,Node_F_VN_AddToContainerElements_TcVnVector4_LREAL,registered,TC3 Vision Base,src/sln/lib/mobject-graph-vision-pack/Nodes/Algebraic Container Ops/AddTo/Node_F_VN_AddToContainerElements_TcVnVector4_LREAL.TcPOU,Vision/Algebraic Container Operations/F_VN_AddToContainerElements/F_VN_AddToContainerElements_TcVnVector4_LREAL,ITcVnContainer; TcVnVector4_LREAL,,,,,,,aValue: TcVnVector4_LREAL [InOut]; ipContainer: ITcVnContainer [In]; hrPrev: HRESULT [In]
F_VN_AddToContainerElements_TcVnVector4_REAL,Node_F_VN_AddToContainerElements_TcVnVector4_REAL,registered,TC3 Vision Base,src/sln/lib/mobject-graph-vision-pack/Nodes/Algebraic Container Ops/AddTo/Node_F_VN_AddToContainerElements_TcVnVector4_REAL.TcPOU,Vision/Algebraic Container Operations/F_VN_AddToContainerElements/F_VN_AddToContainerElements_TcVnVector4_REAL,ITcVnContainer; TcVnVector4_REAL,,,,,,,aValue: TcVnVector4_REAL [InOut]; ipContainer: ITcVnContainer [In]; hrPrev: HRESULT [In]
F_VN_AddToContainerElements_TcVnVector4_SINT,Node_F_VN_AddToContainerElements_TcVnVector4_SINT,registered,TC3 Vision Base,src/sln/lib/mobject-graph-vision-pack/Nodes/Algebraic Container Ops/AddTo/Node_F_VN_AddToContainerElements_TcVnVector4_SINT.TcPOU,Vision/Algebraic Container Operations/F_VN_AddToContainerElements/F_VN_AddToContainerElements_TcVnVector4_SINT,ITcVnContainer; TcVnVector4_SINT,,,,,,,aValue: TcVnVector4_SINT [InOut]; ipContainer: ITcVnContainer [In]; hrPrev: HRESULT [In]
F_VN_AddToContainerElements_TcVnVector4_UINT,Node_F_VN_AddToContainerElements_TcVnVector4_UINT,registered,TC3 Vision Base,src/sln/lib/mobject-graph-vision-pack/Nodes/Algebraic Container Ops/AddTo/Node_F_VN_AddToContainerElements_TcVnVector4_UINT.TcPOU,Vision/Algebraic Container Operations/F_VN_AddToContainerElements/F_VN_AddToContainerElements_TcVnVector4_UINT,ITcVnContainer; TcVnVector4_UINT,,,,,,,aValue: TcVnVector4_UINT [InOut]; ipContainer: ITcVnContainer [In]; hrPrev: HRESULT [In]
F_VN_AddToContainerElements_TcVnVector4_USINT,Node_F_VN_AddToContainerElements_TcVnVector4_USINT,registered,TC3 Vision Base,src/sln/lib/mobject-graph-vision-pack/Nodes/Algebraic Container Ops/AddTo/Node_F_VN_AddToContainerElements_TcVnVector4_USINT.TcPOU,Vision/Algebraic Container Operations/F_VN_AddToContainerElements/F_VN_AddToContainerElements_TcVnVector4_USINT,ITcVnContainer; TcVnVector4_USINT,,,,,,,aValue: TcVnVector4_USINT [InOut]; ipContainer: ITcVnContainer [In]; hrPrev: HRESULT [In]
F_VN_AddToContainerElements_UDINT,Node_F_VN_AddToContainerElements_UDINT,registered,TC3 Vision Base,src/sln/lib/mobject-graph-vision-pack/Nodes/Algebraic Container Ops/AddTo/Node_F_VN_AddToContainerElements_UDINT.TcPOU,Vision/Algebraic Container Operations/F_VN_AddToContainerElements/F_VN_AddToContainerElements_UDINT,ITcVnContainer,,,,,,,nValue: UDINT [In]; ipContainer: ITcVnContainer [In]; hrPrev: HRESULT [In]
F_VN_AddToContainerElements_UINT,Node_F_VN_AddToContainerElements_UINT,registered,TC3 Vision Base,src/sln/lib/mobject-graph-vision-pack/Nodes/Algebraic Container Ops/AddTo/Node_F_VN_AddToContainerElements_UINT.TcPOU,Vision/Algebraic Container Operations/F_VN_AddToContainerElements/F_VN_AddToContainerElements_UINT,ITcVnContainer,,,,,,,nValue: UINT [In]; ipContainer: ITcVnContainer [In]; hrPrev: HRESULT [In]
F_VN_AddToContainerElements_ULINT,Node_F_VN_AddToContainerElements_ULINT,registered,TC3 Vision Base,src/sln/lib/mobject-graph-vision-pack/Nodes/Algebraic Container Ops/AddTo/Node_F_VN_AddToContainerElements_ULINT.TcPOU,Vision/Algebraic Container Operations/F_VN_AddToContainerElements/F_VN_AddToContainerElements_ULINT,ITcVnContainer,,,,,,,nValue: ULINT [In]; ipContainer: ITcVnContainer [In]; hrPrev: HRESULT [In]
F_VN_AddToContainerElements_USINT,Node_F_VN_AddToContainerElements_USINT,registered,TC3 Vision Base,src/sln/lib/mobject-graph-vision-pack/Nodes/Algebraic Container Ops/AddTo/Node_F_VN_AddToContainerElements_USINT.TcPOU,Vision/Algebraic Container Operations/F_VN_AddToContainerElements/F_VN_AddToContainerElements_USINT,ITcVnContainer,,,,,,,nValue: USINT [In]; ipContainer: ITcVnContainer [In]; hrPrev: HRESULT [In]
F_VN_AddVectorToImage,Node_F_VN_AddVectorToImage,registered,TC3 Vision Base,src/sln/lib/mobject-graph-vision-pack/Nodes/Algebraic Image Ops/Node_F_VN_AddVectorToImage.TcPOU,Vision/Algebraic Image Operations/F_VN_AddVectorToImage,ITcVnImage; TcVnVector4_LREAL,,,,,,,aVector: TcVnVector4_LREAL [InOut]; ipSrcImage: ITcVnImage [In]; ipDestImage: Reference To ITcVnImage [In]; hrPrev: HRESULT [In]
F_VN_AdjustActiveContour,Node_F_VN_AdjustActiveContour,missing,TC3 Vision Base,,,ITcVnContainer; ITcVnImage,,,,,,,ipImage: ITcVnImage [In]; ipActiveContour: ITcVnContainer [In]; fAlpha: REAL [In]; fBeta: REAL [In]; fGamma: REAL [In]; nWindowWidth: UDINT [In]; nWindowHeight: UDINT [In]; nMaxIterations: UDINT [In]; bUseGradient: BOOL [In]; hrPrev: HRESULT [In]
F_VN_AdjustSearchWindowOrientationToLinearEdge,Node_F_VN_AdjustSearchWindowOrientationToLinearEdge,registered,TC3 Vision Metrology 2D,src/sln/lib/mobject-graph-vision-pack/Nodes/Measurement/Node_F_VN_AdjustSearchWindowOrientationToLinearEdge.TcPOU,Vision/Measurement/F_VN_AdjustSearchWindowOrientationToLinearEdge,ETcVnEdgeDirection; ITcVnImage; TcVnPoint2_REAL,,,,,,,ipSrcImage: ITcVnImage [In]; aStartPoint: TcVnPoint2_REAL [InOut]; aEndPoint: TcVnPoint2_REAL [InOut]; eEdgeDirection: ETcVnEdgeDirection [In]; fMinStrength: REAL [In]; nMaxThickness: UDINT [In]; nSearchLines: UDINT [In]; hrPrev: HRESULT [In]
F_VN_AdvanceIterator,Node_F_VN_AdvanceIterator,missing,TC3 Vision Base,,,ITcVnForwardIterator,ITcVnForwardIterator,,,,,,ipIterator: ITcVnForwardIterator [In]; nOffset: LINT [In]; hrPrev: HRESULT [In]
F_VN_AlignRotatedImageRegion,Node_F_VN_AlignRotatedImageRegion,registered,TC3 Vision Base,src/sln/lib/mobject-graph-vision-pack/Nodes/Geometric and Coord Transform/Node_F_VN_AlignRotatedImageRegion.TcPOU,Vision/Geometric and Coordinate Transformations/F_VN_AlignRotatedImageRegion,ITcVnImage; TcVnRotatedRectangle,,,,,,,ipSrcImage: ITcVnImage [In]; ipDestImage: Reference To ITcVnImage [In]; stRegion: TcVnRotatedRectangle [InOut]; hrPrev: HRESULT [In]
F_VN_AlignRotatedImageRegionExp,Node_F_VN_AlignRotatedImageRegionExp,registered,TC3 Vision Base,src/sln/lib/mobject-graph-vision-pack/Nodes/Geometric and Coord Transform/Node_F_VN_AlignRotatedImageRegionExp.TcPOU,Vision/Geometric and Coordinate Transformations/F_VN_AlignRotatedImageRegionExp,ETcVnBorderInterpolationMethod; ETcVnInterpolationType; ITcVnImage; TcVnRotatedRectangle; TcVnVector4_LREAL,,,,,,,"ipSrcImage: ITcVnImage [In]; ipDestImage: Reference To ITcVnImage [In]; stRegion: TcVnRotatedRectangle [InOut]; eInterpolationType: ETcVnInterpolationType [In] = TCVN_IT_BILINEAR; eBorderInterpolation: ETcVnBorderInterpolationMethod [In] = TCVN_BIM_CONSTANT; aBorderValue: TcVnVector4_LREAL [InOut] = {0, 0, 0, 0}; hrPrev: HRESULT [In]"
F_VN_AnalyzeBarcodeWalsh,Node_F_VN_AnalyzeBarcodeWalsh,missing,TC3 Vision Code Reading,,,ITcVnImage; TcVnParamsWalshBarcodeDetection,,,,,,,ipBarcodeImage: ITcVnImage [In]; stParams: TcVnParamsWalshBarcodeDetection [InOut]; hrPrev: HRESULT [In]
F_VN_AngleAndDegreeOfLinearPolarization,Node_F_VN_AngleAndDegreeOfLinearPolarization,registered,TC3 Vision Base,src/sln/lib/mobject-graph-vision-pack/Nodes/Polarization/Node_F_VN_AngleAndDegreeOfLinearPolarization.TcPOU,Vision/Polarization/F_VN_AngleAndDegreeOfLinearPolarization,ETcVnElementType; ITcVnImage,,,,,,,ip0Deg: ITcVnImage [In]; ip45Deg: ITcVnImage [In]; ip90Deg: ITcVnImage [In]; ip135Deg: ITcVnImage [In]; ipAoLP: Reference To ITcVnImage [In]; ipDoLP: Reference To ITcVnImage [In]; eDestType: ETcVnElementType [In]; hrPrev: HRESULT [In]
F_VN_AppendToContainer_DINT,Node_F_VN_AppendToContainer_DINT,registered,TC3 Vision Base,src/sln/lib/mobject-graph-vision-pack/Nodes/Basic Container Ops/AppendToContainer/Node_F_VN_AppendToContainer_DINT.TcPOU,Vision/Basic Container Operations/F_VN_AppendToContainer/F_VN_AppendToContainer_DINT,ITcVnContainer,,,,,,,nElement: DINT [In]; ipContainer: ITcVnContainer [In]; hrPrev: HRESULT [In]
F_VN_AppendToContainer_INT,Node_F_VN_AppendToContainer_INT,registered,TC3 Vision Base,src/sln/lib/mobject-graph-vision-pack/Nodes/Basic Container Ops/AppendToContainer/Node_F_VN_AppendToContainer_INT.TcPOU,Vision/Basic Container Operations/F_VN_AppendToContainer/F_VN_AppendToContainer_INT,ITcVnContainer,,,,,,,nElement: INT [In]; ipContainer: ITcVnContainer [In]; hrPrev: HRESULT [In]
F_VN_AppendToContainer_ITcVnContainer,Node_F_VN_AppendToContainer_ITcVnContainer,registered,TC3 Vision Base,src/sln/lib/mobject-graph-vision-pack/Nodes/Basic Container Ops/AppendToContainer/Node_F_VN_AppendToContainer_ITcVnContainer.TcPOU,Vision/Basic Container Operations/F_VN_AppendToContainer/F_VN_AppendToContainer_ITcVnContainer,ITcVnContainer,,,,,,,ipElement: ITcVnContainer [In]; ipContainer: ITcVnContainer [In]; hrPrev: HRESULT [In]
F_VN_AppendToContainer_ITcVnForwardIterator,Node_F_VN_AppendToContainer_ITcVnForwardIterator,missing,TC3 Vision Base,,,ITcVnContainer; ITcVnForwardIterator,ITcVnForwardIterator,,,,,,ipElement: ITcVnForwardIterator [In]; ipContainer: ITcVnContainer [In]; hrPrev: HRESULT [In]
F_VN_AppendToContainer_ITcVnImage,Node_F_VN_AppendToContainer_ITcVnImage,registered,TC3 Vision Base,src/sln/lib/mobject-graph-vision-pack/Nodes/Basic Container Ops/AppendToContainer/Node_F_VN_AppendToContainer_ITcVnImage.TcPOU,Vision/Basic Container Operations/F_VN_AppendToContainer/F_VN_AppendToContainer_ITcVnImage,ITcVnContainer; ITcVnImage,,,,,,,ipElement: ITcVnImage [In]; ipContainer: ITcVnContainer [In]; hrPrev: HRESULT [In]
F_VN_AppendToContainer_LREAL,Node_F_VN_AppendToContainer_LREAL,registered,TC3 Vision Base,src/sln/lib/mobject-graph-vision-pack/Nodes/Basic Container Ops/AppendToContainer/Node_F_VN_AppendToContainer_LREAL.TcPOU,Vision/Basic Container Operations/F_VN_AppendToContainer/F_VN_AppendToContainer_LREAL,ITcVnContainer,,,,,,,fElement: LREAL [In]; ipContainer: ITcVnContainer [In]; hrPrev: HRESULT [In]
F_VN_AppendToContainer_REAL,Node_F_VN_AppendToContainer_REAL,registered,TC3 Vision Base,src/sln/lib/mobject-graph-vision-pack/Nodes/Basic Container Ops/AppendToContainer/Node_F_VN_AppendToContainer_REAL.TcPOU,Vision/Basic Container Operations/F_VN_AppendToContainer/F_VN_AppendToContainer_REAL,ITcVnContainer,,,,,,,fElement: REAL [In]; ipContainer: ITcVnContainer [In]; hrPrev: HRESULT [In]
F_VN_AppendToContainer_SINT,Node_F_VN_AppendToContainer_SINT,registered,TC3 Vision Base,src/sln/lib/mobject-graph-vision-pack/Nodes/Basic Container Ops/AppendToContainer/Node_F_VN_AppendToContainer_SINT.TcPOU,Vision/Basic Container Operations/F_VN_AppendToContainer/F_VN_AppendToContainer_SINT,ITcVnContainer,,,,,,,nElement: SINT [In]; ipContainer: ITcVnContainer [In]; hrPrev: HRESULT [In]
F_VN_AppendToContainer_TcVnDMatch,Node_F_VN_AppendToContainer_TcVnDMatch,registered,TC3 Vision Base,src/sln/lib/mobject-graph-vision-pack/Nodes/Basic Container Ops/AppendToContainer/Node_F_VN_AppendToContainer_TcVnDMatch.TcPOU,Vision/Basic Container Operations/F_VN_AppendToContainer/F_VN_AppendToContainer_TcVnDMatch,ITcVnContainer; TcVnDMatch,,,,,,,stElement: TcVnDMatch [InOut]; ipContainer: ITcVnContainer [In]; hrPrev: HRESULT [In]
F_VN_AppendToContainer_TcVnKeyPoint,Node_F_VN_AppendToContainer_TcVnKeyPoint,registered,TC3 Vision Base,src/sln/lib/mobject-graph-vision-pack/Nodes/Basic Container Ops/AppendToContainer/Node_F_VN_AppendToContainer_TcVnKeyPoint.TcPOU,Vision/Basic Container Operations/F_VN_AppendToContainer/F_VN_AppendToContainer_TcVnKeyPoint,ITcVnContainer; TcVnKeyPoint,,,,,,,stElement: TcVnKeyPoint [InOut]; ipContainer: ITcVnContainer [In]; hrPrev: HRESULT [In]
F_VN_AppendToContainer_TcVnPoint2_DINT,Node_F_VN_AppendToContainer_TcVnPoint2_DINT,registered,TC3 Vision Base,src/sln/lib/mobject-graph-vision-pack/Nodes/Basic Container Ops/AppendToContainer/Node_F_VN_AppendToContainer_TcVnPoint2_DINT.TcPOU,Vision/Basic Container Operations/F_VN_AppendToContainer/F_VN_AppendToContainer_TcVnPoint2_DINT,ITcVnContainer; TcVnPoint2_DINT,,,,,,,aElement: TcVnPoint2_DINT [InOut]; ipContainer: ITcVnContainer [In]; hrPrev: HRESULT [In]
F_VN_AppendToContainer_TcVnPoint2_LREAL,Node_F_VN_AppendToContainer_TcVnPoint2_LREAL,registered,TC3 Vision Base,src/sln/lib/mobject-graph-vision-pack/Nodes/Basic Container Ops/AppendToContainer/Node_F_VN_AppendToContainer_TcVnPoint2_LREAL.TcPOU,Vision/Basic Container Operations/F_VN_AppendToContainer/F_VN_AppendToContainer_TcVnPoint2_LREAL,ITcVnContainer; TcVnPoint2_LREAL,,,,,,,aElement: TcVnPoint2_LREAL [InOut]; ipContainer: ITcVnContainer [In]; hrPrev: HRESULT [In]
F_VN_AppendToContainer_TcVnPoint2_REAL,Node_F_VN_AppendToContainer_TcVnPoint2_REAL,registered,TC3 Vision Base,src/sln/lib/mobject-graph-vision-pack/Nodes/Basic Container Ops/AppendToContainer/Node_F_VN_AppendToContainer_TcVnPoint2_REAL.TcPOU,Vision/Basic Container Operations/F_VN_AppendToContainer/F_VN_AppendToContainer_TcVnPoint2_REAL,ITcVnContainer; TcVnPoint2_REAL,,,,,,,aElement: TcVnPoint2_REAL [InOut]; ipContainer: ITcVnContainer [In]; hrPrev: HRESULT [In]
F_VN_AppendToContainer_TcVnPoint3_LREAL,Node_F_VN_AppendToContainer_TcVnPoint3_LREAL,registered,TC3 Vision Base,src/sln/lib/mobject-graph-vision-pack/Nodes/Basic Container Ops/AppendToContainer/Node_F_VN_AppendToContainer_TcVnPoint3_LREAL.TcPOU,Vision/Basic Container Operations/F_VN_AppendToContainer/F_VN_AppendToContainer_TcVnPoint3_LREAL,ITcVnContainer; TcVnPoint3_LREAL,,,,,,,aElement: TcVnPoint3_LREAL [InOut]; ipContainer: ITcVnContainer [In]; hrPrev: HRESULT [In]
F_VN_AppendToContainer_TcVnPoint3_REAL,Node_F_VN_AppendToContainer_TcVnPoint3_REAL,registered,TC3 Vision Base,src/sln/lib/mobject-graph-vision-pack/Nodes/Basic Container Ops/AppendToContainer/Node_F_VN_AppendToContainer_TcVnPoint3_REAL.TcPOU,Vision/Basic Container Operations/F_VN_AppendToContainer/F_VN_AppendToContainer_TcVnPoint3_REAL,ITcVnContainer; TcVnPoint3_REAL,,,,,,,aElement: TcVnPoint3_REAL [InOut]; ipContainer: ITcVnContainer [In]; hrPrev: HRESULT [In]
F_VN_AppendToContainer_TcVnRectangle_DINT,Node_F_VN_AppendToContainer_TcVnRectangle_DINT,registered,TC3 Vision Base,src/sln/lib/mobject-graph-vision-pack/Nodes/Basic Container Ops/AppendToContainer/Node_F_VN_AppendToContainer_TcVnRectangle_DINT.TcPOU,Vision/Basic Container Operations/F_VN_AppendToContainer/F_VN_AppendToContainer_TcVnRectangle_DINT,ITcVnContainer; TcVnRectangle_DINT,,,,,,,stElement: TcVnRectangle_DINT [InOut]; ipContainer: ITcVnContainer [In]; hrPrev: HRESULT [In]
F_VN_AppendToContainer_TcVnRotatedRectangle,Node_F_VN_AppendToContainer_TcVnRotatedRectangle,registered,TC3 Vision Base,src/sln/lib/mobject-graph-vision-pack/Nodes/Basic Container Ops/AppendToContainer/Node_F_VN_AppendToContainer_TcVnRotatedRectangle.TcPOU,Vision/Basic Container Operations/F_VN_AppendToContainer/F_VN_AppendToContainer_TcVnRotatedRectangle,ITcVnContainer; TcVnRotatedRectangle,,,,,,,stElement: TcVnRotatedRectangle [InOut]; ipContainer: ITcVnContainer [In]; hrPrev: HRESULT [In]
F_VN_AppendToContainer_TcVnVector2_DINT,Node_F_VN_AppendToContainer_TcVnVector2_DINT,registered,TC3 Vision Base,src/sln/lib/mobject-graph-vision-pack/Nodes/Basic Container Ops/AppendToContainer/Node_F_VN_AppendToContainer_TcVnVector2_DINT.TcPOU,Vision/Basic Container Operations/F_VN_AppendToContainer/F_VN_AppendToContainer_TcVnVector2_DINT,ITcVnContainer; TcVnVector2_DINT,,,,,,,aElement: TcVnVector2_DINT [InOut]; ipContainer: ITcVnContainer [In]; hrPrev: HRESULT [In]
F_VN_AppendToContainer_TcVnVector2_INT,Node_F_VN_AppendToContainer_TcVnVector2_INT,registered,TC3 Vision Base,src/sln/lib/mobject-graph-vision-pack/Nodes/Basic Container Ops/AppendToContainer/Node_F_VN_AppendToContainer_TcVnVector2_INT.TcPOU,Vision/Basic Container Operations/F_VN_AppendToContainer/F_VN_AppendToContainer_TcVnVector2_INT,ITcVnContainer; TcVnVector2_INT,,,,,,,aElement: TcVnVector2_INT [InOut]; ipContainer: ITcVnContainer [In]; hrPrev: HRESULT [In]
F_VN_AppendToContainer_TcVnVector2_REAL,Node_F_VN_AppendToContainer_TcVnVector2_REAL,registered,TC3 Vision Base,src/sln/lib/mobject-graph-vision-pack/Nodes/Basic Container Ops/AppendToContainer/Node_F_VN_AppendToContainer_TcVnVector2_REAL.TcPOU,Vision/Basic Container Operations/F_VN_AppendToContainer/F_VN_AppendToContainer_TcVnVector2_REAL,ITcVnContainer; TcVnVector2_REAL,,,,,,,aElement: TcVnVector2_REAL [InOut]; ipContainer: ITcVnContainer [In]; hrPrev: HRESULT [In]
F_VN_AppendToContainer_TcVnVector2_SINT,Node_F_VN_AppendToContainer_TcVnVector2_SINT,registered,TC3 Vision Base,src/sln/lib/mobject-graph-vision-pack/Nodes/Basic Container Ops/AppendToContainer/Node_F_VN_AppendToContainer_TcVnVector2_SINT.TcPOU,Vision/Basic Container Operations/F_VN_AppendToContainer/F_VN_AppendToContainer_TcVnVector2_SINT,ITcVnContainer; TcVnVector2_SINT,,,,,,,aElement: TcVnVector2_SINT [InOut]; ipContainer: ITcVnContainer [In]; hrPrev: HRESULT [In]
F_VN_AppendToContainer_TcVnVector2_UINT,Node_F_VN_AppendToContainer_TcVnVector2_UINT,registered,TC3 Vision Base,src/sln/lib/mobject-graph-vision-pack/Nodes/Basic Container Ops/AppendToContainer/Node_F_VN_AppendToContainer_TcVnVector2_UINT.TcPOU,Vision/Basic Container Operations/F_VN_AppendToContainer/F_VN_AppendToContainer_TcVnVector2_UINT,ITcVnContainer; TcVnVector2_UINT,,,,,,,aElement: TcVnVector2_UINT [InOut]; ipContainer: ITcVnContainer [In]; hrPrev: HRESULT [In]
F_VN_AppendToContainer_TcVnVector2_USINT,Node_F_VN_AppendToContainer_TcVnVector2_USINT,registered,TC3 Vision Base,src/sln/lib/mobject-graph-vision-pack/Nodes/Basic Container Ops/AppendToContainer/Node_F_VN_AppendToContainer_TcVnVector2_USINT.TcPOU,Vision/Basic Container Operations/F_VN_AppendToContainer/F_VN_AppendToContainer_TcVnVector2_USINT,ITcVnContainer; TcVnVector2_USINT,,,,,,,aElement: TcVnVector2_USINT [InOut]; ipContainer: ITcVnContainer [In]; hrPrev: HRESULT [In]
F_VN_AppendToContainer_TcVnVector3_INT,Node_F_VN_AppendToContainer_TcVnVector3_INT,registered,TC3 Vision Base,src/sln/lib/mobject-graph-vision-pack/Nodes/Basic Container Ops/AppendToContainer/Node_F_VN_AppendToContainer_TcVnVector3_INT.TcPOU,Vision/Basic Container Operations/F_VN_AppendToContainer/F_VN_AppendToContainer_TcVnVector3_INT,ITcVnContainer; TcVnVector3_INT,,,,,,,aElement: TcVnVector3_INT [InOut]; ipContainer: ITcVnContainer [In]; hrPrev: HRESULT [In]
F_VN_AppendToContainer_TcVnVector3_REAL,Node_F_VN_AppendToContainer_TcVnVector3_REAL,registered,TC3 Vision Base,src/sln/lib/mobject-graph-vision-pack/Nodes/Basic Container Ops/AppendToContainer/Node_F_VN_AppendToContainer_TcVnVector3_REAL.TcPOU,Vision/Basic Container Operations/F_VN_AppendToContainer/F_VN_AppendToContainer_TcVnVector3_REAL,ITcVnContainer; TcVnVector3_REAL,,,,,,,aElement: TcVnVector3_REAL [InOut]; ipContainer: ITcVnContainer [In]; hrPrev: HRESULT [In]
F_VN_AppendToContainer_TcVnVector3_SINT,Node_F_VN_AppendToContainer_TcVnVector3_SINT,registered,TC3 Vision Base,src/sln/lib/mobject-graph-vision-pack/Nodes/Basic Container Ops/AppendToContainer/Node_F_VN_AppendToContainer_TcVnVector3_SINT.TcPOU,Vision/Basic Container Operations/F_VN_AppendToContainer/F_VN_AppendToContainer_TcVnVector3_SINT,ITcVnContainer; TcVnVector3_SINT,,,,,,,aElement: TcVnVector3_SINT [InOut]; ipContainer: ITcVnContainer [In]; hrPrev: HRESULT [In]
F_VN_AppendToContainer_TcVnVector3_UINT,Node_F_VN_AppendToContainer_TcVnVector3_UINT,registered,TC3 Vision Base,src/sln/lib/mobject-graph-vision-pack/Nodes/Basic Container Ops/AppendToContainer/Node_F_VN_AppendToContainer_TcVnVector3_UINT.TcPOU,Vision/Basic Container Operations/F_VN_AppendToContainer/F_VN_AppendToContainer_TcVnVector3_UINT,ITcVnContainer; TcVnVector3_UINT,,,,,,,aElement: TcVnVector3_UINT [InOut]; ipContainer: ITcVnContainer [In]; hrPrev: HRESULT [In]
F_VN_AppendToContainer_TcVnVector3_USINT,Node_F_VN_AppendToContainer_TcVnVector3_USINT,registered,TC3 Vision Base,src/sln/lib/mobject-graph-vision-pack/Nodes/Basic Container Ops/AppendToContainer/Node_F_VN_AppendToContainer_TcVnVector3_USINT.TcPOU,Vision/Basic Container Operations/F_VN_AppendToContainer/F_VN_AppendToContainer_TcVnVector3_USINT,ITcVnContainer; TcVnVector3_USINT,,,,,,,aElement: TcVnVector3_USINT [InOut]; ipContainer: ITcVnContainer [In]; hrPrev: HRESULT [In]
F_VN_AppendToContainer_TcVnVector4_DINT,Node_F_VN_AppendToContainer_TcVnVector4_DINT,registered,TC3 Vision Base,src/sln/lib/mobject-graph-vision-pack/Nodes/Basic Container Ops/AppendToContainer/Node_F_VN_AppendToContainer_TcVnVector4_DINT.TcPOU,Vision/Basic Container Operations/F_VN_AppendToContainer/F_VN_AppendToContainer_TcVnVector4_DINT,ITcVnContainer; TcVnVector4_DINT,,,,,,,aElement: TcVnVector4_DINT [InOut]; ipContainer: ITcVnContainer [In]; hrPrev: HRESULT [In]
F_VN_AppendToContainer_TcVnVector4_INT,Node_F_VN_AppendToContainer_TcVnVector4_INT,registered,TC3 Vision Base,src/sln/lib/mobject-graph-vision-pack/Nodes/Basic Container Ops/AppendToContainer/Node_F_VN_AppendToContainer_TcVnVector4_INT.TcPOU,Vision/Basic Container Operations/F_VN_AppendToContainer/F_VN_AppendToContainer_TcVnVector4_INT,ITcVnContainer; TcVnVector4_INT,,,,,,,aElement: TcVnVector4_INT [InOut]; ipContainer: ITcVnContainer [In]; hrPrev: HRESULT [In]
F_VN_AppendToContainer_TcVnVector4_LREAL,Node_F_VN_AppendToContainer_TcVnVector4_LREAL,registered,TC3 Vision Base,src/sln/lib/mobject-graph-vision-pack/Nodes/Basic Container Ops/AppendToContainer/Node_F_VN_AppendToContainer_TcVnVector4_LREAL.TcPOU,Vision/Basic Container Operations/F_VN_AppendToContainer/F_VN_AppendToContainer_TcVnVector4_LREAL,ITcVnContainer; TcVnVector4_LREAL,,,,,,,aElement: TcVnVector4_LREAL [InOut]; ipContainer: ITcVnContainer [In]; hrPrev: HRESULT [In]
F_VN_AppendToContainer_TcVnVector4_REAL,Node_F_VN_AppendToContainer_TcVnVector4_REAL,registered,TC3 Vision Base,src/sln/lib/mobject-graph-vision-pack/Nodes/Basic Container Ops/AppendToContainer/Node_F_VN_AppendToContainer_TcVnVector4_REAL.TcPOU,Vision/Basic Container Operations/F_VN_AppendToContainer/F_VN_AppendToContainer_TcVnVector4_REAL,ITcVnContainer; TcVnVector4_REAL,,,,,,,aElement: TcVnVector4_REAL [InOut]; ipContainer: ITcVnContainer [In]; hrPrev: HRESULT [In]
F_VN_AppendToContainer_TcVnVector4_SINT,Node_F_VN_AppendToContainer_TcVnVector4_SINT,registered,TC3 Vision Base,src/sln/lib/mobject-graph-vision-pack/Nodes/Basic Container Ops/AppendToContainer/Node_F_VN_AppendToContainer_TcVnVector4_SINT.TcPOU,Vision/Basic Container Operations/F_VN_AppendToContainer/F_VN_AppendToContainer_TcVnVector4_SINT,ITcVnContainer; TcVnVector4_SINT,,,,,,,aElement: TcVnVector4_SINT [InOut]; ipContainer: ITcVnContainer [In]; hrPrev: HRESULT [In]
F_VN_AppendToContainer_TcVnVector4_UINT,Node_F_VN_AppendToContainer_TcVnVector4_UINT,registered,TC3 Vision Base,src/sln/lib/mobject-graph-vision-pack/Nodes/Basic Container Ops/AppendToContainer/Node_F_VN_AppendToContainer_TcVnVector4_UINT.TcPOU,Vision/Basic Container Operations/F_VN_AppendToContainer/F_VN_AppendToContainer_TcVnVector4_UINT,ITcVnContainer; TcVnVector4_UINT,,,,,,,aElement: TcVnVector4_UINT [InOut]; ipContainer: ITcVnContainer [In]; hrPrev: HRESULT [In]
F_VN_AppendToContainer_TcVnVector4_USINT,Node_F_VN_AppendToContainer_TcVnVector4_USINT,registered,TC3 Vision Base,src/sln/lib/mobject-graph-vision-pack/Nodes/Basic Container Ops/AppendToContainer/Node_F_VN_AppendToContainer_TcVnVector4_USINT.TcPOU,Vision/Basic Container Operations/F_VN_AppendToContainer/F_VN_AppendToContainer_TcVnVector4_USINT,ITcVnContainer; TcVnVector4_USINT,,,,,,,aElement: TcVnVector4_USINT [InOut]; ipContainer: ITcVnContainer [In]; hrPrev: HRESULT [In]
F_VN_AppendToContainer_UDINT,Node_F_VN_AppendToContainer_UDINT,registered,TC3 Vision Base,src/sln/lib/mobject-graph-vision-pack/Nodes/Basic Container Ops/AppendToContainer/Node_F_VN_AppendToContainer_UDINT.TcPOU,Vision/Basic Container Operations/F_VN_AppendToContainer/F_VN_AppendToContainer_UDINT,ITcVnContainer,,,,,,,nElement: UDINT [In]; ipContainer: ITcVnContainer [In]; hrPrev: HRESULT [In]
F_VN_AppendToContainer_UINT,Node_F_VN_AppendToContainer_UINT,registered,TC3 Vision Base,src/sln/lib/mobject-graph-vision-pack/Nodes/Basic Container Ops/AppendToContainer/Node_F_VN_AppendToContainer_UINT.TcPOU,Vision/Basic Container Operations/F_VN_AppendToContainer/F_VN_AppendToContainer_UINT,ITcVnContainer,,,,,,,nElement: UINT [In]; ipContainer: ITcVnContainer [In]; hrPrev: HRESULT [In]
F_VN_AppendToContainer_ULINT,Node_F_VN_AppendToContainer_ULINT,registered,TC3 Vision Base,src/sln/lib/mobject-graph-vision-pack/Nodes/Basic Container Ops/AppendToContainer/Node_F_VN_AppendToContainer_ULINT.TcPOU,Vision/Basic Container Operations/F_VN_AppendToContainer/F_VN_AppendToContainer_ULINT,ITcVnContainer,,,,,,,nElement: ULINT [In]; ipContainer: ITcVnContainer [In]; hrPrev: HRESULT [In]
F_VN_AppendToContainer_USINT,Node_F_VN_AppendToContainer_USINT,registered,TC3 Vision Base,src/sln/lib/mobject-graph-vision-pack/Nodes/Basic Container Ops/AppendToContainer/Node_F_VN_AppendToContainer_USINT.TcPOU,Vision/Basic Container Operations/F_VN_AppendToContainer/F_VN_AppendToContainer_USINT,ITcVnContainer,,,,,,,nElement: USINT [In]; ipContainer: ITcVnContainer [In]; hrPrev: HRESULT [In]
F_VN_ApplyColorMap,Node_F_VN_ApplyColorMap,registered,TC3 Vision Base,src/sln/lib/mobject-graph-vision-pack/Nodes/Image Color and Contrast Processing/Node_F_VN_ApplyColorMap.TcPOU,Vision/Image Color and Contrast Processing/F_VN_ApplyColorMap,ITcVnContainer; ITcVnImage,,,,,,,ipSrcImage: ITcVnImage [In]; ipDestImage: Reference To ITcVnImage [In]; ipColorMap: ITcVnContainer [In]; hrPrev: HRESULT [In]
F_VN_ApplyLut,Node_F_VN_ApplyLut,missing,TC3 Vision Base,,,ITcVnContainer; ITcVnImage,,,,,,,ipSrcImage: ITcVnImage [In]; ipDestImage: Reference To ITcVnImage [In]; ipLut: ITcVnContainer [In]; hrPrev: HRESULT [In]
F_VN_ApplyRotationToAffineTransformation,Node_F_VN_ApplyRotationToAffineTransformation,registered,TC3 Vision Base,src/sln/lib/mobject-graph-vision-pack/Nodes/Geometric and Coord Transform/Node_F_VN_ApplyRotationToAffineTransformation.TcPOU,Vision/Geometric and Coordinate Transformations/F_VN_ApplyRotationToAffineTransformation,TcVnMatrix2x3_LREAL,,,,,,,aTransformationMatrix: TcVnMatrix2x3_LREAL [InOut]; fAngle: LREAL [In]; hrPrev: HRESULT [In]
F_VN_ApplyRotationToAffineTransformationExp,Node_F_VN_ApplyRotationToAffineTransformationExp,registered,TC3 Vision Base,src/sln/lib/mobject-graph-vision-pack/Nodes/Geometric and Coord Transform/Node_F_VN_ApplyRotationToAffineTransformationExp.TcPOU,Vision/Geometric and Coordinate Transformations/F_VN_ApplyRotationToAffineTransformationExp,TcVnMatrix2x3_LREAL,,,,,,,aTransformationMatrix: TcVnMatrix2x3_LREAL [InOut]; fAngle: LREAL [In]; bUsePreMultiplication: BOOL [In] = TRUE; hrPrev: HRESULT [In]
F_VN_ApplyScalingToAffineTransformation,Node_F_VN_ApplyScalingToAffineTransformation,registered,TC3 Vision Base,src/sln/lib/mobject-graph-vision-pack/Nodes/Geometric and Coord Transform/Node_F_VN_ApplyScalingToAffineTransformation.TcPOU,Vision/Geometric and Coordinate Transformations/F_VN_ApplyScalingToAffineTransformation,TcVnMatrix2x3_LREAL,,,,,,,aTransformationMatrix: TcVnMatrix2x3_LREAL [InOut]; fScaleX: LREAL [In]; fScaleY: LREAL [In]; hrPrev: HRESULT [In]
F_VN_ApplyScalingToAffineTransformationExp,Node_F_VN_ApplyScalingToAffineTransformationExp,registered,TC3 Vision Base,src/sln/lib/mobject-graph-vision-pack/Nodes/Geometric and Coord Transform/Node_F_VN_ApplyScalingToAffineTransformationExp.TcPOU,Vision/Geometric and Coordinate Transformations/F_VN_ApplyScalingToAffineTransformationExp,TcVnMatrix2x3_LREAL,,,,,,,aTransformationMatrix: TcVnMatrix2x3_LREAL [InOut]; fScaleX: LREAL [In]; fScaleY: LREAL [In]; bUsePreMultiplication: BOOL [In] = TRUE; hrPrev: HRESULT [In]
F_VN_ApplyTranslationToAffineTransformation,Node_F_VN_ApplyTranslationToAffineTransformation,registered,TC3 Vision Base,src/sln/lib/mobject-graph-vision-pack/Nodes/Geometric and Coord Transform/Node_F_VN_ApplyTranslationToAffineTransformation.TcPOU,Vision/Geometric and Coordinate Transformations/F_VN_ApplyTranslationToAffineTransformation,TcVnMatrix2x3_LREAL,,,,,,,aTransformationMatrix: TcVnMatrix2x3_LREAL [InOut]; fDeltaX: LREAL [In]; fDeltaY: LREAL [In]; hrPrev: HRESULT [In]
F_VN_ApplyTranslationToAffineTransformationExp,Node_F_VN_ApplyTranslationToAffineTransformationExp,registered,TC3 Vision Base,src/sln/lib/mobject-graph-vision-pack/Nodes/Geometric and Coord Transform/Node_F_VN_ApplyTranslationToAffineTransformationExp.TcPOU,Vision/Geometric and Coordinate Transformations/F_VN_ApplyTranslationToAffineTransformationExp,TcVnMatrix2x3_LREAL,,,,,,,aTransformationMatrix: TcVnMatrix2x3_LREAL [InOut]; fDeltaX: LREAL [In]; fDeltaY: LREAL [In]; bUsePreMultiplication: BOOL [In] = TRUE; hrPrev: HRESULT [In]
F_VN_ApplyYAxisInversionToAffineTransformation,Node_F_VN_ApplyYAxisInversionToAffineTransformation,registered,TC3 Vision Base,src/sln/lib/mobject-graph-vision-pack/Nodes/Geometric and Coord Transform/Node_F_VN_ApplyYAxisInversionToAffineTransformation.TcPOU,Vision/Geometric and Coordinate Transformations/F_VN_ApplyYAxisInversionToAffineTransformation,TcVnMatrix2x3_LREAL,,,,,,,aTransformationMatrix: TcVnMatrix2x3_LREAL [InOut]; hrPrev: HRESULT [In]
F_VN_ApplyYAxisInversionToAffineTransformationExp,Node_F_VN_ApplyYAxisInversionToAffineTransformationExp,registered,TC3 Vision Base,src/sln/lib/mobject-graph-vision-pack/Nodes/Geometric and Coord Transform/Node_F_VN_ApplyYAxisInversionToAffineTransformationExp.TcPOU,Vision/Geometric and Coordinate Transformations/F_VN_ApplyYAxisInversionToAffineTransformationExp,TcVnMatrix2x3_LREAL,,,,,,,aTransformationMatrix: TcVnMatrix2x3_LREAL [InOut]; bUsePreMultiplication: BOOL [In] = TRUE; hrPrev: HRESULT [In]
F_VN_ApproximatePolygon,Node_F_VN_ApproximatePolygon,registered,TC3 Vision Base,src/sln/lib/mobject-graph-vision-pack/Nodes/Contour Analysis/Node_F_VN_ApproximatePolygon.TcPOU,Vision/Contour Analysis/F_VN_ApproximatePolygon,ITcVnContainer,,,,,,,ipSrcContour: ITcVnContainer [In]; ipDestContour: Reference To ITcVnContainer [In]; fMaxDist: LREAL [In]; bClosed: BOOL [In]; hrPrev: HRESULT [In]
F_VN_BilateralFilter,Node_F_VN_BilateralFilter,registered,TC3 Vision Base,src/sln/lib/mobject-graph-vision-pack/Nodes/Image Filtering/Node_F_VN_BilateralFilter.TcPOU,Vision/Image Filtering/F_VN_BilateralFilter,ITcVnImage,,,,,,,ipSrcImage: ITcVnImage [In]; ipDestImage: Reference To ITcVnImage [In]; nDiameter: DINT [In]; fSigmaColor: LREAL [In]; fSigmaSpace: LREAL [In]; hrPrev: HRESULT [In]
F_VN_BilateralFilterExp,Node_F_VN_BilateralFilterExp,registered,TC3 Vision Base,src/sln/lib/mobject-graph-vision-pack/Nodes/Image Filtering/Node_F_VN_BilateralFilterExp.TcPOU,Vision/Image Filtering/F_VN_BilateralFilterExp,ETcVnBorderInterpolationMethod; ITcVnImage,,,,,,,ipSrcImage: ITcVnImage [In]; ipDestImage: Reference To ITcVnImage [In]; nDiameter: DINT [In]; fSigmaColor: LREAL [In]; fSigmaSpace: LREAL [In]; eBorderType: ETcVnBorderInterpolationMethod [In] = TCVN_BIM_DEFAULT; hrPrev: HRESULT [In]
F_VN_BitwiseAndContainers,Node_F_VN_BitwiseAndContainers,registered,TC3 Vision Base,src/sln/lib/mobject-graph-vision-pack/Nodes/Algebraic Container Ops/Node_F_VN_BitwiseAndContainers.TcPOU,Vision/Algebraic Container Operations/F_VN_BitwiseAndContainers,ITcVnContainer,,,,,,,ipSrcContainer1: ITcVnContainer [In]; ipSrcContainer2: ITcVnContainer [In]; ipDestContainer: Reference To ITcVnContainer [In]; hrPrev: HRESULT [In]
F_VN_BitwiseAndImages,Node_F_VN_BitwiseAndImages,registered,TC3 Vision Base,src/sln/lib/mobject-graph-vision-pack/Nodes/Algebraic Image Ops/Node_F_VN_BitwiseAndImages.TcPOU,Vision/Algebraic Image Operations/F_VN_BitwiseAndImages,ITcVnImage,,,,,,,ipSrcImage1: ITcVnImage [In]; ipSrcImage2: ITcVnImage [In]; ipDestImage: Reference To ITcVnImage [In]; hrPrev: HRESULT [In]
F_VN_BitwiseAndImagesExp,Node_F_VN_BitwiseAndImagesExp,registered,TC3 Vision Base,src/sln/lib/mobject-graph-vision-pack/Nodes/Algebraic Image Ops/Node_F_VN_BitwiseAndImagesExp.TcPOU,Vision/Algebraic Image Operations/F_VN_BitwiseAndImagesExp,ITcVnImage,,,,,,,ipSrcImage1: ITcVnImage [In]; ipSrcImage2: ITcVnImage [In]; ipDestImage: Reference To ITcVnImage [In]; ipMask: ITcVnImage [In]; hrPrev: HRESULT [In]
F_VN_BitwiseAndScalarWithImage,Node_F_VN_BitwiseAndScalarWithImage,registered,TC3 Vision Base,src/sln/lib/mobject-graph-vision-pack/Nodes/Algebraic Image Ops/Node_F_VN_BitwiseAndScalarWithImage.TcPOU,Vision/Algebraic Image Operations/F_VN_BitwiseAndScalarWithImage,ITcVnImage,,,,,,,fScalar: LREAL [In]; ipSrcImage: ITcVnImage [In]; ipDestImage: Reference To ITcVnImage [In]; hrPrev: HRESULT [In]
F_VN_BitwiseAndVectorWithImage,Node_F_VN_BitwiseAndVectorWithImage,registered,TC3 Vision Base,src/sln/lib/mobject-graph-vision-pack/Nodes/Algebraic Image Ops/Node_F_VN_BitwiseAndVectorWithImage.TcPOU,Vision/Algebraic Image Operations/F_VN_BitwiseAndVectorWithImage,ITcVnImage; TcVnVector4_LREAL,,,,,,,aVector: TcVnVector4_LREAL [InOut]; ipSrcImage: ITcVnImage [In]; ipDestImage: Reference To ITcVnImage [In]; hrPrev: HRESULT [In]
F_VN_BitwiseNotContainer,Node_F_VN_BitwiseNotContainer,registered,TC3 Vision Base,src/sln/lib/mobject-graph-vision-pack/Nodes/Algebraic Container Ops/Node_F_VN_BitwiseNotContainer.TcPOU,Vision/Algebraic Container Operations/F_VN_BitwiseNotContainer,ITcVnContainer,,,,,,,ipSrcContainer: ITcVnContainer [In]; ipDestContainer: Reference To ITcVnContainer [In]; hrPrev: HRESULT [In]
F_VN_BitwiseNotImage,Node_F_VN_BitwiseNotImage,registered,TC3 Vision Base,src/sln/lib/mobject-graph-vision-pack/Nodes/Algebraic Image Ops/Node_F_VN_BitwiseNotImage.TcPOU,Vision/Algebraic Image Operations/F_VN_BitwiseNotImage,ITcVnImage,,,,,,,ipSrcImage: ITcVnImage [In]; ipDestImage: Reference To ITcVnImage [In]; hrPrev: HRESULT [In]
F_VN_BitwiseNotImageExp,Node_F_VN_BitwiseNotImageExp,registered,TC3 Vision Base,src/sln/lib/mobject-graph-vision-pack/Nodes/Algebraic Image Ops/Node_F_VN_BitwiseNotImageExp.TcPOU,Vision/Algebraic Image Operations/F_VN_BitwiseNotImageExp,ITcVnImage,,,,,,,ipSrcImage: ITcVnImage [In]; ipDestImage: Reference To ITcVnImage [In]; ipMask: ITcVnImage [In]; hrPrev: HRESULT [In]
F_VN_BitwiseOrContainers,Node_F_VN_BitwiseOrContainers,registered,TC3 Vision Base,src/sln/lib/mobject-graph-vision-pack/Nodes/Algebraic Container Ops/Node_F_VN_BitwiseOrContainers.TcPOU,Vision/Algebraic Container Operations/F_VN_BitwiseOrContainers,ITcVnContainer,,,,,,,ipSrcContainer1: ITcVnContainer [In]; ipSrcContainer2: ITcVnContainer [In]; ipDestContainer: Reference To ITcVnContainer [In]; hrPrev: HRESULT [In]
F_VN_BitwiseOrImages,Node_F_VN_BitwiseOrImages,registered,TC3 Vision Base,src/sln/lib/mobject-graph-vision-pack/Nodes/Algebraic Image Ops/Node_F_VN_BitwiseOrImages.TcPOU,Vision/Algebraic Image Operations/F_VN_BitwiseOrImages,ITcVnImage,,,,,,,ipSrcImage1: ITcVnImage [In]; ipSrcImage2: ITcVnImage [In]; ipDestImage: Reference To ITcVnImage [In]; hrPrev: HRESULT [In]
F_VN_BitwiseOrImagesExp,Node_F_VN_BitwiseOrImagesExp,registered,TC3 Vision Base,src/sln/lib/mobject-graph-vision-pack/Nodes/Algebraic Image Ops/Node_F_VN_BitwiseOrImagesExp.TcPOU,Vision/Algebraic Image Operations/F_VN_BitwiseOrImagesExp,ITcVnImage,,,,,,,ipSrcImage1: ITcVnImage [In]; ipSrcImage2: ITcVnImage [In]; ipDestImage: Reference To ITcVnImage [In]; ipMask: ITcVnImage [In]; hrPrev: HRESULT [In]
F_VN_BitwiseOrScalarWithImage,Node_F_VN_BitwiseOrScalarWithImage,registered,TC3 Vision Base,src/sln/lib/mobject-graph-vision-pack/Nodes/Algebraic Image Ops/Node_F_VN_BitwiseOrScalarWithImage.TcPOU,Vision/Algebraic Image Operations/F_VN_BitwiseOrScalarWithImage,ITcVnImage,,,,,,,fScalar: LREAL [In]; ipSrcImage: ITcVnImage [In]; ipDestImage: Reference To ITcVnImage [In]; hrPrev: HRESULT [In]
F_VN_BitwiseOrVectorWithImage,Node_F_VN_BitwiseOrVectorWithImage,registered,TC3 Vision Base,src/sln/lib/mobject-graph-vision-pack/Nodes/Algebraic Image Ops/Node_F_VN_BitwiseOrVectorWithImage.TcPOU,Vision/Algebraic Image Operations/F_VN_BitwiseOrVectorWithImage,ITcVnImage; TcVnVector4_LREAL,,,,,,,aVector: TcVnVector4_LREAL [InOut]; ipSrcImage: ITcVnImage [In]; ipDestImage: Reference To ITcVnImage [In]; hrPrev: HRESULT [In]
F_VN_BitwiseXorContainers,Node_F_VN_BitwiseXorContainers,registered,TC3 Vision Base,src/sln/lib/mobject-graph-vision-pack/Nodes/Algebraic Container Ops/Node_F_VN_BitwiseXorContainers.TcPOU,Vision/Algebraic Container Operations/F_VN_BitwiseXorContainers,ITcVnContainer,,,,,,,ipSrcContainer1: ITcVnContainer [In]; ipSrcContainer2: ITcVnContainer [In]; ipDestContainer: Reference To ITcVnContainer [In]; hrPrev: HRESULT [In]
F_VN_BitwiseXorImages,Node_F_VN_BitwiseXorImages,registered,TC3 Vision Base,src/sln/lib/mobject-graph-vision-pack/Nodes/Algebraic Image Ops/Node_F_VN_BitwiseXorImages.TcPOU,Vision/Algebraic Image Operations/F_VN_BitwiseXorImages,ITcVnImage,,,,,,,ipSrcImage1: ITcVnImage [In]; ipSrcImage2: ITcVnImage [In]; ipDestImage: Reference To ITcVnImage [In]; hrPrev: HRESULT [In]
F_VN_BitwiseXorImagesExp,Node_F_VN_BitwiseXorImagesExp,registered,TC3 Vision Base,src/sln/lib/mobject-graph-vision-pack/Nodes/Algebraic Image Ops/Node_F_VN_BitwiseXorImagesExp.TcPOU,Vision/Algebraic Image Operations/F_VN_BitwiseXorImagesExp,ITcVnImage,,,,,,,ipSrcImage1: ITcVnImage [In]; ipSrcImage2: ITcVnImage [In]; ipDestImage: Reference To ITcVnImage [In]; ipMask: ITcVnImage [In]; hrPrev: HRESULT [In]
F_VN_BitwiseXorScalarWithImage,Node_F_VN_BitwiseXorScalarWithImage,registered,TC3 Vision Base,src/sln/lib/mobject-graph-vision-pack/Nodes/Algebraic Image Ops/Node_F_VN_BitwiseXorScalarWithImage.TcPOU,Vision/Algebraic Image Operations/F_VN_BitwiseXorScalarWithImage,ITcVnImage,,,,,,,fScalar: LREAL [In]; ipSrcImage: ITcVnImage [In]; ipDestImage: Reference To ITcVnImage [In]; hrPrev: HRESULT [In]
F_VN_BitwiseXorVectorWithImage,Node_F_VN_BitwiseXorVectorWithImage,registered,TC3 Vision Base,src/sln/lib/mobject-graph-vision-pack/Nodes/Algebraic Image Ops/Node_F_VN_BitwiseXorVectorWithImage.TcPOU,Vision/Algebraic Image Operations/F_VN_BitwiseXorVectorWithImage,ITcVnImage; TcVnVector4_LREAL,,,,,,,aVector: TcVnVector4_LREAL [InOut]; ipSrcImage: ITcVnImage [In]; ipDestImage: Reference To ITcVnImage [In]; hrPrev: HRESULT [In]
F_VN_BlendImages,Node_F_VN_BlendImages,missing,TC3 Vision Base,,,ITcVnImage,,,,,,,ipSrcImage1: ITcVnImage [In]; ipSrcImage2: ITcVnImage [In]; ipWeights1: ITcVnImage [In]; ipWeights2: ITcVnImage [In]; ipDestImage: Reference To ITcVnImage [In]; hrPrev: HRESULT [In]
F_VN_BoxFilter,Node_F_VN_BoxFilter,registered,TC3 Vision Base,src/sln/lib/mobject-graph-vision-pack/Nodes/Image Filtering/Node_F_VN_BoxFilter.TcPOU,Vision/Image Filtering/F_VN_BoxFilter,ITcVnImage,,,,,,,ipSrcImage: ITcVnImage [In]; ipDestImage: Reference To ITcVnImage [In]; nFilterWidth: UDINT [In]; nFilterHeight: UDINT [In]; hrPrev: HRESULT [In]
F_VN_BoxFilterExp,Node_F_VN_BoxFilterExp,registered,TC3 Vision Base,src/sln/lib/mobject-graph-vision-pack/Nodes/Image Filtering/Node_F_VN_BoxFilterExp.TcPOU,Vision/Image Filtering/F_VN_BoxFilterExp,ETcVnBorderInterpolationMethod; ETcVnElementType; ITcVnImage; TcVnPoint,,,,,,,"ipSrcImage: ITcVnImage [In]; ipDestImage: Reference To ITcVnImage [In]; nFilterWidth: UDINT [In]; nFilterHeight: UDINT [In]; eDestDepth: ETcVnElementType [In] = TCVN_ET_SAME_AS_SOURCE; aAnchor: TcVnPoint [InOut] = {-1, -1}; bNormalize: BOOL [In] = TRUE; eBorderType: ETcVnBorderInterpolationMethod [In] = TCVN_BIM_DEFAULT; hrPrev: HRESULT [In]"
F_VN_BrightBorderObjects,Node_F_VN_BrightBorderObjects,registered,TC3 Vision Base,src/sln/lib/mobject-graph-vision-pack/Nodes/Image Filtering/Node_F_VN_BrightBorderObjects.TcPOU,Vision/Image Filtering/F_VN_BrightBorderObjects,ITcVnImage,,,,,,,ipSrcImage: ITcVnImage [In]; ipDestImage: Reference To ITcVnImage [In]; hrPrev: HRESULT [In]
F_VN_CalibrateCamera,Node_F_VN_CalibrateCamera,registered,TC3 Vision Metrology 2D,src/sln/lib/mobject-graph-vision-pack/Nodes/Geometric and Coord Transform/Calibration/Node_F_VN_CalibrateCamera.TcPOU,Vision/Geometric and Coordinate Transformations/Calibration/F_VN_CalibrateCamera,ITcVnContainer; ITcVnImage; TcVnArray8_LREAL; TcVnCameraCalibrationOptions; TcVnMatrix3x3_LREAL; TcVnParamsBlobDetection; TcVnVector3_LREAL,,,,,,,ipSrcImage: ITcVnImage [In]; ipReferencePoints: ITcVnContainer [In]; aCameraMatrix: TcVnMatrix3x3_LREAL [InOut]; aDistortionCoefficients: TcVnArray8_LREAL [InOut]; aRotationMatrix: TcVnMatrix3x3_LREAL [InOut]; aTranslationVector: TcVnVector3_LREAL [InOut]; fReprojError: LREAL [InOut]; stBlobDetectionParams: TcVnParamsBlobDetection [InOut]; stCalibrationOptions: TcVnCameraCalibrationOptions [InOut]; hrPrev: HRESULT [In]
F_VN_CalibrateCameraExp,Node_F_VN_CalibrateCameraExp,missing,TC3 Vision Metrology 2D,,,ITcVnContainer; TcVnArray8_LREAL; TcVnCameraCalibrationOptions; TcVnMatrix3x3_LREAL; TcVnParamsBlobDetection; TcVnVector3_LREAL,,,,pSrcImages: PVOID,,,pSrcImages: PVOID [In]; nSrcArraySize: UINT [In]; ipReferencePoints: ITcVnContainer [In]; aCameraMatrix: TcVnMatrix3x3_LREAL [InOut]; aDistortionCoefficients: TcVnArray8_LREAL [InOut]; aRotationMatrix: TcVnMatrix3x3_LREAL [InOut]; aTranslationVector: TcVnVector3_LREAL [InOut]; fReprojError: LREAL [InOut]; stBlobDetectionParams: TcVnParamsBlobDetection [InOut]; stCalibrationOptions: TcVnCameraCalibrationOptions [InOut]; hrPrev: HRESULT [In]
F_VN_CalibrateCameraExp2,Node_F_VN_CalibrateCameraExp2,missing,TC3 Vision Metrology 2D,,,ETcVnEdgeDetectionAlgorithm; ETcVnEdgeDirection; ITcVnContainer; TcVnArray8_LREAL; TcVnCameraCalibrationOptions; TcVnMatrix3x3_LREAL; TcVnParamsBlobDetection; TcVnVector3_LREAL,,,,pSrcImages: PVOID,,,pSrcImages: PVOID [In]; nSrcArraySize: UINT [In]; ipReferencePoints: ITcVnContainer [In]; aCameraMatrix: TcVnMatrix3x3_LREAL [InOut]; aDistortionCoefficients: TcVnArray8_LREAL [InOut]; aRotationMatrix: TcVnMatrix3x3_LREAL [InOut]; aTranslationVector: TcVnVector3_LREAL [InOut]; fReprojError: LREAL [InOut]; stBlobDetectionParams: TcVnParamsBlobDetection [InOut]; stCalibrationOptions: TcVnCameraCalibrationOptions [InOut]; bSubpixelAccuracy: BOOL [In] = FALSE; eEdgeDirection: ETcVnEdgeDirection [In] = TCVN_ED_DARK_TO_LIGHT; fMinStrength: REAL [In] = 50; nMaxThickness: UDINT [In] = 10; nSubpixelsIterations: UDINT [In] = 10; nSearchLines: UDINT [In] = 92; fApproxPrecision: REAL [In] = 0.001; eAlgorithm: ETcVnEdgeDetectionAlgorithm [In] = TCVN_EDA_INTERPOLATION; hrPrev: HRESULT [In]
F_VN_CalibrateCameraExp3,Node_F_VN_CalibrateCameraExp3,missing,TC3 Vision Metrology 2D,,,ETcVnEdgeDetectionAlgorithm; ETcVnEdgeDirection; ETcVnWorldCoordinateSystem; ITcVnContainer; TcVnArray8_LREAL; TcVnCameraCalibrationOptions; TcVnMatrix3x3_LREAL; TcVnParamsBlobDetection; TcVnVector3_LREAL,,,,pSrcImages: PVOID,,,pSrcImages: PVOID [In]; nSrcArraySize: UINT [In]; ipReferencePoints: ITcVnContainer [In]; aCameraMatrix: TcVnMatrix3x3_LREAL [InOut]; aDistortionCoefficients: TcVnArray8_LREAL [InOut]; aRotationMatrix: TcVnMatrix3x3_LREAL [InOut]; aTranslationVector: TcVnVector3_LREAL [InOut]; fReprojError: LREAL [InOut]; stBlobDetectionParams: TcVnParamsBlobDetection [InOut]; stCalibrationOptions: TcVnCameraCalibrationOptions [InOut]; bSubpixelAccuracy: BOOL [In] = FALSE; eEdgeDirection: ETcVnEdgeDirection [In] = TCVN_ED_DARK_TO_LIGHT; fMinStrength: REAL [In] = 50; nMaxThickness: UDINT [In] = 10; nSubpixelsIterations: UDINT [In] = 10; nSearchLines: UDINT [In] = 92; fApproxPrecision: REAL [In] = 0.001; eAlgorithm: ETcVnEdgeDetectionAlgorithm [In] = TCVN_EDA_INTERPOLATION; eWorldSystem: ETcVnWorldCoordinateSystem [In] = TCVN_WCS_X_RIGHT_Y_DOWN; hrPrev: HRESULT [In]
F_VN_CalibrateCameraManually,Node_F_VN_CalibrateCameraManually,missing,TC3 Vision Metrology 2D,,,ITcVnContainer; TcVnArray8_LREAL; TcVnCameraCalibrationOptions; TcVnMatrix3x3_LREAL; TcVnVector3_LREAL,,,,,,,ipImagePoints: ITcVnContainer [In]; nImageWidth: UDINT [In]; nImageHeight: UDINT [In]; ipReferencePoints: ITcVnContainer [In]; aCameraMatrix: TcVnMatrix3x3_LREAL [InOut]; aDistortionCoefficients: TcVnArray8_LREAL [InOut]; aRotationMatrix: TcVnMatrix3x3_LREAL [InOut]; aTranslationVector: TcVnVector3_LREAL [InOut]; fReprojError: LREAL [InOut]; stCalibrationOptions: TcVnCameraCalibrationOptions [InOut]; hrPrev: HRESULT [In]
F_VN_CalibrateCameraManuallyExp,Node_F_VN_CalibrateCameraManuallyExp,missing,TC3 Vision Metrology 2D,,,ETcVnWorldCoordinateSystem; ITcVnContainer; TcVnArray8_LREAL; TcVnCameraCalibrationOptions; TcVnMatrix3x3_LREAL; TcVnVector3_LREAL,,,,,,,ipImagePoints: ITcVnContainer [In]; nImageWidth: UDINT [In]; nImageHeight: UDINT [In]; ipReferencePoints: ITcVnContainer [In]; aCameraMatrix: TcVnMatrix3x3_LREAL [InOut]; aDistortionCoefficients: TcVnArray8_LREAL [InOut]; aRotationMatrix: TcVnMatrix3x3_LREAL [InOut]; aTranslationVector: TcVnVector3_LREAL [InOut]; fReprojError: LREAL [InOut]; stCalibrationOptions: TcVnCameraCalibrationOptions [InOut]; eWorldSystem: ETcVnWorldCoordinateSystem [In] = TCVN_WCS_X_RIGHT_Y_DOWN; hrPrev: HRESULT [In]
F_VN_CalibrateCameraPlanar,Node_F_VN_CalibrateCameraPlanar,registered,TC3 Vision Base,src/sln/lib/mobject-graph-vision-pack/Nodes/Geometric and Coord Transform/Calibration/Node_F_VN_CalibrateCameraPlanar.TcPOU,Vision/Geometric and Coordinate Transformations/Calibration/F_VN_CalibrateCameraPlanar,ITcVnImage; TcVnArray4_Point2_REAL; TcVnMatrix3x3_LREAL,,,,,,,ipSrcImage: ITcVnImage [In]; aMarkerPositions: TcVnArray4_Point2_REAL [InOut]; aTransformationMatrix: TcVnMatrix3x3_LREAL [InOut]; hrPrev: HRESULT [In]
F_VN_CalibrateCameraPlanarExp,Node_F_VN_CalibrateCameraPlanarExp,missing,TC3 Vision Base,,,ITcVnImage; TcVnArray4_Point2_REAL; TcVnMatrix3x3_LREAL,,,,,,,ipSrcImage: ITcVnImage [In]; aMarkerPositions: TcVnArray4_Point2_REAL [InOut]; aTransformationMatrix: TcVnMatrix3x3_LREAL [InOut]; aMarkerImagePositions: TcVnArray4_Point2_REAL [InOut]; nMinMarkerArea: UDINT [In] = 100; nMaxMarkerArea: UDINT [In] = 10000; fMaxMarkerEccentricity: LREAL [In] = 0.05; hrPrev: HRESULT [In]
F_VN_CalibrateLinescanCamera,Node_F_VN_CalibrateLinescanCamera,missing,TC3 Vision Metrology 2D,,,ETcVnEdgeDirection; ITcVnContainer; TcVnArray8_LREAL; TcVnCameraCalibrationOptions; TcVnMatrix3x3_LREAL; TcVnVector3_LREAL,,,,pSrcImages: PVOID,,,pSrcImages: PVOID [In]; nSrcArraySize: UINT [In]; ipPatternLineOrigins: ITcVnContainer [In]; fSlopeRad: LREAL [In]; aCameraMatrix: TcVnMatrix3x3_LREAL [InOut]; aDistortionCoefficients: TcVnArray8_LREAL [InOut]; aRotationMatrix: TcVnMatrix3x3_LREAL [InOut]; aTranslationVector: TcVnVector3_LREAL [InOut]; fReprojError: LREAL [InOut]; stCalibrationOptions: TcVnCameraCalibrationOptions [InOut]; eEdgeDirection: ETcVnEdgeDirection [In]; hrPrev: HRESULT [In]
F_VN_CalibrateLinescanCameraExp,Node_F_VN_CalibrateLinescanCameraExp,missing,TC3 Vision Metrology 2D,,,ETcVnEdgeDetectionAlgorithm; ETcVnEdgeDirection; ITcVnContainer; TcVnArray8_LREAL; TcVnCameraCalibrationOptions; TcVnMatrix3x3_LREAL; TcVnVector3_LREAL,,,,pSrcImages: PVOID,,,pSrcImages: PVOID [In]; nSrcArraySize: UINT [In]; ipPatternLineOrigins: ITcVnContainer [In]; fSlopeRad: LREAL [In]; aCameraMatrix: TcVnMatrix3x3_LREAL [InOut]; aDistortionCoefficients: TcVnArray8_LREAL [InOut]; aRotationMatrix: TcVnMatrix3x3_LREAL [InOut]; aTranslationVector: TcVnVector3_LREAL [InOut]; fReprojError: LREAL [InOut]; stCalibrationOptions: TcVnCameraCalibrationOptions [InOut]; eEdgeDirection: ETcVnEdgeDirection [In]; fMinStrength: REAL [In] = 100; nMaxSearchLines: UDINT [In] = 11; nMaxThickness: UDINT [In] = 5; nSubpixelsIterations: UDINT [In] = 50; fApproxPrecision: REAL [In] = 0.001; eAlgorithm: ETcVnEdgeDetectionAlgorithm [In] = TCVN_EDA_APPROX_ERF; hrPrev: HRESULT [In]
F_VN_CannyEdgeDetection,Node_F_VN_CannyEdgeDetection,registered,TC3 Vision Base,src/sln/lib/mobject-graph-vision-pack/Nodes/Image Analysis/Node_F_VN_CannyEdgeDetection.TcPOU,Vision/Image Analysis/F_VN_CannyEdgeDetection,ITcVnImage,,,,,,,ipSrcImage: ITcVnImage [In]; ipDestImage: Reference To ITcVnImage [In]; fThresholdLow: LREAL [In]; fThresholdHigh: LREAL [In]; hrPrev: HRESULT [In]
F_VN_CannyEdgeDetectionExp,Node_F_VN_CannyEdgeDetectionExp,registered,TC3 Vision Base,src/sln/lib/mobject-graph-vision-pack/Nodes/Image Analysis/Node_F_VN_CannyEdgeDetectionExp.TcPOU,Vision/Image Analysis/F_VN_CannyEdgeDetectionExp,ITcVnImage,,,,,,,ipSrcImage: ITcVnImage [In]; ipDestImage: Reference To ITcVnImage [In]; fThresholdLow: LREAL [In]; fThresholdHigh: LREAL [In]; nApertureSize: UDINT [In] = 3; bL2Gradient: BOOL [In] = FALSE; hrPrev: HRESULT [In]
F_VN_CheckColorRange,Node_F_VN_CheckColorRange,registered,TC3 Vision Base,src/sln/lib/mobject-graph-vision-pack/Nodes/Image Segmentation/Node_F_VN_CheckColorRange.TcPOU,Vision/Image Segmentation/F_VN_CheckColorRange,ITcVnImage; TcVnVector4_LREAL,,,,,,,ipSrcImage: ITcVnImage [In]; ipDestImage: Reference To ITcVnImage [In]; aLowerBounds: TcVnVector4_LREAL [InOut]; aUpperBounds: TcVnVector4_LREAL [InOut]; hrPrev: HRESULT [In]
F_VN_CheckFunctionInitialization,Node_F_VN_CheckFunctionInitialization,registered,TC3 Vision Base,src/sln/lib/mobject-graph-vision-pack/Nodes/Miscellaneous/Node_F_VN_CheckFunctionInitialization.TcPOU,Vision/Miscellaneous/F_VN_CheckFunctionInitialization,ETcVnInitializableFunction,,,,,src/sln/lib/mobject-graph-vision-pack/Nodes/OCR/Node_F_VN_OCR.TcPOU; src/sln/lib/mobject-graph-vision-pack/Nodes/OCR/Node_F_VN_OCRExp.TcPOU,,eFunction: ETcVnInitializableFunction [In]; nOptions: ULINT [In]; hrPrev: HRESULT [In]
F_VN_CheckIfEmpty,Node_F_VN_CheckIfEmpty,registered,TC3 Vision Base,src/sln/lib/mobject-graph-vision-pack/Nodes/Basic Container Ops/Node_F_VN_CheckIfEmpty.TcPOU,Vision/Basic Container Operations/F_VN_CheckIfEmpty,ITcVnContainer,,,,,,,ipContainer: ITcVnContainer [In]; hrPrev: HRESULT [In]
F_VN_CheckIfIteratorIsAtEnd,Node_F_VN_CheckIfIteratorIsAtEnd,missing,TC3 Vision Base,,,ITcVnForwardIterator,ITcVnForwardIterator,,,,,,ipIterator: ITcVnForwardIterator [In]; hrPrev: HRESULT [In]
F_VN_CheckIfPointIsInsideContour,Node_F_VN_CheckIfPointIsInsideContour,registered,TC3 Vision Base,src/sln/lib/mobject-graph-vision-pack/Nodes/Contour Analysis/Node_F_VN_CheckIfPointIsInsideContour.TcPOU,Vision/Contour Analysis/F_VN_CheckIfPointIsInsideContour,ITcVnContainer; TcVnPoint2_REAL,,,,,,,ipContour: ITcVnContainer [In]; aPoint: TcVnPoint2_REAL [InOut]; fDist: LREAL [InOut]; bMeasureDistance: BOOL [In]; hrPrev: HRESULT [In]
F_VN_Clahe,Node_F_VN_Clahe,registered,TC3 Vision Base,src/sln/lib/mobject-graph-vision-pack/Nodes/Image Color and Contrast Processing/Node_F_VN_Clahe.TcPOU,Vision/Image Color and Contrast Processing/F_VN_Clahe,ITcVnImage,,,,,,,ipSrcImage: ITcVnImage [In]; ipDestImage: Reference To ITcVnImage [In]; hrPrev: HRESULT [In]
F_VN_ClaheExp,Node_F_VN_ClaheExp,registered,TC3 Vision Base,src/sln/lib/mobject-graph-vision-pack/Nodes/Image Color and Contrast Processing/Node_F_VN_ClaheExp.TcPOU,Vision/Image Color and Contrast Processing/F_VN_ClaheExp,ITcVnImage,,,,,,,ipSrcImage: ITcVnImage [In]; ipDestImage: Reference To ITcVnImage [In]; fClipLimit: LREAL [In] = 40; nTilesX: UDINT [In] = 8; nTilesY: UDINT [In] = 8; hrPrev: HRESULT [In]
F_VN_ClipLineToBoundary,Node_F_VN_ClipLineToBoundary,registered,TC3 Vision Base,src/sln/lib/mobject-graph-vision-pack/Nodes/Miscellaneous/Node_F_VN_ClipLineToBoundary.TcPOU,Vision/Miscellaneous/F_VN_ClipLineToBoundary,TcVnPoint2_REAL; TcVnVector4_LREAL,,,,,,,aLine: TcVnVector4_LREAL [InOut]; nX1: DINT [In]; nY1: DINT [In]; nX2: DINT [In]; nY2: DINT [In]; aStartPoint: TcVnPoint2_REAL [InOut]; aEndPoint: TcVnPoint2_REAL [InOut]; hrPrev: HRESULT [In]
F_VN_ClipLineToBoundary_ITcVnImage,Node_F_VN_ClipLineToBoundary_ITcVnImage,registered,TC3 Vision Base,src/sln/lib/mobject-graph-vision-pack/Nodes/Miscellaneous/Node_F_VN_ClipLineToBoundary_ITcVnImage.TcPOU,Vision/Miscellaneous/F_VN_ClipLineToBoundary_ITcVnImage,ITcVnImage; TcVnPoint2_REAL; TcVnVector4_LREAL,,,,,,,aLine: TcVnVector4_LREAL [InOut]; ipImage: ITcVnImage [In]; aStartPoint: TcVnPoint2_REAL [InOut]; aEndPoint: TcVnPoint2_REAL [InOut]; hrPrev: HRESULT [In]
F_VN_ClipLineToBoundary_TcVnRectangle_DINT,Node_F_VN_ClipLineToBoundary_TcVnRectangle_DINT,registered,TC3 Vision Base,src/sln/lib/mobject-graph-vision-pack/Nodes/Miscellaneous/Node_F_VN_ClipLineToBoundary_TcVnRectangle_DINT.TcPOU,Vision/Miscellaneous/F_VN_ClipLineToBoundary_TcVnRectangle_DINT,TcVnPoint2_REAL; TcVnRectangle_DINT; TcVnVector4_LREAL,,,,,,,aLine: TcVnVector4_LREAL [InOut]; stRectangle: TcVnRectangle_DINT [InOut]; aStartPoint: TcVnPoint2_REAL [InOut]; aEndPoint: TcVnPoint2_REAL [InOut]; hrPrev: HRESULT [In]
F_VN_ClosestPointsBF,Node_F_VN_ClosestPointsBF,registered,TC3 Vision Metrology 2D,src/sln/lib/mobject-graph-vision-pack/Nodes/Measurement/Node_F_VN_ClosestPointsBF.TcPOU,Vision/Measurement/F_VN_ClosestPointsBF,ITcVnContainer; TcVnPoint2_LREAL,,,,,,,ipPointSet1: ITcVnContainer [In]; ipPointSet2: ITcVnContainer [In]; fMinDist: LREAL [InOut]; aPoint1: TcVnPoint2_LREAL [InOut]; aPoint2: TcVnPoint2_LREAL [InOut]; hrPrev: HRESULT [In]
F_VN_CombineImageChannels,Node_F_VN_CombineImageChannels,missing,TC3 Vision Base,,,ITcVnImage,,,,pSrcImages: PVOID,,,pSrcImages: PVOID [In]; ipDestImage: Reference To ITcVnImage [In]; nSrcArraySize: UINT [In]; hrPrev: HRESULT [In]
F_VN_CompensateLensDistortion,Node_F_VN_CompensateLensDistortion,registered,TC3 Vision Metrology 2D,src/sln/lib/mobject-graph-vision-pack/Nodes/Geometric and Coord Transform/Calibration/Node_F_VN_CompensateLensDistortion.TcPOU,Vision/Geometric and Coordinate Transformations/Calibration/F_VN_CompensateLensDistortion,ITcVnImage; TcVnArray4_LREAL; TcVnMatrix3x3_LREAL,,,,,,,ipSrcImage: ITcVnImage [In]; ipDestImage: Reference To ITcVnImage [In]; aCameraMatrix: TcVnMatrix3x3_LREAL [InOut]; aDistortionCoefficients: TcVnArray4_LREAL [InOut]; hrPrev: HRESULT [In]
F_VN_CompensateLensDistortionExp1,Node_F_VN_CompensateLensDistortionExp1,registered,TC3 Vision Metrology 2D,src/sln/lib/mobject-graph-vision-pack/Nodes/Geometric and Coord Transform/Calibration/Node_F_VN_CompensateLensDistortionExp1.TcPOU,Vision/Geometric and Coordinate Transformations/Calibration/F_VN_CompensateLensDistortionExp1,ITcVnImage; TcVnArray8_LREAL; TcVnMatrix3x3_LREAL,,,,,,,ipSrcImage: ITcVnImage [In]; ipDestImage: Reference To ITcVnImage [In]; aCameraMatrix: TcVnMatrix3x3_LREAL [InOut]; aDistortionCoefficients: TcVnArray8_LREAL [InOut]; hrPrev: HRESULT [In]
F_VN_CompensateLensDistortionExp2,Node_F_VN_CompensateLensDistortionExp2,registered,TC3 Vision Metrology 2D,src/sln/lib/mobject-graph-vision-pack/Nodes/Geometric and Coord Transform/Calibration/Node_F_VN_CompensateLensDistortionExp2.TcPOU,Vision/Geometric and Coordinate Transformations/Calibration/F_VN_CompensateLensDistortionExp2,ITcVnImage; TcVnArray8_LREAL; TcVnMatrix3x3_LREAL,,,,,,,ipSrcImage: ITcVnImage [In]; ipDestImage: Reference To ITcVnImage [In]; aCameraMatrix: TcVnMatrix3x3_LREAL [InOut]; aDistortionCoefficients: TcVnArray8_LREAL [InOut]; aNewCameraMatrix: TcVnMatrix3x3_LREAL [InOut]; hrPrev: HRESULT [In]
F_VN_CompensateLensDistortionForPoints,Node_F_VN_CompensateLensDistortionForPoints,registered,TC3 Vision Metrology 2D,src/sln/lib/mobject-graph-vision-pack/Nodes/Geometric and Coord Transform/Calibration/Node_F_VN_CompensateLensDistortionForPoints.TcPOU,Vision/Geometric and Coordinate Transformations/Calibration/F_VN_CompensateLensDistortionForPoints,ITcVnContainer; TcVnArray4_LREAL; TcVnMatrix3x3_LREAL,,,,,,,ipSrcPoints: ITcVnContainer [In]; ipDestPoints: Reference To ITcVnContainer [In]; aCameraMatrix: TcVnMatrix3x3_LREAL [InOut]; aDistortionCoefficients: TcVnArray4_LREAL [InOut]; hrPrev: HRESULT [In]
F_VN_CompensateLensDistortionForPointsExp1,Node_F_VN_CompensateLensDistortionForPointsExp1,registered,TC3 Vision Metrology 2D,src/sln/lib/mobject-graph-vision-pack/Nodes/Geometric and Coord Transform/Calibration/Node_F_VN_CompensateLensDistortionForPointsExp1.TcPOU,Vision/Geometric and Coordinate Transformations/Calibration/F_VN_CompensateLensDistortionForPointsExp1,ITcVnContainer; TcVnArray8_LREAL; TcVnMatrix3x3_LREAL,,,,,,,ipSrcPoints: ITcVnContainer [In]; ipDestPoints: Reference To ITcVnContainer [In]; aCameraMatrix: TcVnMatrix3x3_LREAL [InOut]; aDistortionCoefficients: TcVnArray8_LREAL [InOut]; hrPrev: HRESULT [In]
F_VN_CompensateLensDistortionForPointsExp2,Node_F_VN_CompensateLensDistortionForPointsExp2,registered,TC3 Vision Metrology 2D,src/sln/lib/mobject-graph-vision-pack/Nodes/Geometric and Coord Transform/Calibration/Node_F_VN_CompensateLensDistortionForPointsExp2.TcPOU,Vision/Geometric and Coordinate Transformations/Calibration/F_VN_CompensateLensDistortionForPointsExp2,ITcVnContainer; TcVnArray8_LREAL; TcVnMatrix3x3_LREAL,,,,,,,ipSrcPoints: ITcVnContainer [In]; ipDestPoints: Reference To ITcVnContainer [In]; aCameraMatrix: TcVnMatrix3x3_LREAL [InOut]; aDistortionCoefficients: TcVnArray8_LREAL [InOut]; aNewCameraMatrix: TcVnMatrix3x3_LREAL [InOut]; hrPrev: HRESULT [In]
F_VN_ConnectedComponents,Node_F_VN_ConnectedComponents,registered,TC3 Vision Base,src/sln/lib/mobject-graph-vision-pack/Nodes/Image Analysis/Node_F_VN_ConnectedComponents.TcPOU,Vision/Image Analysis/F_VN_ConnectedComponents,ITcVnImage,,,,,,,ipSrcImage: ITcVnImage [In]; ipLabelImage: Reference To ITcVnImage [In]; nLabels: DINT [InOut]; hrPrev: HRESULT [In]
F_VN_ConnectedComponentsExp,Node_F_VN_ConnectedComponentsExp,registered,TC3 Vision Base,src/sln/lib/mobject-graph-vision-pack/Nodes/Image Analysis/Node_F_VN_ConnectedComponentsExp.TcPOU,Vision/Image Analysis/F_VN_ConnectedComponentsExp,ETcVnConnectedComponentsAlgorithm; ETcVnElementType; ETcVnPixelConnectivity; ITcVnImage,,,,,,,ipSrcImage: ITcVnImage [In]; ipLabelImage: Reference To ITcVnImage [In]; nLabels: DINT [InOut]; eConnectivity: ETcVnPixelConnectivity [In] = TCVN_PC_8; eLabelType: ETcVnElementType [In] = TCVN_ET_DINT; eAlgorithm: ETcVnConnectedComponentsAlgorithm [In] = TCVN_CCA_GRANA; hrPrev: HRESULT [In]
F_VN_ConnectedComponentsWithStats,Node_F_VN_ConnectedComponentsWithStats,registered,TC3 Vision Base,src/sln/lib/mobject-graph-vision-pack/Nodes/Image Analysis/Node_F_VN_ConnectedComponentsWithStats.TcPOU,Vision/Image Analysis/F_VN_ConnectedComponentsWithStats,ITcVnContainer; ITcVnImage,,,,,,,ipSrcImage: ITcVnImage [In]; ipLabelImage: Reference To ITcVnImage [In]; ipBoundingBoxes: Reference To ITcVnContainer [In]; ipNumPixels: Reference To ITcVnContainer [In]; ipCentroids: Reference To ITcVnContainer [In]; nLabels: DINT [InOut]; hrPrev: HRESULT [In]
F_VN_ConnectedComponentsWithStatsExp,Node_F_VN_ConnectedComponentsWithStatsExp,registered,TC3 Vision Base,src/sln/lib/mobject-graph-vision-pack/Nodes/Image Analysis/Node_F_VN_ConnectedComponentsWithStatsExp.TcPOU,Vision/Image Analysis/F_VN_ConnectedComponentsWithStatsExp,ETcVnConnectedComponentsAlgorithm; ETcVnElementType; ETcVnPixelConnectivity; ITcVnContainer; ITcVnImage,,,,,,,ipSrcImage: ITcVnImage [In]; ipLabelImage: Reference To ITcVnImage [In]; ipBoundingBoxes: Reference To ITcVnContainer [In]; ipNumPixels: Reference To ITcVnContainer [In]; ipCentroids: Reference To ITcVnContainer [In]; nLabels: DINT [InOut]; eConnectivity: ETcVnPixelConnectivity [In] = TCVN_PC_8; eLabelType: ETcVnElementType [In] = TCVN_ET_DINT; eAlgorithm: ETcVnConnectedComponentsAlgorithm [In] = TCVN_CCA_GRANA; hrPrev: HRESULT [In]
F_VN_ContainerAverage,Node_F_VN_ContainerAverage,registered,TC3 Vision Base,src/sln/lib/mobject-graph-vision-pack/Nodes/Container Statistics/Node_F_VN_ContainerAverage.TcPOU,Vision/Container Statistics/F_VN_ContainerAverage,ITcVnContainer,,,,,,,ipSrcContainer: ITcVnContainer [In]; fAverage: LREAL [InOut]; hrPrev: HRESULT [In]
F_VN_ContainerAverageElementwise2,Node_F_VN_ContainerAverageElementwise2,registered,TC3 Vision Base,src/sln/lib/mobject-graph-vision-pack/Nodes/Container Statistics/Node_F_VN_ContainerAverageElementwise2.TcPOU,Vision/Container Statistics/F_VN_ContainerAverageElementwise2,ITcVnContainer; TcVnVector2_LREAL,,,,,,,ipSrcContainer: ITcVnContainer [In]; aAverage: TcVnVector2_LREAL [InOut]; hrPrev: HRESULT [In]
F_VN_ContainerAverageElementwise3,Node_F_VN_ContainerAverageElementwise3,registered,TC3 Vision Base,src/sln/lib/mobject-graph-vision-pack/Nodes/Container Statistics/Node_F_VN_ContainerAverageElementwise3.TcPOU,Vision/Container Statistics/F_VN_ContainerAverageElementwise3,ITcVnContainer; TcVnVector3_LREAL,,,,,,,ipSrcContainer: ITcVnContainer [In]; aAverage: TcVnVector3_LREAL [InOut]; hrPrev: HRESULT [In]
F_VN_ContainerAverageElementwise4,Node_F_VN_ContainerAverageElementwise4,registered,TC3 Vision Base,src/sln/lib/mobject-graph-vision-pack/Nodes/Container Statistics/Node_F_VN_ContainerAverageElementwise4.TcPOU,Vision/Container Statistics/F_VN_ContainerAverageElementwise4,ITcVnContainer; TcVnVector4_LREAL,,,,,,,ipSrcContainer: ITcVnContainer [In]; aAverage: TcVnVector4_LREAL [InOut]; hrPrev: HRESULT [In]
F_VN_ContainerAverageVariance,Node_F_VN_ContainerAverageVariance,registered,TC3 Vision Base,src/sln/lib/mobject-graph-vision-pack/Nodes/Container Statistics/Node_F_VN_ContainerAverageVariance.TcPOU,Vision/Container Statistics/F_VN_ContainerAverageVariance,ITcVnContainer,,,,,,,ipSrcContainer: ITcVnContainer [In]; fAverage: LREAL [InOut]; fVariance: LREAL [InOut]; hrPrev: HRESULT [In]
F_VN_ContainerAverageVarianceElementwise2,Node_F_VN_ContainerAverageVarianceElementwise2,registered,TC3 Vision Base,src/sln/lib/mobject-graph-vision-pack/Nodes/Container Statistics/Node_F_VN_ContainerAverageVarianceElementwise2.TcPOU,Vision/Container Statistics/F_VN_ContainerAverageVarianceElementwise2,ITcVnContainer; TcVnVector2_LREAL,,,,,,,ipSrcContainer: ITcVnContainer [In]; aAverage: TcVnVector2_LREAL [InOut]; aVariance: TcVnVector2_LREAL [InOut]; hrPrev: HRESULT [In]
F_VN_ContainerAverageVarianceElementwise3,Node_F_VN_ContainerAverageVarianceElementwise3,registered,TC3 Vision Base,src/sln/lib/mobject-graph-vision-pack/Nodes/Container Statistics/Node_F_VN_ContainerAverageVarianceElementwise3.TcPOU,Vision/Container Statistics/F_VN_ContainerAverageVarianceElementwise3,ITcVnContainer; TcVnVector3_LREAL,,,,,,,ipSrcContainer: ITcVnContainer [In]; aAverage: TcVnVector3_LREAL [InOut]; aVariance: TcVnVector3_LREAL [InOut]; hrPrev: HRESULT [In]
F_VN_ContainerAverageVarianceElementwise4,Node_F_VN_ContainerAverageVarianceElementwise4,registered,TC3 Vision Base,src/sln/lib/mobject-graph-vision-pack/Nodes/Container Statistics/Node_F_VN_ContainerAverageVarianceElementwise4.TcPOU,Vision/Container Statistics/F_VN_ContainerAverageVarianceElementwise4,ITcVnContainer; TcVnVector4_LREAL,,,,,,,ipSrcContainer: ITcVnContainer [In]; aAverage: TcVnVector4_LREAL [InOut]; aVariance: TcVnVector4_LREAL [InOut]; hrPrev: HRESULT [In]
F_VN_ContourArea,Node_F_VN_ContourArea,registered,TC3 Vision Base,src/sln/lib/mobject-graph-vision-pack/Nodes/Contour Analysis/Node_F_VN_ContourArea.TcPOU,Vision/Contour Analysis/F_VN_ContourArea,ITcVnContainer,,,,,,,ipContour: ITcVnContainer [In]; fArea: LREAL [InOut]; hrPrev: HRESULT [In]
F_VN_ContourCenterOfMass,Node_F_VN_ContourCenterOfMass,registered,TC3 Vision Base,src/sln/lib/mobject-graph-vision-pack/Nodes/Contour Analysis/Node_F_VN_ContourCenterOfMass.TcPOU,Vision/Contour Analysis/F_VN_ContourCenterOfMass,ITcVnContainer; TcVnPoint2_LREAL,,,,,,,ipContour: ITcVnContainer [In]; aCenterOfMass: TcVnPoint2_LREAL [InOut]; hrPrev: HRESULT [In]
F_VN_ContourCircularity,Node_F_VN_ContourCircularity,registered,TC3 Vision Base,src/sln/lib/mobject-graph-vision-pack/Nodes/Contour Analysis/Node_F_VN_ContourCircularity.TcPOU,Vision/Contour Analysis/F_VN_ContourCircularity,ITcVnContainer,,,,,,,ipContour: ITcVnContainer [In]; fCircularity: LREAL [InOut]; hrPrev: HRESULT [In]
F_VN_ContourCircularityExp,Node_F_VN_ContourCircularityExp,registered,TC3 Vision Base,src/sln/lib/mobject-graph-vision-pack/Nodes/Contour Analysis/Node_F_VN_ContourCircularityExp.TcPOU,Vision/Contour Analysis/F_VN_ContourCircularityExp,ETcVnCircularityCalculationMethod; ITcVnContainer,,,,,,,ipContour: ITcVnContainer [In]; fCircularity: LREAL [InOut]; eMethod: ETcVnCircularityCalculationMethod [In] = TCVN_CCM_DEFAULT; hrPrev: HRESULT [In]
F_VN_ContourConvexity,Node_F_VN_ContourConvexity,registered,TC3 Vision Base,src/sln/lib/mobject-graph-vision-pack/Nodes/Contour Analysis/Node_F_VN_ContourConvexity.TcPOU,Vision/Contour Analysis/F_VN_ContourConvexity,ITcVnContainer,,,,,,,ipContour: ITcVnContainer [In]; fConvexity: LREAL [InOut]; hrPrev: HRESULT [In]
F_VN_ContourEccentricity,Node_F_VN_ContourEccentricity,registered,TC3 Vision Base,src/sln/lib/mobject-graph-vision-pack/Nodes/Contour Analysis/Node_F_VN_ContourEccentricity.TcPOU,Vision/Contour Analysis/F_VN_ContourEccentricity,ITcVnContainer,,,,,,,ipContour: ITcVnContainer [In]; fEccentricity: LREAL [InOut]; hrPrev: HRESULT [In]
F_VN_ContourElongation,Node_F_VN_ContourElongation,registered,TC3 Vision Base,src/sln/lib/mobject-graph-vision-pack/Nodes/Contour Analysis/Node_F_VN_ContourElongation.TcPOU,Vision/Contour Analysis/F_VN_ContourElongation,ITcVnContainer,,,,,,,ipContour: ITcVnContainer [In]; fElongation: LREAL [InOut]; hrPrev: HRESULT [In]
F_VN_ContourExtremePoint,Node_F_VN_ContourExtremePoint,registered,TC3 Vision Base,src/sln/lib/mobject-graph-vision-pack/Nodes/Contour Analysis/Node_F_VN_ContourExtremePoint.TcPOU,Vision/Contour Analysis/F_VN_ContourExtremePoint,ETcVnExtremePointDirection; ITcVnContainer; TcVnPoint2_LREAL,,,,,,,ipContour: ITcVnContainer [In]; eDirection: ETcVnExtremePointDirection [In]; aExtremePoint: TcVnPoint2_LREAL [InOut]; hrPrev: HRESULT [In]
F_VN_ContourInertiaRatio,Node_F_VN_ContourInertiaRatio,registered,TC3 Vision Base,src/sln/lib/mobject-graph-vision-pack/Nodes/Contour Analysis/Node_F_VN_ContourInertiaRatio.TcPOU,Vision/Contour Analysis/F_VN_ContourInertiaRatio,ITcVnContainer,,,,,,,ipContour: ITcVnContainer [In]; fInertiaRatio: LREAL [InOut]; hrPrev: HRESULT [In]
F_VN_ContourMoments,Node_F_VN_ContourMoments,registered,TC3 Vision Base,src/sln/lib/mobject-graph-vision-pack/Nodes/Contour Analysis/Node_F_VN_ContourMoments.TcPOU,Vision/Contour Analysis/F_VN_ContourMoments,ITcVnContainer; TcVnMoments,,,,,,,ipContour: ITcVnContainer [In]; stMoments: TcVnMoments [InOut]; hrPrev: HRESULT [In]
F_VN_ContourOrientation,Node_F_VN_ContourOrientation,registered,TC3 Vision Base,src/sln/lib/mobject-graph-vision-pack/Nodes/Contour Analysis/Node_F_VN_ContourOrientation.TcPOU,Vision/Contour Analysis/F_VN_ContourOrientation,ITcVnContainer; TcVnRotatedRectangle,,,,,,,ipContour: ITcVnContainer [In]; stOrientation: TcVnRotatedRectangle [InOut]; hrPrev: HRESULT [In]
F_VN_ContourOrientationExp,Node_F_VN_ContourOrientationExp,registered,TC3 Vision Base,src/sln/lib/mobject-graph-vision-pack/Nodes/Contour Analysis/Node_F_VN_ContourOrientationExp.TcPOU,Vision/Contour Analysis/F_VN_ContourOrientationExp,ETcVnOrientationMethod; ITcVnContainer; TcVnRotatedRectangle,,,,,,,ipContour: ITcVnContainer [In]; stOrientation: TcVnRotatedRectangle [InOut]; eMethod: ETcVnOrientationMethod [In] = TCVN_OM_PCA; hrPrev: HRESULT [In]
F_VN_ContourPerimeter,Node_F_VN_ContourPerimeter,registered,TC3 Vision Base,src/sln/lib/mobject-graph-vision-pack/Nodes/Contour Analysis/Node_F_VN_ContourPerimeter.TcPOU,Vision/Contour Analysis/F_VN_ContourPerimeter,ITcVnContainer,,,,,,,ipContour: ITcVnContainer [In]; fPerimeter: LREAL [InOut]; bClosed: BOOL [In]; hrPrev: HRESULT [In]
F_VN_ContourRoundness,Node_F_VN_ContourRoundness,registered,TC3 Vision Base,src/sln/lib/mobject-graph-vision-pack/Nodes/Contour Analysis/Node_F_VN_ContourRoundness.TcPOU,Vision/Contour Analysis/F_VN_ContourRoundness,ITcVnContainer,,,,,,,ipContour: ITcVnContainer [In]; fRoundness: LREAL [InOut]; hrPrev: HRESULT [In]
F_VN_ConvertCartesianToPolarAngleImage,Node_F_VN_ConvertCartesianToPolarAngleImage,registered,TC3 Vision Base,src/sln/lib/mobject-graph-vision-pack/Nodes/Geometric and Coord Transform/Node_F_VN_ConvertCartesianToPolarAngleImage.TcPOU,Vision/Geometric and Coordinate Transformations/F_VN_ConvertCartesianToPolarAngleImage,ITcVnImage,,,,,,,ipSrcImageX: ITcVnImage [In]; ipSrcImageY: ITcVnImage [In]; ipDestImageAng: Reference To ITcVnImage [In]; hrPrev: HRESULT [In]
F_VN_ConvertCartesianToPolarAngleImageExp,Node_F_VN_ConvertCartesianToPolarAngleImageExp,registered,TC3 Vision Base,src/sln/lib/mobject-graph-vision-pack/Nodes/Geometric and Coord Transform/Node_F_VN_ConvertCartesianToPolarAngleImageExp.TcPOU,Vision/Geometric and Coordinate Transformations/F_VN_ConvertCartesianToPolarAngleImageExp,ITcVnImage,,,,,,,ipSrcImageX: ITcVnImage [In]; ipSrcImageY: ITcVnImage [In]; ipDestImageAng: Reference To ITcVnImage [In]; bAngleInDegrees: BOOL [In] = FALSE; hrPrev: HRESULT [In]
F_VN_ConvertCartesianToPolarAngles,Node_F_VN_ConvertCartesianToPolarAngles,registered,TC3 Vision Base,src/sln/lib/mobject-graph-vision-pack/Nodes/Geometric and Coord Transform/Node_F_VN_ConvertCartesianToPolarAngles.TcPOU,Vision/Geometric and Coordinate Transformations/F_VN_ConvertCartesianToPolarAngles,ITcVnContainer,,,,,,,ipSrcPointsCart: ITcVnContainer [In]; ipDestAngles: Reference To ITcVnContainer [In]; hrPrev: HRESULT [In]
F_VN_ConvertCartesianToPolarAnglesExp,Node_F_VN_ConvertCartesianToPolarAnglesExp,registered,TC3 Vision Base,src/sln/lib/mobject-graph-vision-pack/Nodes/Geometric and Coord Transform/Node_F_VN_ConvertCartesianToPolarAnglesExp.TcPOU,Vision/Geometric and Coordinate Transformations/F_VN_ConvertCartesianToPolarAnglesExp,ITcVnContainer,,,,,,,ipSrcPointsCart: ITcVnContainer [In]; ipDestAngles: Reference To ITcVnContainer [In]; bAngleInDegrees: BOOL [In] = FALSE; hrPrev: HRESULT [In]
F_VN_ConvertCartesianToPolarImages,Node_F_VN_ConvertCartesianToPolarImages,registered,TC3 Vision Base,src/sln/lib/mobject-graph-vision-pack/Nodes/Geometric and Coord Transform/Node_F_VN_ConvertCartesianToPolarImages.TcPOU,Vision/Geometric and Coordinate Transformations/F_VN_ConvertCartesianToPolarImages,ITcVnImage,,,,,,,ipSrcImageX: ITcVnImage [In]; ipSrcImageY: ITcVnImage [In]; ipDestImageMag: Reference To ITcVnImage [In]; ipDestImageAng: Reference To ITcVnImage [In]; hrPrev: HRESULT [In]
F_VN_ConvertCartesianToPolarImagesExp,Node_F_VN_ConvertCartesianToPolarImagesExp,registered,TC3 Vision Base,src/sln/lib/mobject-graph-vision-pack/Nodes/Geometric and Coord Transform/Node_F_VN_ConvertCartesianToPolarImagesExp.TcPOU,Vision/Geometric and Coordinate Transformations/F_VN_ConvertCartesianToPolarImagesExp,ITcVnImage,,,,,,,ipSrcImageX: ITcVnImage [In]; ipSrcImageY: ITcVnImage [In]; ipDestImageMag: Reference To ITcVnImage [In]; ipDestImageAng: Reference To ITcVnImage [In]; bAngleInDegrees: BOOL [In] = FALSE; hrPrev: HRESULT [In]
F_VN_ConvertCartesianToPolarMagnitudeImage,Node_F_VN_ConvertCartesianToPolarMagnitudeImage,registered,TC3 Vision Base,src/sln/lib/mobject-graph-vision-pack/Nodes/Geometric and Coord Transform/Node_F_VN_ConvertCartesianToPolarMagnitudeImage.TcPOU,Vision/Geometric and Coordinate Transformations/F_VN_ConvertCartesianToPolarMagnitudeImage,ITcVnImage,,,,,,,ipSrcImageX: ITcVnImage [In]; ipSrcImageY: ITcVnImage [In]; ipDestImageMag: Reference To ITcVnImage [In]; hrPrev: HRESULT [In]
F_VN_ConvertCartesianToPolarMagnitudes,Node_F_VN_ConvertCartesianToPolarMagnitudes,registered,TC3 Vision Base,src/sln/lib/mobject-graph-vision-pack/Nodes/Geometric and Coord Transform/Node_F_VN_ConvertCartesianToPolarMagnitudes.TcPOU,Vision/Geometric and Coordinate Transformations/F_VN_ConvertCartesianToPolarMagnitudes,ITcVnContainer,,,,,,,ipSrcPointsCart: ITcVnContainer [In]; ipDestMags: Reference To ITcVnContainer [In]; hrPrev: HRESULT [In]
F_VN_ConvertCartesianToPolarPoints,Node_F_VN_ConvertCartesianToPolarPoints,registered,TC3 Vision Base,src/sln/lib/mobject-graph-vision-pack/Nodes/Geometric and Coord Transform/Node_F_VN_ConvertCartesianToPolarPoints.TcPOU,Vision/Geometric and Coordinate Transformations/F_VN_ConvertCartesianToPolarPoints,ITcVnContainer,,,,,,,ipSrcPointsCart: ITcVnContainer [In]; ipDestPointsPolar: Reference To ITcVnContainer [In]; hrPrev: HRESULT [In]
F_VN_ConvertCartesianToPolarPointsExp,Node_F_VN_ConvertCartesianToPolarPointsExp,registered,TC3 Vision Base,src/sln/lib/mobject-graph-vision-pack/Nodes/Geometric and Coord Transform/Node_F_VN_ConvertCartesianToPolarPointsExp.TcPOU,Vision/Geometric and Coordinate Transformations/F_VN_ConvertCartesianToPolarPointsExp,ITcVnContainer,,,,,,,ipSrcPointsCart: ITcVnContainer [In]; ipDestPointsPolar: Reference To ITcVnContainer [In]; bAngleInDegrees: BOOL [In] = FALSE; hrPrev: HRESULT [In]
F_VN_ConvertColorSpace,Node_F_VN_ConvertColorSpace,registered,TC3 Vision Base,src/sln/lib/mobject-graph-vision-pack/Nodes/Image Color and Contrast Processing/Node_F_VN_ConvertColorSpace.TcPOU,Vision/Image Color and Contrast Processing/F_VN_ConvertColorSpace,ETcVnColorSpaceTransform; ITcVnImage,,,,,,,ipSrcImage: ITcVnImage [In]; ipDestImage: Reference To ITcVnImage [In]; eTransform: ETcVnColorSpaceTransform [In]; hrPrev: HRESULT [In]
F_VN_ConvertContainerType,Node_F_VN_ConvertContainerType,missing,TC3 Vision Base,,,ITcVnContainer,,,,,,,ipSrcContainer: ITcVnContainer [In]; ipDestContainer: Reference To ITcVnContainer [In]; nDestTypeGuid: GUID [In]; hrPrev: HRESULT [In]
F_VN_ConvertDataLayout,Node_F_VN_ConvertDataLayout,missing,TC3 Vision Base,,,ITcVnImage,,,,,,,ipSrcImage: ITcVnImage [In]; ipDestImage: Reference To ITcVnImage [In]; nSrcDataLayout: ULINT [In]; nDestDataLayout: ULINT [In]; hrPrev: HRESULT [In]
F_VN_ConvertElementType,Node_F_VN_ConvertElementType,registered,TC3 Vision Base,src/sln/lib/mobject-graph-vision-pack/Nodes/Basic Image Ops/Node_F_VN_ConvertElementType.TcPOU,Vision/Basic Image Operations/F_VN_ConvertElementType,ETcVnElementType; ITcVnImage,,,,,,,ipSrcImage: ITcVnImage [In]; ipDestImage: Reference To ITcVnImage [In]; eElementType: ETcVnElementType [In]; hrPrev: HRESULT [In]
F_VN_ConvertElementTypeExp,Node_F_VN_ConvertElementTypeExp,registered,TC3 Vision Base,src/sln/lib/mobject-graph-vision-pack/Nodes/Basic Image Ops/Node_F_VN_ConvertElementTypeExp.TcPOU,Vision/Basic Image Operations/F_VN_ConvertElementTypeExp,ETcVnElementType; ITcVnImage,,,,,,,ipSrcImage: ITcVnImage [In]; ipDestImage: Reference To ITcVnImage [In]; eElementType: ETcVnElementType [In]; fScaleFactor: LREAL [In] = 1; fDelta: LREAL [In] = 0; hrPrev: HRESULT [In]
F_VN_ConvertITcUnknownToITcVnBitmapExport,Node_F_VN_ConvertITcUnknownToITcVnBitmapExport,missing,TC3 Vision Base,,,ITcVnBitmapExport,ITcVnBitmapExport,,Reference To ITcUnknown,,,,ipSrc: Reference To ITcUnknown [In]; ipDest: Reference To ITcVnBitmapExport [In]; hrPrev: HRESULT [In]
F_VN_ConvertITcUnknownToITcVnContainer,Node_F_VN_ConvertITcUnknownToITcVnContainer,missing,TC3 Vision Base,,,ITcVnContainer,,,Reference To ITcUnknown,,,,ipSrc: Reference To ITcUnknown [In]; ipDest: Reference To ITcVnContainer [In]; hrPrev: HRESULT [In]
F_VN_ConvertITcUnknownToITcVnImage,Node_F_VN_ConvertITcUnknownToITcVnImage,missing,TC3 Vision Base,,,ITcVnImage,,,Reference To ITcUnknown,,,,ipSrc: Reference To ITcUnknown [In]; ipDest: Reference To ITcVnImage [In]; hrPrev: HRESULT [In]
F_VN_ConvertITcUnknownToITcVnMlModel,Node_F_VN_ConvertITcUnknownToITcVnMlModel,missing,TC3 Vision Base,,,ITcVnMlModel,ITcVnMlModel,,Reference To ITcUnknown,,,,ipSrc: Reference To ITcUnknown [In]; ipDest: Reference To ITcVnMlModel [In]; hrPrev: HRESULT [In]
F_VN_ConvertMaps,Node_F_VN_ConvertMaps,registered,TC3 Vision Base,src/sln/lib/mobject-graph-vision-pack/Nodes/Geometric and Coord Transform/Node_F_VN_ConvertMaps.TcPOU,Vision/Geometric and Coordinate Transformations/F_VN_ConvertMaps,ETcVnElementType; ITcVnImage,,,,,,,ipSrcMap1: ITcVnImage [In]; ipSrcMap2: ITcVnImage [In]; ipDestMap1: Reference To ITcVnImage [In]; ipDestMap2: Reference To ITcVnImage [In]; eDestMap1Type: ETcVnElementType [In]; nDestMap1Channels: UINT [In]; hrPrev: HRESULT [In]
F_VN_ConvertPolarToCartesianImages,Node_F_VN_ConvertPolarToCartesianImages,registered,TC3 Vision Base,src/sln/lib/mobject-graph-vision-pack/Nodes/Geometric and Coord Transform/Node_F_VN_ConvertPolarToCartesianImages.TcPOU,Vision/Geometric and Coordinate Transformations/F_VN_ConvertPolarToCartesianImages,ITcVnImage,,,,,,,ipSrcImageMag: ITcVnImage [In]; ipSrcImageAng: ITcVnImage [In]; ipDestImageX: Reference To ITcVnImage [In]; ipDestImageY: Reference To ITcVnImage [In]; hrPrev: HRESULT [In]
F_VN_ConvertPolarToCartesianImagesExp,Node_F_VN_ConvertPolarToCartesianImagesExp,registered,TC3 Vision Base,src/sln/lib/mobject-graph-vision-pack/Nodes/Geometric and Coord Transform/Node_F_VN_ConvertPolarToCartesianImagesExp.TcPOU,Vision/Geometric and Coordinate Transformations/F_VN_ConvertPolarToCartesianImagesExp,ITcVnImage,,,,,,,ipSrcImageMag: ITcVnImage [In]; ipSrcImageAng: ITcVnImage [In]; ipDestImageX: Reference To ITcVnImage [In]; ipDestImageY: Reference To ITcVnImage [In]; bAngleInDegrees: BOOL [In] = FALSE; hrPrev: HRESULT [In]
F_VN_ConvertPolarToCartesianPoints,Node_F_VN_ConvertPolarToCartesianPoints,registered,TC3 Vision Base,src/sln/lib/mobject-graph-vision-pack/Nodes/Geometric and Coord Transform/Node_F_VN_ConvertPolarToCartesianPoints.TcPOU,Vision/Geometric and Coordinate Transformations/F_VN_ConvertPolarToCartesianPoints,ITcVnContainer,,,,,,,ipSrcPointsPolar: ITcVnContainer [In]; ipDestPointsCart: Reference To ITcVnContainer [In]; hrPrev: HRESULT [In]
F_VN_ConvertPolarToCartesianPointsExp,Node_F_VN_ConvertPolarToCartesianPointsExp,registered,TC3 Vision Base,src/sln/lib/mobject-graph-vision-pack/Nodes/Geometric and Coord Transform/Node_F_VN_ConvertPolarToCartesianPointsExp.TcPOU,Vision/Geometric and Coordinate Transformations/F_VN_ConvertPolarToCartesianPointsExp,ITcVnContainer,,,,,,,ipSrcPointsPolar: ITcVnContainer [In]; ipDestPointsCart: Reference To ITcVnContainer [In]; bAngleInDegrees: BOOL [In] = FALSE; hrPrev: HRESULT [In]
F_VN_ConvexHullPoints,Node_F_VN_ConvexHullPoints,registered,TC3 Vision Base,src/sln/lib/mobject-graph-vision-pack/Nodes/Contour Analysis/Node_F_VN_ConvexHullPoints.TcPOU,Vision/Contour Analysis/F_VN_ConvexHullPoints,ITcVnContainer,,,,,,,ipPointSet: ITcVnContainer [In]; ipConvexHull: Reference To ITcVnContainer [In]; hrPrev: HRESULT [In]
F_VN_ConvexHullPointsExp,Node_F_VN_ConvexHullPointsExp,registered,TC3 Vision Base,src/sln/lib/mobject-graph-vision-pack/Nodes/Contour Analysis/Node_F_VN_ConvexHullPointsExp.TcPOU,Vision/Contour Analysis/F_VN_ConvexHullPointsExp,ITcVnContainer,,,,,,,ipPointSet: ITcVnContainer [In]; ipConvexHull: Reference To ITcVnContainer [In]; bClockwise: BOOL [In] = FALSE; hrPrev: HRESULT [In]
F_VN_ConvexityDefects,Node_F_VN_ConvexityDefects,registered,TC3 Vision Base,src/sln/lib/mobject-graph-vision-pack/Nodes/Contour Analysis/Node_F_VN_ConvexityDefects.TcPOU,Vision/Contour Analysis/F_VN_ConvexityDefects,ITcVnContainer,,,,,,,ipContour: ITcVnContainer [In]; ipConvexityDefects: Reference To ITcVnContainer [In]; hrPrev: HRESULT [In]
F_VN_CopyContainer,Node_F_VN_CopyContainer,registered,TC3 Vision Base,src/sln/lib/mobject-graph-vision-pack/Nodes/Basic Container Ops/Node_F_VN_CopyContainer.TcPOU,Vision/Basic Container Operations/F_VN_CopyContainer,ITcVnContainer,,,,,src/sln/lib/mobject-graph-vision-pack/Datatypes/Interfaces/Containers/ITcVnContainer/_ITcVnContainer.TcPOU,,ipSrcContainer: ITcVnContainer [In]; ipDestContainer: Reference To ITcVnContainer [In]; hrPrev: HRESULT [In]
F_VN_CopyContainerElementsConditional_ITcVnContainer,Node_F_VN_CopyContainerElementsConditional_ITcVnContainer,missing,TC3 Vision Base,,,ITcVnContainer; ITcVnCustomElementCondition_ITcVnContainer,ITcVnCustomElementCondition_ITcVnContainer,,,,,,ipSrcContainer: ITcVnContainer [In]; ipDestContainer: Reference To ITcVnContainer [In]; ipConditionFB: ITcVnCustomElementCondition_ITcVnContainer [In]; hrPrev: HRESULT [In]
F_VN_CopyContainerElementsConditional_ITcVnForwardIterator,Node_F_VN_CopyContainerElementsConditional_ITcVnForwardIterator,missing,TC3 Vision Base,,,ITcVnContainer; ITcVnCustomElementCondition_ITcVnForwardIterator,ITcVnCustomElementCondition_ITcVnForwardIterator,,,,,,ipSrcContainer: ITcVnContainer [In]; ipDestContainer: Reference To ITcVnContainer [In]; ipConditionFB: ITcVnCustomElementCondition_ITcVnForwardIterator [In]; hrPrev: HRESULT [In]
F_VN_CopyImage,Node_F_VN_CopyImage,registered,TC3 Vision Base,src/sln/lib/mobject-graph-vision-pack/Nodes/Basic Image Ops/Node_F_VN_CopyImage.TcPOU,Vision/Basic Image Operations/F_VN_CopyImage,ITcVnImage,,,,,src/sln/lib/mobject-graph-vision-pack/Datatypes/Interfaces/Images/ITcVnImage/_ITcVnImage.TcPOU,,ipSrcImage: ITcVnImage [In]; ipDestImage: Reference To ITcVnImage [In]; hrPrev: HRESULT [In]
F_VN_CopyImageRegion,Node_F_VN_CopyImageRegion,registered,TC3 Vision Base,src/sln/lib/mobject-graph-vision-pack/Nodes/Basic Image Ops/Node_F_VN_CopyImageRegion.TcPOU,Vision/Basic Image Operations/F_VN_CopyImageRegion,ITcVnImage,,,,,,,ipSrcImage: ITcVnImage [In]; nX: UDINT [In]; nY: UDINT [In]; nWidth: UDINT [In]; nHeight: UDINT [In]; ipDestImage: Reference To ITcVnImage [In]; hrPrev: HRESULT [In]
F_VN_CopyImageRegionToRegion,Node_F_VN_CopyImageRegionToRegion,registered,TC3 Vision Base,src/sln/lib/mobject-graph-vision-pack/Nodes/Basic Image Ops/Node_F_VN_CopyImageRegionToRegion.TcPOU,Vision/Basic Image Operations/F_VN_CopyImageRegionToRegion,ITcVnImage,,,,,,,ipSrcImage: ITcVnImage [In]; nXSrc: UDINT [In]; nYSrc: UDINT [In]; nWidth: UDINT [In]; nHeight: UDINT [In]; ipDestImage: ITcVnImage [In]; nXDest: UDINT [In]; nYDest: UDINT [In]; hrPrev: HRESULT [In]
F_VN_CopyIntoDisplayableImage,Node_F_VN_CopyIntoDisplayableImage,registered,TC3 Vision Base,src/sln/lib/mobject-graph-vision-pack/Nodes/Basic Image Ops/Node_F_VN_CopyIntoDisplayableImage.TcPOU,Vision/Basic Image Operations/F_VN_CopyIntoDisplayableImage,ITcVnDisplayableImage; ITcVnImage,,,,,,,ipSrcImage: ITcVnImage [In]; ipDestImage: Reference To ITcVnDisplayableImage [In]; hrPrev: HRESULT [In]
F_VN_CopyIntoDisplayableImageExp,Node_F_VN_CopyIntoDisplayableImageExp,missing,TC3 Vision Base,,,ITcVnDisplayableImage; ITcVnImage,,,,,,,ipSrcImage: ITcVnImage [In]; ipDestImage: Reference To ITcVnDisplayableImage [In]; nTimestamp: LINT [In] = 0; hrPrev: HRESULT [In]
F_VN_CountNonZeroPixels,Node_F_VN_CountNonZeroPixels,registered,TC3 Vision Base,src/sln/lib/mobject-graph-vision-pack/Nodes/Image Analysis/Node_F_VN_CountNonZeroPixels.TcPOU,Vision/Image Analysis/F_VN_CountNonZeroPixels,ITcVnImage,,,,,,,ipSrcImage: ITcVnImage [In]; nNonZero: ULINT [InOut]; hrPrev: HRESULT [In]
F_VN_CreateAssociatedImage,Node_F_VN_CreateAssociatedImage,registered,TC3 Vision Base,src/sln/lib/mobject-graph-vision-pack/Nodes/Basic Image Ops/Node_F_VN_CreateAssociatedImage.TcPOU,Vision/Basic Image Operations/F_VN_CreateAssociatedImage,ITcVnImage,,,,,,,ipSrcImage: ITcVnImage [In]; ipDestImage: Reference To ITcVnImage [In]; hrPrev: HRESULT [In]
F_VN_CreateBandpassButterworthFilter,Node_F_VN_CreateBandpassButterworthFilter,registered,TC3 Vision Base,src/sln/lib/mobject-graph-vision-pack/Nodes/Fourier Analysis/Node_F_VN_CreateBandpassButterworthFilter.TcPOU,Vision/Fourier Analysis/F_VN_CreateBandpassButterworthFilter,ITcVnImage,,,,,,,ipFilter: Reference To ITcVnImage [In]; nWidth: UDINT [In]; nHeight: UDINT [In]; bDoublePrecision: BOOL [In]; bOriginAtCenter: BOOL [In]; fCutoffDistance: LREAL [In]; fBandWidth: LREAL [In]; nOrder: UDINT [In]; fScale: LREAL [In]; hrPrev: HRESULT [In]
F_VN_CreateBandpassGaussianFilter,Node_F_VN_CreateBandpassGaussianFilter,registered,TC3 Vision Base,src/sln/lib/mobject-graph-vision-pack/Nodes/Fourier Analysis/Node_F_VN_CreateBandpassGaussianFilter.TcPOU,Vision/Fourier Analysis/F_VN_CreateBandpassGaussianFilter,ITcVnImage,,,,,,,ipFilter: Reference To ITcVnImage [In]; nWidth: UDINT [In]; nHeight: UDINT [In]; bDoublePrecision: BOOL [In]; bOriginAtCenter: BOOL [In]; fCutoffDistance: LREAL [In]; fBandWidth: LREAL [In]; hrPrev: HRESULT [In]
F_VN_CreateBandrejectButterworthFilter,Node_F_VN_CreateBandrejectButterworthFilter,registered,TC3 Vision Base,src/sln/lib/mobject-graph-vision-pack/Nodes/Fourier Analysis/Node_F_VN_CreateBandrejectButterworthFilter.TcPOU,Vision/Fourier Analysis/F_VN_CreateBandrejectButterworthFilter,ITcVnImage,,,,,,,ipFilter: Reference To ITcVnImage [In]; nWidth: UDINT [In]; nHeight: UDINT [In]; bDoublePrecision: BOOL [In]; bOriginAtCenter: BOOL [In]; fCutoffDistance: LREAL [In]; fBandWidth: LREAL [In]; nOrder: UDINT [In]; fScale: LREAL [In]; hrPrev: HRESULT [In]
F_VN_CreateBandrejectGaussianFilter,Node_F_VN_CreateBandrejectGaussianFilter,registered,TC3 Vision Base,src/sln/lib/mobject-graph-vision-pack/Nodes/Fourier Analysis/Node_F_VN_CreateBandrejectGaussianFilter.TcPOU,Vision/Fourier Analysis/F_VN_CreateBandrejectGaussianFilter,ITcVnImage,,,,,,,ipFilter: Reference To ITcVnImage [In]; nWidth: UDINT [In]; nHeight: UDINT [In]; bDoublePrecision: BOOL [In]; bOriginAtCenter: BOOL [In]; fCutoffDistance: LREAL [In]; fBandWidth: LREAL [In]; hrPrev: HRESULT [In]
F_VN_CreateBoostClassifier,Node_F_VN_CreateBoostClassifier,missing,TC3 Machine Learning Realtime Inference,,,ITcVnMlModel,ITcVnMlModel,,,,,,ipMlModel: Reference To ITcVnMlModel [In]; hrPrev: HRESULT [In]
F_VN_CreateBoostClassifierExp,Node_F_VN_CreateBoostClassifierExp,missing,TC3 Machine Learning Realtime Inference,,,ETcVnBoostClassifierType; ITcVnMlModel,ITcVnMlModel,,,,,,ipMlModel: Reference To ITcVnMlModel [In]; eType: ETcVnBoostClassifierType [In] = TCVN_BCT_REAL; nMaxDepth: UDINT [In] = 1; nMinSamples: UDINT [In] = 10; nWeakClassifiers: UDINT [In] = 100; fWeightTrimRate: LREAL [In] = 0.95; hrPrev: HRESULT [In]
F_VN_CreateBoostClassifierExp2,Node_F_VN_CreateBoostClassifierExp2,missing,TC3 Machine Learning Realtime Inference,,,ETcVnBoostClassifierType; ITcVnContainer; ITcVnMlModel,ITcVnMlModel,,,,,,ipMlModel: Reference To ITcVnMlModel [In]; eType: ETcVnBoostClassifierType [In] = TCVN_BCT_REAL; nMaxDepth: UDINT [In] = 1; nMinSamples: UDINT [In] = 10; nWeakClassifiers: UDINT [In] = 100; fWeightTrimRate: LREAL [In] = 0.95; ipClassPriors: ITcVnContainer [In] = 0; hrPrev: HRESULT [In]
F_VN_CreateContainer,Node_F_VN_CreateContainer,registered,TC3 Vision Base,src/sln/lib/mobject-graph-vision-pack/Nodes/Basic Container Ops/Node_F_VN_CreateContainer.TcPOU,Vision/Basic Container Operations/F_VN_CreateContainer,ITcVnContainer,,,,,,,ipContainer: Reference To ITcVnContainer [In]; nTypeGuid: GUID [In]; nElementNum: ULINT [In]; hrPrev: HRESULT [In]
F_VN_CreateContainerFromArray,Node_F_VN_CreateContainerFromArray,missing,TC3 Vision Base,,,ITcVnContainer,,,,pData: PVOID,,,pData: PVOID [In]; ipContainer: Reference To ITcVnContainer [In]; nTypeGuid: GUID [In]; nElementNum: ULINT [In]; hrPrev: HRESULT [In]
F_VN_CreateEmptyImage,Node_F_VN_CreateEmptyImage,registered,TC3 Vision Base,src/sln/lib/mobject-graph-vision-pack/Nodes/Basic Image Ops/Node_F_VN_CreateEmptyImage.TcPOU,Vision/Basic Image Operations/F_VN_CreateEmptyImage,ITcVnImage,,,,,,,ipImage: Reference To ITcVnImage [In]; hrPrev: HRESULT [In]
F_VN_CreateHighpassButterworthFilter,Node_F_VN_CreateHighpassButterworthFilter,registered,TC3 Vision Base,src/sln/lib/mobject-graph-vision-pack/Nodes/Fourier Analysis/Node_F_VN_CreateHighpassButterworthFilter.TcPOU,Vision/Fourier Analysis/F_VN_CreateHighpassButterworthFilter,ITcVnImage,,,,,,,ipFilter: Reference To ITcVnImage [In]; nWidth: UDINT [In]; nHeight: UDINT [In]; bDoublePrecision: BOOL [In]; bOriginAtCenter: BOOL [In]; fCutoffDistance: LREAL [In]; nOrder: UDINT [In]; fScale: LREAL [In]; hrPrev: HRESULT [In]
F_VN_CreateHighpassGaussianFilter,Node_F_VN_CreateHighpassGaussianFilter,registered,TC3 Vision Base,src/sln/lib/mobject-graph-vision-pack/Nodes/Fourier Analysis/Node_F_VN_CreateHighpassGaussianFilter.TcPOU,Vision/Fourier Analysis/F_VN_CreateHighpassGaussianFilter,ITcVnImage,,,,,,,ipFilter: Reference To ITcVnImage [In]; nWidth: UDINT [In]; nHeight: UDINT [In]; bDoublePrecision: BOOL [In]; bOriginAtCenter: BOOL [In]; fCutoffDistance: LREAL [In]; hrPrev: HRESULT [In]
F_VN_CreateImage,Node_F_VN_CreateImage,registered,TC3 Vision Base,src/sln/lib/mobject-graph-vision-pack/Nodes/Basic Image Ops/Node_F_VN_CreateImage.TcPOU,Vision/Basic Image Operations/F_VN_CreateImage,ETcVnElementType; ITcVnImage,,,,,,,ipImage: Reference To ITcVnImage [In]; nWidth: UDINT [In]; nHeight: UDINT [In]; ePixelType: ETcVnElementType [In]; nChannelNum: UDINT [In]; hrPrev: HRESULT [In]
F_VN_CreateImageAndSetPixels,Node_F_VN_CreateImageAndSetPixels,registered,TC3 Vision Base,src/sln/lib/mobject-graph-vision-pack/Nodes/Basic Image Ops/Node_F_VN_CreateImageAndSetPixels.TcPOU,Vision/Basic Image Operations/F_VN_CreateImageAndSetPixels,ETcVnElementType; ITcVnImage; TcVnVector4_LREAL,,,,,,,ipImage: Reference To ITcVnImage [In]; nWidth: UDINT [In]; nHeight: UDINT [In]; ePixelType: ETcVnElementType [In]; nChannelNum: UDINT [In]; aValue: TcVnVector4_LREAL [InOut]; hrPrev: HRESULT [In]
F_VN_CreateImageFromArray,Node_F_VN_CreateImageFromArray,missing,TC3 Vision Base,,,ETcVnElementType; ITcVnImage,,,,pData: PVOID,src/sln/lib/mobject-graph-vision-pack/Datatypes/Interfaces/Images/ITcVnImage/_ITcVnImage.TcPOU,,pData: PVOID [In]; ipImage: Reference To ITcVnImage [In]; nWidth: UDINT [In]; nHeight: UDINT [In]; ePixelType: ETcVnElementType [In]; nChannelNum: UDINT [In]; hrPrev: HRESULT [In]
F_VN_CreateKmppModel,Node_F_VN_CreateKmppModel,missing,TC3 Machine Learning Realtime Inference,,,ETcVnPrototypeClusterer; ITcVnMlModel,ITcVnMlModel,,,,,,ipMlModel: Reference To ITcVnMlModel [In]; eKmppType: ETcVnPrototypeClusterer [In]; nK: UDINT [In]; hrPrev: HRESULT [In]
F_VN_CreateKmppModelExp,Node_F_VN_CreateKmppModelExp,missing,TC3 Machine Learning Realtime Inference,,,ETcVnPrototypeClusterer; ITcVnMlModel,ITcVnMlModel,,,,,,ipMlModel: Reference To ITcVnMlModel [In]; eKmppType: ETcVnPrototypeClusterer [In]; nK: UDINT [In]; bDoublePrecision: BOOL [In] = FALSE; nMaxIterations: UDINT [In] = 0; fEpsilon: LREAL [In] = 0.0; hrPrev: HRESULT [In]
F_VN_CreateKnnModel,Node_F_VN_CreateKnnModel,missing,TC3 Machine Learning Realtime Inference,,,ETcVnKnn; ITcVnMlModel,ITcVnMlModel,,,,,,ipMlModel: Reference To ITcVnMlModel [In]; eKnnType: ETcVnKnn [In]; nK: UDINT [In]; hrPrev: HRESULT [In]
F_VN_CreateLbgModel,Node_F_VN_CreateLbgModel,missing,TC3 Machine Learning Realtime Inference,,,ETcVnPrototypeClusterer; ITcVnMlModel,ITcVnMlModel,,,,,,ipMlModel: Reference To ITcVnMlModel [In]; eLbgType: ETcVnPrototypeClusterer [In]; nMaxClusters: UDINT [In]; fMaxClusterRadius: LREAL [In]; bSingleSplitSteps: BOOL [In]; hrPrev: HRESULT [In]
F_VN_CreateLbgModelExp,Node_F_VN_CreateLbgModelExp,missing,TC3 Machine Learning Realtime Inference,,,ETcVnPrototypeClusterer; ITcVnMlModel,ITcVnMlModel,,,,,,ipMlModel: Reference To ITcVnMlModel [In]; eLbgType: ETcVnPrototypeClusterer [In]; nMaxClusters: UDINT [In]; fMaxClusterRadius: LREAL [In]; bSingleSplitSteps: BOOL [In]; bDoublePrecision: BOOL [In] = FALSE; nMaxIterations: UDINT [In] = 0; fEpsilon: LREAL [In] = 0.0; hrPrev: HRESULT [In]
F_VN_CreateLdaTransform,Node_F_VN_CreateLdaTransform,missing,TC3 Machine Learning Realtime Inference,,,ITcVnContainer; ITcVnMlModel,ITcVnMlModel,,ITcUnknown,,,,ipMlModel: Reference To ITcVnMlModel [In]; ipSamples: ITcUnknown [In]; ipClasses: ITcVnContainer [In]; hrPrev: HRESULT [In]
F_VN_CreateLdaTransformViaComponentNum,Node_F_VN_CreateLdaTransformViaComponentNum,missing,TC3 Machine Learning Realtime Inference,,,ITcVnContainer; ITcVnMlModel,ITcVnMlModel,,ITcUnknown,,,,ipMlModel: Reference To ITcVnMlModel [In]; ipSamples: ITcUnknown [In]; ipClasses: ITcVnContainer [In]; nComponentNum: UDINT [In]; hrPrev: HRESULT [In]
F_VN_CreateLowpassButterworthFilter,Node_F_VN_CreateLowpassButterworthFilter,registered,TC3 Vision Base,src/sln/lib/mobject-graph-vision-pack/Nodes/Fourier Analysis/Node_F_VN_CreateLowpassButterworthFilter.TcPOU,Vision/Fourier Analysis/F_VN_CreateLowpassButterworthFilter,ITcVnImage,,,,,,,ipFilter: Reference To ITcVnImage [In]; nWidth: UDINT [In]; nHeight: UDINT [In]; bDoublePrecision: BOOL [In]; bOriginAtCenter: BOOL [In]; fCutoffDistance: LREAL [In]; nOrder: UDINT [In]; fScale: LREAL [In]; hrPrev: HRESULT [In]
F_VN_CreateLowpassGaussianFilter,Node_F_VN_CreateLowpassGaussianFilter,registered,TC3 Vision Base,src/sln/lib/mobject-graph-vision-pack/Nodes/Fourier Analysis/Node_F_VN_CreateLowpassGaussianFilter.TcPOU,Vision/Fourier Analysis/F_VN_CreateLowpassGaussianFilter,ITcVnImage,,,,,,,ipFilter: Reference To ITcVnImage [In]; nWidth: UDINT [In]; nHeight: UDINT [In]; bDoublePrecision: BOOL [In]; bOriginAtCenter: BOOL [In]; fCutoffDistance: LREAL [In]; hrPrev: HRESULT [In]
F_VN_CreateNDimensionalImage,Node_F_VN_CreateNDimensionalImage,registered,TC3 Vision Base,src/sln/lib/mobject-graph-vision-pack/Nodes/Basic Image Ops/Node_F_VN_CreateNDimensionalImage.TcPOU,Vision/Basic Image Operations/F_VN_CreateNDimensionalImage,ETcVnElementType; ITcVnImage; TcVnArray33_UDINT,,,,,,,ipImage: Reference To ITcVnImage [In]; aShape: TcVnArray33_UDINT [InOut]; ePixelType: ETcVnElementType [In]; hrPrev: HRESULT [In]
F_VN_CreateNDimensionalImageAndSetPixels,Node_F_VN_CreateNDimensionalImageAndSetPixels,registered,TC3 Vision Base,src/sln/lib/mobject-graph-vision-pack/Nodes/Basic Image Ops/Node_F_VN_CreateNDimensionalImageAndSetPixels.TcPOU,Vision/Basic Image Operations/F_VN_CreateNDimensionalImageAndSetPixels,ETcVnElementType; ITcVnImage; TcVnArray33_UDINT,,,,,,,ipImage: Reference To ITcVnImage [In]; aShape: TcVnArray33_UDINT [InOut]; ePixelType: ETcVnElementType [In]; fValue: LREAL [In]; hrPrev: HRESULT [In]
F_VN_CreateNDimensionalImageFromArray,Node_F_VN_CreateNDimensionalImageFromArray,missing,TC3 Vision Base,,,ETcVnElementType; ITcVnImage; TcVnArray33_UDINT,,,,pData: PVOID,,,pData: PVOID [In]; ipImage: Reference To ITcVnImage [In]; aShape: TcVnArray33_UDINT [InOut]; ePixelType: ETcVnElementType [In]; hrPrev: HRESULT [In]
F_VN_CreateNbcModel,Node_F_VN_CreateNbcModel,missing,TC3 Machine Learning Realtime Inference,,,ETcVnNbc; ITcVnMlModel,ITcVnMlModel,,,,,,ipMlModel: Reference To ITcVnMlModel [In]; eNbcType: ETcVnNbc [In]; hrPrev: HRESULT [In]
F_VN_CreatePcaTransform,Node_F_VN_CreatePcaTransform,missing,TC3 Machine Learning Realtime Inference,,,ITcVnMlModel,ITcVnMlModel,,ITcUnknown,,,,ipMlModel: Reference To ITcVnMlModel [In]; ipSamples: ITcUnknown [In]; hrPrev: HRESULT [In]
F_VN_CreatePcaTransformViaComponentNum,Node_F_VN_CreatePcaTransformViaComponentNum,missing,TC3 Machine Learning Realtime Inference,,,ITcVnMlModel,ITcVnMlModel,,ITcUnknown,,,,ipMlModel: Reference To ITcVnMlModel [In]; ipSamples: ITcUnknown [In]; nComponentNum: UDINT [In]; hrPrev: HRESULT [In]
F_VN_CreatePcaTransformViaVariance,Node_F_VN_CreatePcaTransformViaVariance,missing,TC3 Machine Learning Realtime Inference,,,ITcVnMlModel,ITcVnMlModel,,ITcUnknown,,,,ipMlModel: Reference To ITcVnMlModel [In]; ipSamples: ITcUnknown [In]; fRetainedVariance: LREAL [In]; hrPrev: HRESULT [In]
F_VN_CreateRTreesModel,Node_F_VN_CreateRTreesModel,missing,TC3 Machine Learning Realtime Inference,,,ETcVnRTrees; ITcVnMlModel,ITcVnMlModel,,,,,,ipMlModel: Reference To ITcVnMlModel [In]; eRTreesType: ETcVnRTrees [In]; hrPrev: HRESULT [In]
F_VN_CreateRTreesModelExp,Node_F_VN_CreateRTreesModelExp,missing,TC3 Machine Learning Realtime Inference,,,ETcVnRTrees; ITcVnMlModel,ITcVnMlModel,,,,,,ipMlModel: Reference To ITcVnMlModel [In]; eRTreesType: ETcVnRTrees [In]; nMaxDepth: UDINT [In] = 5; nMinSamples: UDINT [In] = 10; nActiveVariables: UDINT [In] = 0; nMaxIterations: UDINT [In] = 0; fEpsilon: LREAL [In] = 0.0; hrPrev: HRESULT [In]
F_VN_CreateRTreesModelExp2,Node_F_VN_CreateRTreesModelExp2,missing,TC3 Machine Learning Realtime Inference,,,ETcVnRTrees; ITcVnContainer; ITcVnMlModel,ITcVnMlModel,,,,,,ipMlModel: Reference To ITcVnMlModel [In]; eRTreesType: ETcVnRTrees [In]; nMaxDepth: UDINT [In] = 5; nMinSamples: UDINT [In] = 10; nActiveVariables: UDINT [In] = 0; nMaxIterations: UDINT [In] = 0; fEpsilon: LREAL [In] = 0.0; fRegressionAccuracy: REAL [In] = 0; ipClassPriors: ITcVnContainer [In] = 0; hrPrev: HRESULT [In]
F_VN_CreateStaModel,Node_F_VN_CreateStaModel,missing,TC3 Machine Learning Realtime Inference,,,ETcVnSta; ITcVnMlModel,ITcVnMlModel,,,,,,ipMlModel: Reference To ITcVnMlModel [In]; eStaType: ETcVnSta [In]; fRho: LREAL [In]; hrPrev: HRESULT [In]
F_VN_CreateStaModelExp,Node_F_VN_CreateStaModelExp,missing,TC3 Machine Learning Realtime Inference,,,ETcVnSta; ITcVnMlModel,ITcVnMlModel,,,,,,ipMlModel: Reference To ITcVnMlModel [In]; eStaType: ETcVnSta [In]; fRho: LREAL [In]; nNu: UDINT [In] = 3; bDoublePrecision: BOOL [In] = FALSE; hrPrev: HRESULT [In]
F_VN_CreateStaModelExp2,Node_F_VN_CreateStaModelExp2,missing,TC3 Machine Learning Realtime Inference,,,ETcVnSta; ITcVnMlModel,ITcVnMlModel,,,,,,ipMlModel: Reference To ITcVnMlModel [In]; eStaType: ETcVnSta [In]; fRho: LREAL [In]; nNu: UDINT [In] = 3; bDoublePrecision: BOOL [In] = FALSE; fBetaSbm: LREAL [In] = 0.0; nPhi: UDINT [In] = 1; nTau: UDINT [In] = 100; hrPrev: HRESULT [In]
F_VN_CreateStructuringElement,Node_F_VN_CreateStructuringElement,registered,TC3 Vision Base,src/sln/lib/mobject-graph-vision-pack/Nodes/Image Filtering/Node_F_VN_CreateStructuringElement.TcPOU,Vision/Image Filtering/F_VN_CreateStructuringElement,ETcVnStructuringElementShape; ITcVnImage,,,,,,,ipStructuringElement: Reference To ITcVnImage [In]; eShape: ETcVnStructuringElementShape [In]; nWidth: UDINT [In]; nHeight: UDINT [In]; hrPrev: HRESULT [In]
F_VN_CreateSvmModel,Node_F_VN_CreateSvmModel,missing,TC3 Machine Learning Realtime Inference,,,ETcVnSvm; ETcVnSvmKernelType; ITcVnMlModel,ITcVnMlModel,,,,,,ipMlModel: Reference To ITcVnMlModel [In]; eSvmType: ETcVnSvm [In]; fC: LREAL [In]; fNu: LREAL [In]; fP: LREAL [In]; eKernelType: ETcVnSvmKernelType [In]; fGamma: LREAL [In]; fCoef0: LREAL [In]; fDegree: LREAL [In]; hrPrev: HRESULT [In]
F_VN_CreateSvmModelExp,Node_F_VN_CreateSvmModelExp,missing,TC3 Machine Learning Realtime Inference,,,ETcVnSvm; ETcVnSvmKernelType; ITcVnMlModel,ITcVnMlModel,,,,,,ipMlModel: Reference To ITcVnMlModel [In]; eSvmType: ETcVnSvm [In]; fC: LREAL [In]; fNu: LREAL [In]; fP: LREAL [In]; eKernelType: ETcVnSvmKernelType [In]; fGamma: LREAL [In]; fCoef0: LREAL [In]; fDegree: LREAL [In]; nMaxIterations: UDINT [In] = 0; fEpsilon: LREAL [In] = 0.0; hrPrev: HRESULT [In]
F_VN_CreateSvmModelExp2,Node_F_VN_CreateSvmModelExp2,missing,TC3 Machine Learning Realtime Inference,,,ETcVnSvm; ETcVnSvmKernelType; ITcVnContainer; ITcVnMlModel,ITcVnMlModel,,,,,,ipMlModel: Reference To ITcVnMlModel [In]; eSvmType: ETcVnSvm [In]; fC: LREAL [In]; fNu: LREAL [In]; fP: LREAL [In]; eKernelType: ETcVnSvmKernelType [In]; fGamma: LREAL [In]; fCoef0: LREAL [In]; fDegree: LREAL [In]; nMaxIterations: UDINT [In] = 0; fEpsilon: LREAL [In] = 0.0; ipClassWeights: ITcVnContainer [In] = 0; hrPrev: HRESULT [In]
F_VN_CreateSvmSgdClassifier,Node_F_VN_CreateSvmSgdClassifier,missing,TC3 Machine Learning Realtime Inference,,,ITcVnMlModel,ITcVnMlModel,,,,,,ipMlModel: Reference To ITcVnMlModel [In]; hrPrev: HRESULT [In]
F_VN_CreateSvmSgdClassifierExp,Node_F_VN_CreateSvmSgdClassifierExp,missing,TC3 Machine Learning Realtime Inference,,,ETcVnSvmSgdClassifierMarginType; ETcVnSvmSgdClassifierType; ITcVnMlModel,ITcVnMlModel,,,,,,ipMlModel: Reference To ITcVnMlModel [In]; eType: ETcVnSvmSgdClassifierType [In] = TCVN_SSCT_ASGD; eMarginType: ETcVnSvmSgdClassifierMarginType [In] = TCVN_SSCMT_SOFT_MARGIN; fMarginRegularization: REAL [In] = 0.00001; fInitialStepSize: REAL [In] = 0.05; fStepDecreasingPower: REAL [In] = 0.75; nMaxIterations: UDINT [In] = 0; fEpsilon: LREAL [In] = 0.0; hrPrev: HRESULT [In]
F_VN_CustomElementWiseContainerOperation_ITcVnContainer,Node_F_VN_CustomElementWiseContainerOperation_ITcVnContainer,missing,TC3 Vision Base,,,ITcVnContainer; ITcVnCustomContainerOperation_ITcVnContainer,ITcVnCustomContainerOperation_ITcVnContainer,,,,,,ipContainer1: ITcVnContainer [In]; ipContainer2: ITcVnContainer [In]; ipContainer3: ITcVnContainer [In]; ipOperationFB: ITcVnCustomContainerOperation_ITcVnContainer [In]; hrPrev: HRESULT [In]
F_VN_CustomElementWiseContainerOperation_ITcVnForwardIterator,Node_F_VN_CustomElementWiseContainerOperation_ITcVnForwardIterator,missing,TC3 Vision Base,,,ITcVnContainer; ITcVnCustomContainerOperation_ITcVnForwardIterator,ITcVnCustomContainerOperation_ITcVnForwardIterator,,,,,,ipContainer1: ITcVnContainer [In]; ipContainer2: ITcVnContainer [In]; ipContainer3: ITcVnContainer [In]; ipOperationFB: ITcVnCustomContainerOperation_ITcVnForwardIterator [In]; hrPrev: HRESULT [In]
F_VN_CustomFilter,Node_F_VN_CustomFilter,missing,TC3 Vision Base,,,ETcVnElementType; ITcVnImage; TcVnMatrix,TcVnMatrix,,,,,,ipSrcImage: ITcVnImage [In]; ipDestImage: Reference To ITcVnImage [In]; eDestDepth: ETcVnElementType [In]; stKernel: TcVnMatrix [InOut]; hrPrev: HRESULT [In]
F_VN_CustomFilterExp,Node_F_VN_CustomFilterExp,missing,TC3 Vision Base,,,ETcVnBorderInterpolationMethod; ETcVnElementType; ITcVnImage; TcVnMatrix; TcVnPoint,TcVnMatrix,,,,,,"ipSrcImage: ITcVnImage [In]; ipDestImage: Reference To ITcVnImage [In]; eDestDepth: ETcVnElementType [In]; stKernel: TcVnMatrix [InOut]; aAnchor: TcVnPoint [InOut] = {-1, -1}; fDelta: LREAL [In] = 0; eBorderType: ETcVnBorderInterpolationMethod [In] = TCVN_BIM_DEFAULT; hrPrev: HRESULT [In]"
F_VN_DarkBorderObjects,Node_F_VN_DarkBorderObjects,registered,TC3 Vision Base,src/sln/lib/mobject-graph-vision-pack/Nodes/Image Filtering/Node_F_VN_DarkBorderObjects.TcPOU,Vision/Image Filtering/F_VN_DarkBorderObjects,ITcVnImage,,,,,,,ipSrcImage: ITcVnImage [In]; ipDestImage: Reference To ITcVnImage [In]; hrPrev: HRESULT [In]
F_VN_DecomposeAffineTransformation,Node_F_VN_DecomposeAffineTransformation,registered,TC3 Vision Base,src/sln/lib/mobject-graph-vision-pack/Nodes/Geometric and Coord Transform/Node_F_VN_DecomposeAffineTransformation.TcPOU,Vision/Geometric and Coordinate Transformations/F_VN_DecomposeAffineTransformation,TcVnMatrix2x3_LREAL,,,,,,,aAffineTransform: TcVnMatrix2x3_LREAL [InOut]; fRotationAngle: LREAL [InOut]; hrPrev: HRESULT [In]
F_VN_DecomposeAffineTransformationExp,Node_F_VN_DecomposeAffineTransformationExp,registered,TC3 Vision Base,src/sln/lib/mobject-graph-vision-pack/Nodes/Geometric and Coord Transform/Node_F_VN_DecomposeAffineTransformationExp.TcPOU,Vision/Geometric and Coordinate Transformations/F_VN_DecomposeAffineTransformationExp,TcVnMatrix2x3_LREAL; TcVnVector2_LREAL,,,,,,,"aAffineTransform: TcVnMatrix2x3_LREAL [InOut]; fRotationAngle: LREAL [InOut]; aTranslationVector: TcVnVector2_LREAL [InOut] = {0, 0}; aScaleVector: TcVnVector2_LREAL [InOut] = {0, 0}; aSkewVector: TcVnVector2_LREAL [InOut] = {0, 0}; hrPrev: HRESULT [In]"
F_VN_DecomposeHomography,Node_F_VN_DecomposeHomography,missing,TC3 Vision Base,,,TcVnMatrix3x3_LREAL; TcVnVector3_LREAL,,,,,,,aHomography: TcVnMatrix3x3_LREAL [InOut]; aCameraMatrix: TcVnMatrix3x3_LREAL [InOut]; aRotationMatrixA: TcVnMatrix3x3_LREAL [InOut]; aTranslationVectorA: TcVnVector3_LREAL [InOut]; aNormVectorA: TcVnVector3_LREAL [InOut]; aRotationMatrixB: TcVnMatrix3x3_LREAL [InOut]; aTranslationVectorB: TcVnVector3_LREAL [InOut]; aNormVectorB: TcVnVector3_LREAL [InOut]; hrPrev: HRESULT [In]; nSolutions: UDINT [Out]
F_VN_DecomposeHomographyExp,Node_F_VN_DecomposeHomographyExp,missing,TC3 Vision Base,,,ITcVnContainer; TcVnMatrix3x3_LREAL; TcVnVector3_LREAL,,,,,,,aHomography: TcVnMatrix3x3_LREAL [InOut]; aCameraMatrix: TcVnMatrix3x3_LREAL [InOut]; aRotationMatrixA: TcVnMatrix3x3_LREAL [InOut]; aTranslationVectorA: TcVnVector3_LREAL [InOut]; aNormVectorA: TcVnVector3_LREAL [InOut]; aRotationMatrixB: TcVnMatrix3x3_LREAL [InOut]; aTranslationVectorB: TcVnVector3_LREAL [InOut]; aNormVectorB: TcVnVector3_LREAL [InOut]; ipPointsSrc: ITcVnContainer [In] = 0; ipPointsDes: ITcVnContainer [In] = 0; ipInlierMask: ITcVnContainer [In] = 0; hrPrev: HRESULT [In]; nSolutions: UDINT [Out]
F_VN_DeinitializeFunction,Node_F_VN_DeinitializeFunction,registered,TC3 Vision Base,src/sln/lib/mobject-graph-vision-pack/Nodes/Miscellaneous/Node_F_VN_DeinitializeFunction.TcPOU,Vision/Miscellaneous/F_VN_DeinitializeFunction,ETcVnInitializableFunction,,,,,,,eFunction: ETcVnInitializableFunction [In]; nOptions: ULINT [In]; hrPrev: HRESULT [In]
F_VN_DemosaicPolarizedImage,Node_F_VN_DemosaicPolarizedImage,registered,TC3 Vision Base,src/sln/lib/mobject-graph-vision-pack/Nodes/Polarization/Node_F_VN_DemosaicPolarizedImage.TcPOU,Vision/Polarization/F_VN_DemosaicPolarizedImage,ETcVnPixelEncoding; ETcVnPolarizedImageInterpolation; ITcVnImage,,,,,,,ipPolarizedImage: ITcVnImage [In]; ip0Deg: Reference To ITcVnImage [In]; ip45Deg: Reference To ITcVnImage [In]; ip90Deg: Reference To ITcVnImage [In]; ip135Deg: Reference To ITcVnImage [In]; eEncoding: ETcVnPixelEncoding [In]; eInterpolation: ETcVnPolarizedImageInterpolation [In]; hrPrev: HRESULT [In]
F_VN_DetectBarcodesWalsh,Node_F_VN_DetectBarcodesWalsh,missing,TC3 Vision Code Reading,,,ITcVnContainer; ITcVnImage; TcVnParamsWalshBarcodeDetection,,,,,,,ipSrcImage: ITcVnImage [In]; ipBarcodes: Reference To ITcVnContainer [In]; eOptions: UDINT [In] = TCVN_DBWO_HORIZONTAL; stParams: TcVnParamsWalshBarcodeDetection [InOut]; hrPrev: HRESULT [In]
F_VN_DetectBlobs,Node_F_VN_DetectBlobs,registered,TC3 Vision Base,src/sln/lib/mobject-graph-vision-pack/Nodes/Image Analysis/Object Detection/Node_F_VN_DetectBlobs.TcPOU,Vision/Image Analysis/Object Detection/F_VN_DetectBlobs,ITcVnContainer; ITcVnImage; TcVnParamsBlobDetection,,,,,,,ipSrcImage: ITcVnImage [In]; ipBlobContours: Reference To ITcVnContainer [In]; stParams: TcVnParamsBlobDetection [InOut]; hrPrev: HRESULT [In]
F_VN_DetectBlobsExp,Node_F_VN_DetectBlobsExp,registered,TC3 Vision Base,src/sln/lib/mobject-graph-vision-pack/Nodes/Image Analysis/Object Detection/Node_F_VN_DetectBlobsExp.TcPOU,Vision/Image Analysis/Object Detection/F_VN_DetectBlobsExp,ITcVnContainer; ITcVnImage; TcVnParamsBlobDetection; TcVnPoint,,,,,,,"ipSrcImage: ITcVnImage [In]; ipBlobContours: Reference To ITcVnContainer [In]; stParams: TcVnParamsBlobDetection [InOut]; aOffset: TcVnPoint [InOut] = {0, 0}; hrPrev: HRESULT [In]"
F_VN_DetectCodesNeuralNetwork,Node_F_VN_DetectCodesNeuralNetwork,registered,TC3 Vision Code Reading,src/sln/lib/mobject-graph-vision-pack/Nodes/Code Reading/Node_F_VN_DetectCodesNeuralNetwork.TcPOU,Vision/Code Reading/F_VN_DetectCodesNeuralNetwork,ETcVnCodeDetectionModel; ITcVnContainer; ITcVnImage,,,,,,,ipSrcImage: ITcVnImage [In]; ipCodeRegions: Reference To ITcVnContainer [In]; ipCodeTypes: Reference To ITcVnContainer [In]; eModelType: ETcVnCodeDetectionModel [In]; nCodeType: ULINT [In]; hrPrev: HRESULT [In]
F_VN_DetectPatternPoints,Node_F_VN_DetectPatternPoints,registered,TC3 Vision Metrology 2D,src/sln/lib/mobject-graph-vision-pack/Nodes/Geometric and Coord Transform/Calibration/Node_F_VN_DetectPatternPoints.TcPOU,Vision/Geometric and Coordinate Transformations/Calibration/F_VN_DetectPatternPoints,ITcVnContainer; ITcVnImage; TcVnParamsBlobDetection,,,,,,,ipSrcImage: ITcVnImage [In]; ipPatternPoints: Reference To ITcVnContainer [In]; stBlobDetectionParams: TcVnParamsBlobDetection [InOut]; nNumberOfPoints: UDINT [In]; hrPrev: HRESULT [In]
F_VN_DetectPatternPoints2,Node_F_VN_DetectPatternPoints2,missing,TC3 Vision Metrology 2D,,,ITcVnContainer; ITcVnImage; TcVnParamsSB,,,,,,,ipSrcImage: ITcVnImage [In]; ipPatternPoints: Reference To ITcVnContainer [In]; stBlobDetectionParams: TcVnParamsSB [InOut]; nPatternRows: UDINT [In]; nPatternCols: UDINT [In]; nOptions: UDINT [In]; hrPrev: HRESULT [In]
F_VN_DetectPatternPointsExp,Node_F_VN_DetectPatternPointsExp,missing,TC3 Vision Metrology 2D,,,ETcVnEdgeDetectionAlgorithm; ETcVnEdgeDirection; ITcVnContainer; ITcVnImage; TcVnParamsBlobDetection,,,,,,,ipSrcImage: ITcVnImage [In]; ipPatternPoints: Reference To ITcVnContainer [In]; stBlobDetectionParams: TcVnParamsBlobDetection [InOut]; nNumberOfPoints: UDINT [In]; fSizeDiffThresFactor: REAL [In] = 0.3; bSubpixelAccuracy: BOOL [In] = FALSE; eEdgeDirection: ETcVnEdgeDirection [In] = TCVN_ED_DARK_TO_LIGHT; fMinStrength: REAL [In] = 50; nMaxThickness: UDINT [In] = 10; nSubpixelsIterations: UDINT [In] = 10; nSearchLines: UDINT [In] = 92; fApproxPrecision: REAL [In] = 0.001; eAlgorithm: ETcVnEdgeDetectionAlgorithm [In] = TCVN_EDA_INTERPOLATION; hrPrev: HRESULT [In]
F_VN_Dft,Node_F_VN_Dft,registered,TC3 Vision Base,src/sln/lib/mobject-graph-vision-pack/Nodes/Fourier Analysis/Node_F_VN_Dft.TcPOU,Vision/Fourier Analysis/F_VN_Dft,ITcVnImage,,,,,,,ipSpatialImage: ITcVnImage [In]; ipFrequencyImage: Reference To ITcVnImage [In]; bPackedCCS: BOOL [In]; bAutoPadding: BOOL [In]; hrPrev: HRESULT [In]
F_VN_DistanceTransformation,Node_F_VN_DistanceTransformation,registered,TC3 Vision Base,src/sln/lib/mobject-graph-vision-pack/Nodes/Image Analysis/Node_F_VN_DistanceTransformation.TcPOU,Vision/Image Analysis/F_VN_DistanceTransformation,ETcVnDistanceTransformationMask; ETcVnDistanceType; ITcVnImage,,,,,,,ipSrcImage: ITcVnImage [In]; ipDestImage: Reference To ITcVnImage [In]; eDistanceType: ETcVnDistanceType [In]; eMaskSize: ETcVnDistanceTransformationMask [In]; hrPrev: HRESULT [In]
F_VN_DistanceTransformationExp,Node_F_VN_DistanceTransformationExp,registered,TC3 Vision Base,src/sln/lib/mobject-graph-vision-pack/Nodes/Image Analysis/Node_F_VN_DistanceTransformationExp.TcPOU,Vision/Image Analysis/F_VN_DistanceTransformationExp,ETcVnDistanceTransformationLabel; ETcVnDistanceTransformationMask; ETcVnDistanceType; ITcVnImage,,,,,,,ipSrcImage: ITcVnImage [In]; ipDestImage: Reference To ITcVnImage [In]; eDistanceType: ETcVnDistanceType [In]; eMaskSize: ETcVnDistanceTransformationMask [In]; ipDestLabels: Reference To ITcVnImage [In] = 0; eLabelType: ETcVnDistanceTransformationLabel [In] = TCVN_DTL_CCOMP; hrPrev: HRESULT [In]
F_VN_DivideContainers,Node_F_VN_DivideContainers,registered,TC3 Vision Base,src/sln/lib/mobject-graph-vision-pack/Nodes/Algebraic Container Ops/Node_F_VN_DivideContainers.TcPOU,Vision/Algebraic Container Operations/F_VN_DivideContainers,ITcVnContainer,,,,,,,ipSrcContainer1: ITcVnContainer [In]; ipSrcContainer2: ITcVnContainer [In]; ipDestContainer: Reference To ITcVnContainer [In]; hrPrev: HRESULT [In]
F_VN_DivideContainersExp,Node_F_VN_DivideContainersExp,registered,TC3 Vision Base,src/sln/lib/mobject-graph-vision-pack/Nodes/Algebraic Container Ops/Node_F_VN_DivideContainersExp.TcPOU,Vision/Algebraic Container Operations/F_VN_DivideContainersExp,ITcVnContainer,,,,,,,ipSrcContainer1: ITcVnContainer [In]; ipSrcContainer2: ITcVnContainer [In]; ipDestContainer: Reference To ITcVnContainer [In]; nIntDivideByZeroResult: LINT [In] = 0; hrPrev: HRESULT [In]
F_VN_DivideImageByScalar,Node_F_VN_DivideImageByScalar,registered,TC3 Vision Base,src/sln/lib/mobject-graph-vision-pack/Nodes/Algebraic Image Ops/Node_F_VN_DivideImageByScalar.TcPOU,Vision/Algebraic Image Operations/F_VN_DivideImageByScalar,ITcVnImage,,,,,,,ipSrcImage: ITcVnImage [In]; fScalar: LREAL [In]; ipDestImage: Reference To ITcVnImage [In]; hrPrev: HRESULT [In]
F_VN_DivideImageByVector,Node_F_VN_DivideImageByVector,registered,TC3 Vision Base,src/sln/lib/mobject-graph-vision-pack/Nodes/Algebraic Image Ops/Node_F_VN_DivideImageByVector.TcPOU,Vision/Algebraic Image Operations/F_VN_DivideImageByVector,ITcVnImage; TcVnVector4_LREAL,,,,,,,ipSrcImage: ITcVnImage [In]; aVector: TcVnVector4_LREAL [InOut]; ipDestImage: Reference To ITcVnImage [In]; hrPrev: HRESULT [In]
F_VN_DivideImages,Node_F_VN_DivideImages,registered,TC3 Vision Base,src/sln/lib/mobject-graph-vision-pack/Nodes/Algebraic Image Ops/Node_F_VN_DivideImages.TcPOU,Vision/Algebraic Image Operations/F_VN_DivideImages,ITcVnImage,,,,,,,ipSrcImage1: ITcVnImage [In]; ipSrcImage2: ITcVnImage [In]; ipDestImage: Reference To ITcVnImage [In]; hrPrev: HRESULT [In]
F_VN_DivideScalarByImage,Node_F_VN_DivideScalarByImage,registered,TC3 Vision Base,src/sln/lib/mobject-graph-vision-pack/Nodes/Algebraic Image Ops/Node_F_VN_DivideScalarByImage.TcPOU,Vision/Algebraic Image Operations/F_VN_DivideScalarByImage,ITcVnImage,,,,,,,fScalar: LREAL [In]; ipSrcImage: ITcVnImage [In]; ipDestImage: Reference To ITcVnImage [In]; hrPrev: HRESULT [In]
F_VN_DivideVectorByImage,Node_F_VN_DivideVectorByImage,registered,TC3 Vision Base,src/sln/lib/mobject-graph-vision-pack/Nodes/Algebraic Image Ops/Node_F_VN_DivideVectorByImage.TcPOU,Vision/Algebraic Image Operations/F_VN_DivideVectorByImage,ITcVnImage; TcVnVector4_LREAL,,,,,,,aVector: TcVnVector4_LREAL [InOut]; ipSrcImage: ITcVnImage [In]; ipDestImage: Reference To ITcVnImage [In]; hrPrev: HRESULT [In]
F_VN_DoubleThreshold,Node_F_VN_DoubleThreshold,registered,TC3 Vision Base,src/sln/lib/mobject-graph-vision-pack/Nodes/Image Segmentation/Node_F_VN_DoubleThreshold.TcPOU,Vision/Image Segmentation/F_VN_DoubleThreshold,ITcVnImage,,,,,,,ipSrcImage: ITcVnImage [In]; ipDestImage: Reference To ITcVnImage [In]; fLowThreshold: LREAL [In]; fHighThreshold: LREAL [In]; fMaxValue: LREAL [In]; hrPrev: HRESULT [In]
F_VN_DrawArrow,Node_F_VN_DrawArrow,registered,TC3 Vision Base,src/sln/lib/mobject-graph-vision-pack/Nodes/Drawing/Node_F_VN_DrawArrow.TcPOU,Vision/Drawing/F_VN_DrawArrow,ITcVnImage; TcVnVector4_LREAL,,,,,,,nX1: UDINT [In]; nY1: UDINT [In]; nX2: UDINT [In]; nY2: UDINT [In]; ipDestImage: ITcVnImage [In]; aColor: TcVnVector4_LREAL [InOut]; nThickness: DINT [In]; bDoubleHead: BOOL [In]; hrPrev: HRESULT [In]
F_VN_DrawArrowExp,Node_F_VN_DrawArrowExp,registered,TC3 Vision Base,src/sln/lib/mobject-graph-vision-pack/Nodes/Drawing/Node_F_VN_DrawArrowExp.TcPOU,Vision/Drawing/F_VN_DrawArrowExp,ETcVnLineType; ITcVnImage; TcVnVector4_LREAL,,,,,,,nX1: UDINT [In]; nY1: UDINT [In]; nX2: UDINT [In]; nY2: UDINT [In]; ipDestImage: ITcVnImage [In]; aColor: TcVnVector4_LREAL [InOut]; nThickness: DINT [In]; bDoubleHead: BOOL [In]; eLineType: ETcVnLineType [In] = TCVN_LT_8_CONNECTED; nShift: UDINT [In] = 0; fTipLength: LREAL [In] = 0.1; hrPrev: HRESULT [In]
F_VN_DrawArrowExp_TcVnVector4_DINT,Node_F_VN_DrawArrowExp_TcVnVector4_DINT,registered,TC3 Vision Base,src/sln/lib/mobject-graph-vision-pack/Nodes/Drawing/Node_F_VN_DrawArrowExp_TcVnVector4_DINT.TcPOU,Vision/Drawing/F_VN_DrawArrowExp_TcVnVector4_DINT,ETcVnLineType; ITcVnImage; TcVnVector4_DINT; TcVnVector4_LREAL,,,,,,,aLine: TcVnVector4_DINT [InOut]; ipDestImage: ITcVnImage [In]; aColor: TcVnVector4_LREAL [InOut]; nThickness: DINT [In]; bDoubleHead: BOOL [In]; eLineType: ETcVnLineType [In] = TCVN_LT_8_CONNECTED; nShift: UDINT [In] = 0; fTipLength: LREAL [In] = 0.1; hrPrev: HRESULT [In]
F_VN_DrawArrow_TcVnVector4_DINT,Node_F_VN_DrawArrow_TcVnVector4_DINT,registered,TC3 Vision Base,src/sln/lib/mobject-graph-vision-pack/Nodes/Drawing/Node_F_VN_DrawArrow_TcVnVector4_DINT.TcPOU,Vision/Drawing/F_VN_DrawArrow_TcVnVector4_DINT,ITcVnImage; TcVnVector4_DINT; TcVnVector4_LREAL,,,,,,,aLine: TcVnVector4_DINT [InOut]; ipDestImage: ITcVnImage [In]; aColor: TcVnVector4_LREAL [InOut]; nThickness: DINT [In]; bDoubleHead: BOOL [In]; hrPrev: HRESULT [In]
F_VN_DrawCircle,Node_F_VN_DrawCircle,registered,TC3 Vision Base,src/sln/lib/mobject-graph-vision-pack/Nodes/Drawing/Node_F_VN_DrawCircle.TcPOU,Vision/Drawing/F_VN_DrawCircle,ITcVnImage; TcVnVector4_LREAL,,,,,,,nCenterX: UDINT [In]; nCenterY: UDINT [In]; nRadius: UDINT [In]; ipDestImage: ITcVnImage [In]; aColor: TcVnVector4_LREAL [InOut]; nThickness: DINT [In]; hrPrev: HRESULT [In]
F_VN_DrawCircleExp,Node_F_VN_DrawCircleExp,registered,TC3 Vision Base,src/sln/lib/mobject-graph-vision-pack/Nodes/Drawing/Node_F_VN_DrawCircleExp.TcPOU,Vision/Drawing/F_VN_DrawCircleExp,ETcVnLineType; ITcVnImage; TcVnVector4_LREAL,,,,,,,nCenterX: UDINT [In]; nCenterY: UDINT [In]; nRadius: UDINT [In]; ipDestImage: ITcVnImage [In]; aColor: TcVnVector4_LREAL [InOut]; nThickness: DINT [In]; eLineType: ETcVnLineType [In] = TCVN_LT_8_CONNECTED; hrPrev: HRESULT [In]
F_VN_DrawCircles,Node_F_VN_DrawCircles,registered,TC3 Vision Base,src/sln/lib/mobject-graph-vision-pack/Nodes/Drawing/Node_F_VN_DrawCircles.TcPOU,Vision/Drawing/F_VN_DrawCircles,ITcVnContainer; ITcVnImage; TcVnVector4_LREAL,,,,,,,ipCircles: ITcVnContainer [In]; nCircleIndex: DINT [In]; ipDestImage: ITcVnImage [In]; aColor: TcVnVector4_LREAL [InOut]; nThickness: DINT [In]; hrPrev: HRESULT [In]
F_VN_DrawCirclesExp,Node_F_VN_DrawCirclesExp,registered,TC3 Vision Base,src/sln/lib/mobject-graph-vision-pack/Nodes/Drawing/Node_F_VN_DrawCirclesExp.TcPOU,Vision/Drawing/F_VN_DrawCirclesExp,ETcVnLineType; ITcVnContainer; ITcVnImage; TcVnVector4_LREAL,,,,,,,ipCircles: ITcVnContainer [In]; nCircleIndex: DINT [In]; ipDestImage: ITcVnImage [In]; aColor: TcVnVector4_LREAL [InOut]; nThickness: DINT [In]; eLineType: ETcVnLineType [In] = TCVN_LT_8_CONNECTED; hrPrev: HRESULT [In]
F_VN_DrawCircularArc,Node_F_VN_DrawCircularArc,registered,TC3 Vision Base,src/sln/lib/mobject-graph-vision-pack/Nodes/Drawing/Node_F_VN_DrawCircularArc.TcPOU,Vision/Drawing/F_VN_DrawCircularArc,ITcVnImage; TcVnCircularArc; TcVnVector4_LREAL,,,,,,,stCircularArc: TcVnCircularArc [InOut]; ipDestImage: ITcVnImage [In]; aColor: TcVnVector4_LREAL [InOut]; nThickness: DINT [In]; hrPrev: HRESULT [In]
F_VN_DrawCircularArcExp,Node_F_VN_DrawCircularArcExp,registered,TC3 Vision Base,src/sln/lib/mobject-graph-vision-pack/Nodes/Drawing/Node_F_VN_DrawCircularArcExp.TcPOU,Vision/Drawing/F_VN_DrawCircularArcExp,ETcVnLineType; ITcVnImage; TcVnCircularArc; TcVnVector4_LREAL,,,,,,,stCircularArc: TcVnCircularArc [InOut]; ipDestImage: ITcVnImage [In]; aColor: TcVnVector4_LREAL [InOut]; nThickness: DINT [In]; eLineType: ETcVnLineType [In] = TCVN_LT_8_CONNECTED; hrPrev: HRESULT [In]
F_VN_DrawComponents,Node_F_VN_DrawComponents,registered,TC3 Vision Base,src/sln/lib/mobject-graph-vision-pack/Nodes/Drawing/Node_F_VN_DrawComponents.TcPOU,Vision/Drawing/F_VN_DrawComponents,ITcVnImage,,,,,,,ipLabelImage: ITcVnImage [In]; nLabelID: DINT [In]; ipDestImage: Reference To ITcVnImage [In]; bShowLabelID: BOOL [In]; hrPrev: HRESULT [In]
F_VN_DrawComponentsExp,Node_F_VN_DrawComponentsExp,registered,TC3 Vision Base,src/sln/lib/mobject-graph-vision-pack/Nodes/Drawing/Node_F_VN_DrawComponentsExp.TcPOU,Vision/Drawing/F_VN_DrawComponentsExp,ITcVnImage; TcVnVector4_LREAL,,,,,,,"ipLabelImage: ITcVnImage [In]; nLabelID: DINT [In]; ipDestImage: Reference To ITcVnImage [In]; bShowLabelID: BOOL [In]; aColor: TcVnVector4_LREAL [InOut] = {-1, -1, -1, -1}; nThickness: DINT [In] = 1; fFontScale: LREAL [In] = 1; hrPrev: HRESULT [In]"
F_VN_DrawContours,Node_F_VN_DrawContours,registered,TC3 Vision Base,src/sln/lib/mobject-graph-vision-pack/Nodes/Drawing/Node_F_VN_DrawContours.TcPOU,Vision/Drawing/F_VN_DrawContours,ITcVnContainer; ITcVnImage; TcVnVector4_LREAL,,,,,,,ipContours: ITcVnContainer [In]; nContourIndex: DINT [In]; ipDestImage: ITcVnImage [In]; aColor: TcVnVector4_LREAL [InOut]; nThickness: DINT [In]; hrPrev: HRESULT [In]
F_VN_DrawContoursExp,Node_F_VN_DrawContoursExp,registered,TC3 Vision Base,src/sln/lib/mobject-graph-vision-pack/Nodes/Drawing/Node_F_VN_DrawContoursExp.TcPOU,Vision/Drawing/F_VN_DrawContoursExp,ETcVnLineType; ITcVnContainer; ITcVnImage; TcVnPoint; TcVnVector4_LREAL,,,,,,,"ipContours: ITcVnContainer [In]; nContourIndex: DINT [In]; ipDestImage: ITcVnImage [In]; aColor: TcVnVector4_LREAL [InOut]; nThickness: DINT [In]; eLineType: ETcVnLineType [In] = TCVN_LT_8_CONNECTED; ipHierarchy: ITcVnContainer [In] = 0; nMaxLevel: DINT [In] = 2147483647; aOffset: TcVnPoint [InOut] = {0, 0}; hrPrev: HRESULT [In]"
F_VN_DrawEllipse,Node_F_VN_DrawEllipse,registered,TC3 Vision Base,src/sln/lib/mobject-graph-vision-pack/Nodes/Drawing/Node_F_VN_DrawEllipse.TcPOU,Vision/Drawing/F_VN_DrawEllipse,ITcVnImage; TcVnRotatedRectangle; TcVnVector4_LREAL,,,,,,,stEllipse: TcVnRotatedRectangle [InOut]; ipDestImage: ITcVnImage [In]; aColor: TcVnVector4_LREAL [InOut]; nThickness: DINT [In]; hrPrev: HRESULT [In]
F_VN_DrawEllipseExp,Node_F_VN_DrawEllipseExp,registered,TC3 Vision Base,src/sln/lib/mobject-graph-vision-pack/Nodes/Drawing/Node_F_VN_DrawEllipseExp.TcPOU,Vision/Drawing/F_VN_DrawEllipseExp,ETcVnLineType; ITcVnImage; TcVnRotatedRectangle; TcVnVector4_LREAL,,,,,,,stEllipse: TcVnRotatedRectangle [InOut]; ipDestImage: ITcVnImage [In]; aColor: TcVnVector4_LREAL [InOut]; nThickness: DINT [In]; eLineType: ETcVnLineType [In] = TCVN_LT_8_CONNECTED; hrPrev: HRESULT [In]
F_VN_DrawKeypoints,Node_F_VN_DrawKeypoints,registered,TC3 Vision Matching,src/sln/lib/mobject-graph-vision-pack/Nodes/Drawing/Node_F_VN_DrawKeypoints.TcPOU,Vision/Drawing/F_VN_DrawKeypoints,ITcVnContainer; ITcVnImage,,,,,,,ipSrcImage: ITcVnImage [In]; ipKeyPoints: ITcVnContainer [In]; ipDestImage: Reference To ITcVnImage [In]; hrPrev: HRESULT [In]
F_VN_DrawKeypointsExp,Node_F_VN_DrawKeypointsExp,registered,TC3 Vision Matching,src/sln/lib/mobject-graph-vision-pack/Nodes/Drawing/Node_F_VN_DrawKeypointsExp.TcPOU,Vision/Drawing/F_VN_DrawKeypointsExp,ETcVnDrawMatchesFlags; ITcVnContainer; ITcVnImage; TcVnVector4_LREAL,,,,,,,"ipSrcImage: ITcVnImage [In]; ipKeyPoints: ITcVnContainer [In]; ipDestImage: Reference To ITcVnImage [In]; aColor: TcVnVector4_LREAL [InOut] = {-1, -1, -1, -1}; eFlags: ETcVnDrawMatchesFlags [In] = TCVN_DMF_DEFAULT; hrPrev: HRESULT [In]"
F_VN_DrawLine,Node_F_VN_DrawLine,registered,TC3 Vision Base,src/sln/lib/mobject-graph-vision-pack/Nodes/Drawing/Node_F_VN_DrawLine.TcPOU,Vision/Drawing/F_VN_DrawLine,ITcVnImage; TcVnVector4_LREAL,,,,,,,nX1: UDINT [In]; nY1: UDINT [In]; nX2: UDINT [In]; nY2: UDINT [In]; ipDestImage: ITcVnImage [In]; aColor: TcVnVector4_LREAL [InOut]; nThickness: DINT [In]; hrPrev: HRESULT [In]
F_VN_DrawLineExp,Node_F_VN_DrawLineExp,registered,TC3 Vision Base,src/sln/lib/mobject-graph-vision-pack/Nodes/Drawing/Node_F_VN_DrawLineExp.TcPOU,Vision/Drawing/F_VN_DrawLineExp,ETcVnLineType; ITcVnImage; TcVnVector4_LREAL,,,,,,,nX1: UDINT [In]; nY1: UDINT [In]; nX2: UDINT [In]; nY2: UDINT [In]; ipDestImage: ITcVnImage [In]; aColor: TcVnVector4_LREAL [InOut]; nThickness: DINT [In]; eLineType: ETcVnLineType [In] = TCVN_LT_8_CONNECTED; nShift: UDINT [In] = 0; hrPrev: HRESULT [In]
F_VN_DrawLineExp_TcVnVector4_DINT,Node_F_VN_DrawLineExp_TcVnVector4_DINT,registered,TC3 Vision Base,src/sln/lib/mobject-graph-vision-pack/Nodes/Drawing/Node_F_VN_DrawLineExp_TcVnVector4_DINT.TcPOU,Vision/Drawing/F_VN_DrawLineExp_TcVnVector4_DINT,ETcVnLineType; ITcVnImage; TcVnVector4_DINT; TcVnVector4_LREAL,,,,,,,aLine: TcVnVector4_DINT [InOut]; ipDestImage: ITcVnImage [In]; aColor: TcVnVector4_LREAL [InOut]; nThickness: DINT [In]; eLineType: ETcVnLineType [In] = TCVN_LT_8_CONNECTED; nShift: UDINT [In] = 0; hrPrev: HRESULT [In]
F_VN_DrawLineExp_TcVnVector4_LREAL,Node_F_VN_DrawLineExp_TcVnVector4_LREAL,registered,TC3 Vision Base,src/sln/lib/mobject-graph-vision-pack/Nodes/Drawing/Node_F_VN_DrawLineExp_TcVnVector4_LREAL.TcPOU,Vision/Drawing/F_VN_DrawLineExp_TcVnVector4_LREAL,ETcVnLineType; ITcVnImage; TcVnVector4_LREAL,,,,,,,aLine: TcVnVector4_LREAL [InOut]; ipDestImage: ITcVnImage [In]; aColor: TcVnVector4_LREAL [InOut]; nThickness: DINT [In]; eLineType: ETcVnLineType [In] = TCVN_LT_8_CONNECTED; nShift: UDINT [In] = 0; hrPrev: HRESULT [In]
F_VN_DrawLine_TcVnVector4_DINT,Node_F_VN_DrawLine_TcVnVector4_DINT,registered,TC3 Vision Base,src/sln/lib/mobject-graph-vision-pack/Nodes/Drawing/Node_F_VN_DrawLine_TcVnVector4_DINT.TcPOU,Vision/Drawing/F_VN_DrawLine_TcVnVector4_DINT,ITcVnImage; TcVnVector4_DINT; TcVnVector4_LREAL,,,,,,,aLine: TcVnVector4_DINT [InOut]; ipDestImage: ITcVnImage [In]; aColor: TcVnVector4_LREAL [InOut]; nThickness: DINT [In]; hrPrev: HRESULT [In]
F_VN_DrawLine_TcVnVector4_LREAL,Node_F_VN_DrawLine_TcVnVector4_LREAL,registered,TC3 Vision Base,src/sln/lib/mobject-graph-vision-pack/Nodes/Drawing/Node_F_VN_DrawLine_TcVnVector4_LREAL.TcPOU,Vision/Drawing/F_VN_DrawLine_TcVnVector4_LREAL,ITcVnImage; TcVnVector4_LREAL,,,,,,,aLine: TcVnVector4_LREAL [InOut]; ipDestImage: ITcVnImage [In]; aColor: TcVnVector4_LREAL [InOut]; nThickness: DINT [In]; hrPrev: HRESULT [In]
F_VN_DrawLines,Node_F_VN_DrawLines,registered,TC3 Vision Base,src/sln/lib/mobject-graph-vision-pack/Nodes/Drawing/Node_F_VN_DrawLines.TcPOU,Vision/Drawing/F_VN_DrawLines,ITcVnContainer; ITcVnImage; TcVnVector4_LREAL,,,,,,,ipLines: ITcVnContainer [In]; nLineIndex: DINT [In]; ipDestImage: ITcVnImage [In]; aColor: TcVnVector4_LREAL [InOut]; nThickness: DINT [In]; hrPrev: HRESULT [In]
F_VN_DrawLinesExp,Node_F_VN_DrawLinesExp,registered,TC3 Vision Base,src/sln/lib/mobject-graph-vision-pack/Nodes/Drawing/Node_F_VN_DrawLinesExp.TcPOU,Vision/Drawing/F_VN_DrawLinesExp,ETcVnLineType; ITcVnContainer; ITcVnImage; TcVnVector4_LREAL,,,,,,,ipLines: ITcVnContainer [In]; nLineIndex: DINT [In]; ipDestImage: ITcVnImage [In]; aColor: TcVnVector4_LREAL [InOut]; nThickness: DINT [In]; eLineType: ETcVnLineType [In] = TCVN_LT_8_CONNECTED; nShift: UDINT [In] = 0; hrPrev: HRESULT [In]
F_VN_DrawMatches,Node_F_VN_DrawMatches,registered,TC3 Vision Matching,src/sln/lib/mobject-graph-vision-pack/Nodes/Drawing/Node_F_VN_DrawMatches.TcPOU,Vision/Drawing/F_VN_DrawMatches,ITcVnContainer; ITcVnImage,,,,,,,ipSrcImage1: ITcVnImage [In]; ipKeyPoints1: ITcVnContainer [In]; ipSrcImage2: ITcVnImage [In]; ipKeyPoints2: ITcVnContainer [In]; ipMatches1To2: ITcVnContainer [In]; ipDestImage: Reference To ITcVnImage [In]; hrPrev: HRESULT [In]
F_VN_DrawMatchesExp,Node_F_VN_DrawMatchesExp,registered,TC3 Vision Matching,src/sln/lib/mobject-graph-vision-pack/Nodes/Drawing/Node_F_VN_DrawMatchesExp.TcPOU,Vision/Drawing/F_VN_DrawMatchesExp,ETcVnDrawMatchesFlags; ITcVnContainer; ITcVnImage; TcVnVector4_LREAL,,,,,,,"ipSrcImage1: ITcVnImage [In]; ipKeyPoints1: ITcVnContainer [In]; ipSrcImage2: ITcVnImage [In]; ipKeyPoints2: ITcVnContainer [In]; ipMatches1To2: ITcVnContainer [In]; ipDestImage: Reference To ITcVnImage [In]; aMatchColor: TcVnVector4_LREAL [InOut] = {-1, -1, -1, -1}; aSingleColor: TcVnVector4_LREAL [InOut] = {-1, -1, -1, -1}; ipMatchesMask: ITcVnContainer [In] = 0; eFlags: ETcVnDrawMatchesFlags [In] = TCVN_DMF_DEFAULT; hrPrev: HRESULT [In]"
F_VN_DrawOrientation,Node_F_VN_DrawOrientation,registered,TC3 Vision Base,src/sln/lib/mobject-graph-vision-pack/Nodes/Drawing/Node_F_VN_DrawOrientation.TcPOU,Vision/Drawing/F_VN_DrawOrientation,ITcVnImage; TcVnRotatedRectangle; TcVnVector4_LREAL,,,,,,,stOrientation: TcVnRotatedRectangle [InOut]; ipDestImage: ITcVnImage [In]; aColorMainAxis: TcVnVector4_LREAL [InOut]; nThickness: DINT [In]; hrPrev: HRESULT [In]
F_VN_DrawOrientationExp,Node_F_VN_DrawOrientationExp,registered,TC3 Vision Base,src/sln/lib/mobject-graph-vision-pack/Nodes/Drawing/Node_F_VN_DrawOrientationExp.TcPOU,Vision/Drawing/F_VN_DrawOrientationExp,ITcVnImage; TcVnRotatedRectangle; TcVnVector4_LREAL,,,,,,,stOrientation: TcVnRotatedRectangle [InOut]; ipDestImage: ITcVnImage [In]; aColorMainAxis: TcVnVector4_LREAL [InOut]; nThickness: DINT [In]; aColorHorizontalAxis: TcVnVector4_LREAL [InOut]; fFontScale: LREAL [In]; hrPrev: HRESULT [In]
F_VN_DrawPoint,Node_F_VN_DrawPoint,registered,TC3 Vision Base,src/sln/lib/mobject-graph-vision-pack/Nodes/Drawing/Node_F_VN_DrawPoint.TcPOU,Vision/Drawing/F_VN_DrawPoint,ETcVnDrawShape; ITcVnImage; TcVnVector4_LREAL,,,,,,,nX: UDINT [In]; nY: UDINT [In]; ipDestImage: ITcVnImage [In]; eShape: ETcVnDrawShape [In]; aColor: TcVnVector4_LREAL [InOut]; hrPrev: HRESULT [In]
F_VN_DrawPointExp,Node_F_VN_DrawPointExp,registered,TC3 Vision Base,src/sln/lib/mobject-graph-vision-pack/Nodes/Drawing/Node_F_VN_DrawPointExp.TcPOU,Vision/Drawing/F_VN_DrawPointExp,ETcVnDrawShape; ETcVnLineType; ITcVnImage; TcVnVector4_LREAL,,,,,,,nX: UDINT [In]; nY: UDINT [In]; ipDestImage: ITcVnImage [In]; eShape: ETcVnDrawShape [In]; aColor: TcVnVector4_LREAL [InOut]; nSize: UDINT [In] = 3; nThickness: DINT [In] = 1; eLineType: ETcVnLineType [In] = TCVN_LT_8_CONNECTED; hrPrev: HRESULT [In]
F_VN_DrawPoints,Node_F_VN_DrawPoints,registered,TC3 Vision Base,src/sln/lib/mobject-graph-vision-pack/Nodes/Drawing/Node_F_VN_DrawPoints.TcPOU,Vision/Drawing/F_VN_DrawPoints,ETcVnDrawShape; ITcVnContainer; ITcVnImage; TcVnVector4_LREAL,,,,,,,ipPoints: ITcVnContainer [In]; ipDestImage: ITcVnImage [In]; eShape: ETcVnDrawShape [In]; aColor: TcVnVector4_LREAL [InOut]; hrPrev: HRESULT [In]
F_VN_DrawPointsExp,Node_F_VN_DrawPointsExp,registered,TC3 Vision Base,src/sln/lib/mobject-graph-vision-pack/Nodes/Drawing/Node_F_VN_DrawPointsExp.TcPOU,Vision/Drawing/F_VN_DrawPointsExp,ETcVnDrawShape; ETcVnLineType; ITcVnContainer; ITcVnImage; TcVnVector4_LREAL,,,,,,,ipPoints: ITcVnContainer [In]; ipDestImage: ITcVnImage [In]; eShape: ETcVnDrawShape [In]; aColor: TcVnVector4_LREAL [InOut]; nSize: UDINT [In] = 3; nThickness: DINT [In] = 1; eLineType: ETcVnLineType [In] = TCVN_LT_8_CONNECTED; hrPrev: HRESULT [In]
F_VN_DrawPolygon,Node_F_VN_DrawPolygon,registered,TC3 Vision Base,src/sln/lib/mobject-graph-vision-pack/Nodes/Drawing/Node_F_VN_DrawPolygon.TcPOU,Vision/Drawing/F_VN_DrawPolygon,ITcVnContainer; ITcVnImage; TcVnVector4_LREAL,,,,,,,ipPoints: ITcVnContainer [In]; ipDestImage: ITcVnImage [In]; aColor: TcVnVector4_LREAL [InOut]; nThickness: DINT [In]; hrPrev: HRESULT [In]
F_VN_DrawPolygonExp,Node_F_VN_DrawPolygonExp,registered,TC3 Vision Base,src/sln/lib/mobject-graph-vision-pack/Nodes/Drawing/Node_F_VN_DrawPolygonExp.TcPOU,Vision/Drawing/F_VN_DrawPolygonExp,ETcVnLineType; ITcVnContainer; ITcVnImage; TcVnVector4_LREAL,,,,,,,ipPoints: ITcVnContainer [In]; ipDestImage: ITcVnImage [In]; aColor: TcVnVector4_LREAL [InOut]; nThickness: DINT [In]; bIsClosed: BOOL [In] = TRUE; eLineType: ETcVnLineType [In] = TCVN_LT_8_CONNECTED; nShift: UDINT [In] = 0; hrPrev: HRESULT [In]
F_VN_DrawRectangle,Node_F_VN_DrawRectangle,registered,TC3 Vision Base,src/sln/lib/mobject-graph-vision-pack/Nodes/Drawing/Node_F_VN_DrawRectangle.TcPOU,Vision/Drawing/F_VN_DrawRectangle,ITcVnImage; TcVnVector4_LREAL,,,,,,,nTopLeftX: UDINT [In]; nTopLeftY: UDINT [In]; nBottomRightX: UDINT [In]; nBottomRightY: UDINT [In]; ipDestImage: ITcVnImage [In]; aColor: TcVnVector4_LREAL [InOut]; nThickness: DINT [In]; hrPrev: HRESULT [In]
F_VN_DrawRectangle_TcVnRectangle_DINT,Node_F_VN_DrawRectangle_TcVnRectangle_DINT,registered,TC3 Vision Base,src/sln/lib/mobject-graph-vision-pack/Nodes/Drawing/Node_F_VN_DrawRectangle_TcVnRectangle_DINT.TcPOU,Vision/Drawing/F_VN_DrawRectangle_TcVnRectangle_DINT,ITcVnImage; TcVnRectangle_DINT; TcVnVector4_LREAL,,,,,,,stRectangle: TcVnRectangle_DINT [InOut]; ipDestImage: ITcVnImage [In]; aColor: TcVnVector4_LREAL [InOut]; nThickness: DINT [In]; hrPrev: HRESULT [In]
F_VN_DrawRectangle_TcVnRectangle_UDINT,Node_F_VN_DrawRectangle_TcVnRectangle_UDINT,registered,TC3 Vision Base,src/sln/lib/mobject-graph-vision-pack/Nodes/Drawing/Node_F_VN_DrawRectangle_TcVnRectangle_UDINT.TcPOU,Vision/Drawing/F_VN_DrawRectangle_TcVnRectangle_UDINT,ITcVnImage; TcVnRectangle_UDINT; TcVnVector4_LREAL,,,,,,,stRectangle: TcVnRectangle_UDINT [InOut]; ipDestImage: ITcVnImage [In]; aColor: TcVnVector4_LREAL [InOut]; nThickness: DINT [In]; hrPrev: HRESULT [In]
F_VN_DrawRotatedRectangle,Node_F_VN_DrawRotatedRectangle,registered,TC3 Vision Base,src/sln/lib/mobject-graph-vision-pack/Nodes/Drawing/Node_F_VN_DrawRotatedRectangle.TcPOU,Vision/Drawing/F_VN_DrawRotatedRectangle,ITcVnImage; TcVnRotatedRectangle; TcVnVector4_LREAL,,,,,,,stRectangle: TcVnRotatedRectangle [InOut]; ipDestImage: ITcVnImage [In]; aColor: TcVnVector4_LREAL [InOut]; nThickness: DINT [In]; hrPrev: HRESULT [In]
F_VN_DrawRotatedRectangleExp,Node_F_VN_DrawRotatedRectangleExp,registered,TC3 Vision Base,src/sln/lib/mobject-graph-vision-pack/Nodes/Drawing/Node_F_VN_DrawRotatedRectangleExp.TcPOU,Vision/Drawing/F_VN_DrawRotatedRectangleExp,ETcVnLineType; ITcVnImage; TcVnRotatedRectangle; TcVnVector4_LREAL,,,,,,,stRectangle: TcVnRotatedRectangle [InOut]; ipDestImage: ITcVnImage [In]; aColor: TcVnVector4_LREAL [InOut]; nThickness: DINT [In]; eLineType: ETcVnLineType [In] = TCVN_LT_8_CONNECTED; hrPrev: HRESULT [In]
F_VN_ElementwiseExp,Node_F_VN_ElementwiseExp,registered,TC3 Vision Base,src/sln/lib/mobject-graph-vision-pack/Nodes/Algebraic Image Ops/Node_F_VN_ElementwiseExp.TcPOU,Vision/Algebraic Image Operations/F_VN_ElementwiseExp,ITcVnImage,,,,,,,ipSrcImage: ITcVnImage [In]; ipDestImage: Reference To ITcVnImage [In]; hrPrev: HRESULT [In]
F_VN_ElementwiseLog,Node_F_VN_ElementwiseLog,registered,TC3 Vision Base,src/sln/lib/mobject-graph-vision-pack/Nodes/Algebraic Image Ops/Node_F_VN_ElementwiseLog.TcPOU,Vision/Algebraic Image Operations/F_VN_ElementwiseLog,ITcVnImage,,,,,,,ipSrcImage: ITcVnImage [In]; ipDestImage: Reference To ITcVnImage [In]; hrPrev: HRESULT [In]
F_VN_EnclosingCircle,Node_F_VN_EnclosingCircle,registered,TC3 Vision Base,src/sln/lib/mobject-graph-vision-pack/Nodes/Contour Analysis/Node_F_VN_EnclosingCircle.TcPOU,Vision/Contour Analysis/F_VN_EnclosingCircle,ITcVnContainer; TcVnPoint2_REAL,,,,,,,ipPointSet: ITcVnContainer [In]; aCenter: TcVnPoint2_REAL [InOut]; fRadius: REAL [InOut]; hrPrev: HRESULT [In]
F_VN_EnclosingRectangle,Node_F_VN_EnclosingRectangle,registered,TC3 Vision Base,src/sln/lib/mobject-graph-vision-pack/Nodes/Contour Analysis/Node_F_VN_EnclosingRectangle.TcPOU,Vision/Contour Analysis/F_VN_EnclosingRectangle,ITcVnContainer; TcVnRotatedRectangle,,,,,,,ipPointSet: ITcVnContainer [In]; stRectangle: TcVnRotatedRectangle [InOut]; hrPrev: HRESULT [In]
F_VN_EnclosingTriangle,Node_F_VN_EnclosingTriangle,registered,TC3 Vision Base,src/sln/lib/mobject-graph-vision-pack/Nodes/Contour Analysis/Node_F_VN_EnclosingTriangle.TcPOU,Vision/Contour Analysis/F_VN_EnclosingTriangle,ITcVnContainer; TcVnArray3_Point2_REAL,,,,,,,ipPointSet: ITcVnContainer [In]; aTriangleVertices: TcVnArray3_Point2_REAL [InOut]; hrPrev: HRESULT [In]; fArea: LREAL [Out]
F_VN_EraseFromContainer,Node_F_VN_EraseFromContainer,missing,TC3 Vision Base,,,ITcVnContainer,,,,,,,ipContainer: ITcVnContainer [In]; nStartIdx: ULINT [In]; nCount: ULINT [In]; hrPrev: HRESULT [In]
F_VN_ExecuteNeuralNetwork,Node_F_VN_ExecuteNeuralNetwork,missing,TC3 Neural Network Realtime Inference,,,ITcVnImage; ITcVnNeuralNetwork,ITcVnNeuralNetwork,,,,,,ipNeuralNetwork: ITcVnNeuralNetwork [In]; ipSrcImage: ITcVnImage [In]; ipDestImage: Reference To ITcVnImage [In]; hrPrev: HRESULT [In]
F_VN_ExecuteNeuralNetwork_MI,Node_F_VN_ExecuteNeuralNetwork_MI,missing,TC3 Neural Network Realtime Inference,,,ITcVnImage; ITcVnNeuralNetwork,ITcVnNeuralNetwork,,,pSrcImages: PVOID,,,ipNeuralNetwork: ITcVnNeuralNetwork [In]; pSrcImages: PVOID [In]; nSrcArraySize: UINT [In]; sInputNames: STRING [In]; ipDestImage: Reference To ITcVnImage [In]; hrPrev: HRESULT [In]
F_VN_ExecuteNeuralNetwork_MIMO_String,Node_F_VN_ExecuteNeuralNetwork_MIMO_String,missing,TC3 Neural Network Realtime Inference,,,ITcVnContainer; ITcVnNeuralNetwork,ITcVnNeuralNetwork,,,pSrcImages: PVOID,,,ipNeuralNetwork: ITcVnNeuralNetwork [In]; pSrcImages: PVOID [In]; nSrcArraySize: UINT [In]; sInputNames: STRING [In]; ipDestImages: Reference To ITcVnContainer [In]; sOutputNames: STRING [In]; hrPrev: HRESULT [In]
F_VN_ExecuteNeuralNetwork_MISO,Node_F_VN_ExecuteNeuralNetwork_MISO,missing,TC3 Neural Network Realtime Inference,,,ITcVnImage; ITcVnNeuralNetwork,ITcVnNeuralNetwork,,,pSrcImages: PVOID,,,ipNeuralNetwork: ITcVnNeuralNetwork [In]; pSrcImages: PVOID [In]; nSrcArraySize: UINT [In]; sInputNames: STRING [In]; ipDestImage: Reference To ITcVnImage [In]; sOutputName: STRING [In]; hrPrev: HRESULT [In]
F_VN_ExecuteNeuralNetwork_MO,Node_F_VN_ExecuteNeuralNetwork_MO,missing,TC3 Neural Network Realtime Inference,,,ITcVnContainer; ITcVnImage; ITcVnNeuralNetwork,ITcVnNeuralNetwork,,,,,,ipNeuralNetwork: ITcVnNeuralNetwork [In]; ipSrcImage: ITcVnImage [In]; ipDestImages: Reference To ITcVnContainer [In]; ipOutputNames: ITcVnContainer [In]; hrPrev: HRESULT [In]
F_VN_ExecuteNeuralNetwork_MultiLayerOutput,Node_F_VN_ExecuteNeuralNetwork_MultiLayerOutput,missing,TC3 Neural Network Realtime Inference,,,ITcVnContainer; ITcVnImage; ITcVnNeuralNetwork,ITcVnNeuralNetwork,,,,,,ipNeuralNetwork: ITcVnNeuralNetwork [In]; ipSrcImage: ITcVnImage [In]; ipDestImages: Reference To ITcVnContainer [In]; ipLayerNames: ITcVnContainer [In]; hrPrev: HRESULT [In]
F_VN_ExecuteNeuralNetwork_SO,Node_F_VN_ExecuteNeuralNetwork_SO,missing,TC3 Neural Network Realtime Inference,,,ITcVnImage; ITcVnNeuralNetwork,ITcVnNeuralNetwork,,,,,,ipNeuralNetwork: ITcVnNeuralNetwork [In]; ipSrcImage: ITcVnImage [In]; ipDestImage: Reference To ITcVnImage [In]; sOutputName: STRING [In]; hrPrev: HRESULT [In]
F_VN_ExecuteNeuralNetwork_SingleLayerOutput,Node_F_VN_ExecuteNeuralNetwork_SingleLayerOutput,missing,TC3 Neural Network Realtime Inference,,,ITcVnImage; ITcVnNeuralNetwork,ITcVnNeuralNetwork,,,,,,ipNeuralNetwork: ITcVnNeuralNetwork [In]; ipSrcImage: ITcVnImage [In]; ipDestImage: Reference To ITcVnImage [In]; sLayerName: STRING [In]; hrPrev: HRESULT [In]
F_VN_ExportContainer,Node_F_VN_ExportContainer,missing,TC3 Vision Base,,,ITcVnContainer,,,,pBuffer: PVOID,,,ipContainer: ITcVnContainer [In]; pBuffer: PVOID [In]; nBufferSize: ULINT [In]; hrPrev: HRESULT [In]
F_VN_ExportContainerSize,Node_F_VN_ExportContainerSize,missing,TC3 Vision Base,,,ITcVnContainer,,,,,,,ipContainer: ITcVnContainer [In]; nBufferSize: ULINT [InOut]; hrPrev: HRESULT [In]
F_VN_ExportContainer_String,Node_F_VN_ExportContainer_String,registered,TC3 Vision Base,src/sln/lib/mobject-graph-vision-pack/Nodes/Basic Container Ops/Node_F_VN_ExportContainer_String.TcPOU,Vision/Basic Container Operations/F_VN_ExportContainer_String,ITcVnContainer,,,,,src/sln/lib/mobject-graph-vision-pack/Datatypes/Interfaces/Containers/ITcVnContainer/_ITcVnContainer.TcPOU,,ipContainer: ITcVnContainer [In]; sText: STRING [In]; nMaxLength: ULINT [In]; hrPrev: HRESULT [In]
F_VN_ExportImage,Node_F_VN_ExportImage,missing,TC3 Vision Base,,,ITcVnImage,,,,pBuffer: PVOID,src/sln/lib/mobject-graph-vision-pack/Datatypes/Interfaces/Images/ITcVnImage/_ITcVnImage.TcPOU,,ipImage: ITcVnImage [In]; pBuffer: PVOID [In]; nBufferSize: ULINT [In]; hrPrev: HRESULT [In]
F_VN_ExportImageAsBmp,Node_F_VN_ExportImageAsBmp,missing,TC3 Vision Base,,,ITcVnImage,,,,pBuffer: PVOID,,,ipImage: ITcVnImage [In]; pBuffer: PVOID [In]; nBufferSize: ULINT [In]; hrPrev: HRESULT [In]
F_VN_ExportImageAsBmpExp,Node_F_VN_ExportImageAsBmpExp,missing,TC3 Vision Base,,,ITcVnImage,,,,pBuffer: PVOID,,,ipImage: ITcVnImage [In]; pBuffer: PVOID [In]; nBufferSize: ULINT [In]; nWidth: UDINT [In] = 0; nHeight: UDINT [In] = 0; hrPrev: HRESULT [In]
F_VN_ExportImageAsBmpSize,Node_F_VN_ExportImageAsBmpSize,registered,TC3 Vision Base,src/sln/lib/mobject-graph-vision-pack/Nodes/Basic Image Ops/Node_F_VN_ExportImageAsBmpSize.TcPOU,Vision/Basic Image Operations/F_VN_ExportImageAsBmpSize,ITcVnImage,,,,,,,ipImage: ITcVnImage [In]; nBufferSize: ULINT [InOut]; hrPrev: HRESULT [In]
F_VN_ExportImageAsBmpSizeExp,Node_F_VN_ExportImageAsBmpSizeExp,registered,TC3 Vision Base,src/sln/lib/mobject-graph-vision-pack/Nodes/Basic Image Ops/Node_F_VN_ExportImageAsBmpSizeExp.TcPOU,Vision/Basic Image Operations/F_VN_ExportImageAsBmpSizeExp,ITcVnImage,,,,,,,ipImage: ITcVnImage [In]; nBufferSize: ULINT [InOut]; nWidth: UDINT [In] = 0; nHeight: UDINT [In] = 0; hrPrev: HRESULT [In]
F_VN_ExportImageAsJpeg,Node_F_VN_ExportImageAsJpeg,missing,TC3 Vision Base,,,ITcVnDataExport; ITcVnImage,ITcVnDataExport,,,,,,ipImage: ITcVnImage [In]; ipJpeg: Reference To ITcVnDataExport [In]; nLumaQuality: DINT [In]; hrPrev: HRESULT [In]
F_VN_ExportImageAsJpegExp,Node_F_VN_ExportImageAsJpegExp,missing,TC3 Vision Base,,,ETcVnJpegSampling; ITcVnDataExport; ITcVnImage,ITcVnDataExport,,,,,,ipImage: ITcVnImage [In]; ipJpeg: Reference To ITcVnDataExport [In]; nLumaQuality: DINT [In]; nChromaQuality: DINT [In] = -1; eSamplingFactor: ETcVnJpegSampling [In] = TCVN_JS_420; hrPrev: HRESULT [In]
F_VN_ExportImageSize,Node_F_VN_ExportImageSize,registered,TC3 Vision Base,src/sln/lib/mobject-graph-vision-pack/Nodes/Basic Image Ops/Node_F_VN_ExportImageSize.TcPOU,Vision/Basic Image Operations/F_VN_ExportImageSize,ITcVnImage,,,,,src/sln/lib/mobject-graph-vision-pack/Datatypes/Interfaces/Images/ITcVnImage/_ITcVnImage.TcPOU,,ipImage: ITcVnImage [In]; nBufferSize: ULINT [InOut]; hrPrev: HRESULT [In]
F_VN_ExportSubContainer,Node_F_VN_ExportSubContainer,missing,TC3 Vision Base,,,ITcVnContainer,,,,pBuffer: PVOID,,,ipContainer: ITcVnContainer [In]; nIndex: ULINT [In]; pBuffer: PVOID [In]; nBufferSize: ULINT [In]; hrPrev: HRESULT [In]
F_VN_ExportSubContainerSize,Node_F_VN_ExportSubContainerSize,missing,TC3 Vision Base,,,ITcVnContainer,,,,,,,ipContainer: ITcVnContainer [In]; nIndex: ULINT [In]; nBufferSize: ULINT [InOut]; hrPrev: HRESULT [In]
F_VN_ExportSubContainer_String,Node_F_VN_ExportSubContainer_String,registered,TC3 Vision Base,src/sln/lib/mobject-graph-vision-pack/Nodes/Basic Container Ops/Node_F_VN_ExportSubContainer_String.TcPOU,Vision/Basic Container Operations/F_VN_ExportSubContainer_String,ITcVnContainer,,,,,src/sln/lib/mobject-graph-vision-pack/Datatypes/Interfaces/Containers/ITcVnContainer/_ITcVnContainer.TcPOU,,ipContainer: ITcVnContainer [In]; nIndex: ULINT [In]; sText: STRING [In]; nMaxLength: ULINT [In]; hrPrev: HRESULT [In]
F_VN_ExtractContainerRange,Node_F_VN_ExtractContainerRange,registered,TC3 Vision Base,src/sln/lib/mobject-graph-vision-pack/Nodes/Basic Container Ops/Node_F_VN_ExtractContainerRange.TcPOU,Vision/Basic Container Operations/F_VN_ExtractContainerRange,ITcVnContainer,,,,,,,ipSrcContainer: ITcVnContainer [In]; ipDestContainer: Reference To ITcVnContainer [In]; nFirstIdx: ULINT [In]; nLastIdx: ULINT [In]; hrPrev: HRESULT [In]
F_VN_FeatureScaling,Node_F_VN_FeatureScaling,missing,TC3 Machine Learning Realtime Inference,,,ITcVnContainer,,,,,,,ipSamples: ITcVnContainer [In]; ipScales: ITcVnContainer [In]; ipScaledSamples: Reference To ITcVnContainer [In]; hrPrev: HRESULT [In]
F_VN_FeatureScalingExp,Node_F_VN_FeatureScalingExp,missing,TC3 Machine Learning Realtime Inference,,,ITcVnContainer,,,,,,,ipSamples: ITcVnContainer [In]; ipScales: ITcVnContainer [In]; ipScaledSamples: Reference To ITcVnContainer [In]; fA: LREAL [In] = 0.0; fB: LREAL [In] = 1.0; hrPrev: HRESULT [In]
F_VN_FeatureTransform,Node_F_VN_FeatureTransform,missing,TC3 Machine Learning Realtime Inference,,,ITcVnMlModel,ITcVnMlModel,,ITcUnknown; Pointer To ITcUnknown,pipTransformed: Pointer To ITcUnknown,,,ipFeatureTransform: ITcVnMlModel [In]; ipSamples: ITcUnknown [In]; pipTransformed: Pointer To ITcUnknown [In]; hrPrev: HRESULT [In]
F_VN_FillCircle,Node_F_VN_FillCircle,registered,TC3 Vision Base,src/sln/lib/mobject-graph-vision-pack/Nodes/Drawing/Node_F_VN_FillCircle.TcPOU,Vision/Drawing/F_VN_FillCircle,ITcVnImage; TcVnVector4_LREAL,,,,,,,nCenterX: UDINT [In]; nCenterY: UDINT [In]; nRadius: UDINT [In]; ipDestImage: ITcVnImage [In]; aColor: TcVnVector4_LREAL [InOut]; hrPrev: HRESULT [In]
F_VN_FillContainerExp_DINT,Node_F_VN_FillContainerExp_DINT,registered,TC3 Vision Base,src/sln/lib/mobject-graph-vision-pack/Nodes/Basic Container Ops/FillContainerExp/Node_F_VN_FillContainerExp_DINT.TcPOU,Vision/Basic Container Operations/F_VN_FillContainerExp/F_VN_FillContainerExp_DINT,ITcVnContainer,,,,,,,ipContainer: ITcVnContainer [In]; nValue: DINT [In]; nStartIdx: ULINT [In]; nCount: ULINT [In]; hrPrev: HRESULT [In]
F_VN_FillContainerExp_INT,Node_F_VN_FillContainerExp_INT,registered,TC3 Vision Base,src/sln/lib/mobject-graph-vision-pack/Nodes/Basic Container Ops/FillContainerExp/Node_F_VN_FillContainerExp_INT.TcPOU,Vision/Basic Container Operations/F_VN_FillContainerExp/F_VN_FillContainerExp_INT,ITcVnContainer,,,,,,,ipContainer: ITcVnContainer [In]; nValue: INT [In]; nStartIdx: ULINT [In]; nCount: ULINT [In]; hrPrev: HRESULT [In]
F_VN_FillContainerExp_ITcVnImage,Node_F_VN_FillContainerExp_ITcVnImage,registered,TC3 Vision Base,src/sln/lib/mobject-graph-vision-pack/Nodes/Basic Container Ops/FillContainerExp/Node_F_VN_FillContainerExp_ITcVnImage.TcPOU,Vision/Basic Container Operations/F_VN_FillContainerExp/F_VN_FillContainerExp_ITcVnImage,ITcVnContainer; ITcVnImage,,,,,,,ipContainer: ITcVnContainer [In]; ipValue: ITcVnImage [In]; nStartIdx: ULINT [In]; nCount: ULINT [In]; hrPrev: HRESULT [In]
F_VN_FillContainerExp_LREAL,Node_F_VN_FillContainerExp_LREAL,registered,TC3 Vision Base,src/sln/lib/mobject-graph-vision-pack/Nodes/Basic Container Ops/FillContainerExp/Node_F_VN_FillContainerExp_LREAL.TcPOU,Vision/Basic Container Operations/F_VN_FillContainerExp/F_VN_FillContainerExp_LREAL,ITcVnContainer,,,,,,,ipContainer: ITcVnContainer [In]; fValue: LREAL [In]; nStartIdx: ULINT [In]; nCount: ULINT [In]; hrPrev: HRESULT [In]
F_VN_FillContainerExp_REAL,Node_F_VN_FillContainerExp_REAL,registered,TC3 Vision Base,src/sln/lib/mobject-graph-vision-pack/Nodes/Basic Container Ops/FillContainerExp/Node_F_VN_FillContainerExp_REAL.TcPOU,Vision/Basic Container Operations/F_VN_FillContainerExp/F_VN_FillContainerExp_REAL,ITcVnContainer,,,,,,,ipContainer: ITcVnContainer [In]; fValue: REAL [In]; nStartIdx: ULINT [In]; nCount: ULINT [In]; hrPrev: HRESULT [In]
F_VN_FillContainerExp_SINT,Node_F_VN_FillContainerExp_SINT,registered,TC3 Vision Base,src/sln/lib/mobject-graph-vision-pack/Nodes/Basic Container Ops/FillContainerExp/Node_F_VN_FillContainerExp_SINT.TcPOU,Vision/Basic Container Operations/F_VN_FillContainerExp/F_VN_FillContainerExp_SINT,ITcVnContainer,,,,,,,ipContainer: ITcVnContainer [In]; nValue: SINT [In]; nStartIdx: ULINT [In]; nCount: ULINT [In]; hrPrev: HRESULT [In]
F_VN_FillContainerExp_TcVnDMatch,Node_F_VN_FillContainerExp_TcVnDMatch,registered,TC3 Vision Base,src/sln/lib/mobject-graph-vision-pack/Nodes/Basic Container Ops/FillContainerExp/Node_F_VN_FillContainerExp_TcVnDMatch.TcPOU,Vision/Basic Container Operations/F_VN_FillContainerExp/F_VN_FillContainerExp_TcVnDMatch,ITcVnContainer; TcVnDMatch,,,,,,,ipContainer: ITcVnContainer [In]; stValue: TcVnDMatch [InOut]; nStartIdx: ULINT [In]; nCount: ULINT [In]; hrPrev: HRESULT [In]
F_VN_FillContainerExp_TcVnKeyPoint,Node_F_VN_FillContainerExp_TcVnKeyPoint,registered,TC3 Vision Base,src/sln/lib/mobject-graph-vision-pack/Nodes/Basic Container Ops/FillContainerExp/Node_F_VN_FillContainerExp_TcVnKeyPoint.TcPOU,Vision/Basic Container Operations/F_VN_FillContainerExp/F_VN_FillContainerExp_TcVnKeyPoint,ITcVnContainer; TcVnKeyPoint,,,,,,,ipContainer: ITcVnContainer [In]; stValue: TcVnKeyPoint [InOut]; nStartIdx: ULINT [In]; nCount: ULINT [In]; hrPrev: HRESULT [In]
F_VN_FillContainerExp_TcVnPoint2_DINT,Node_F_VN_FillContainerExp_TcVnPoint2_DINT,registered,TC3 Vision Base,src/sln/lib/mobject-graph-vision-pack/Nodes/Basic Container Ops/FillContainerExp/Node_F_VN_FillContainerExp_TcVnPoint2_DINT.TcPOU,Vision/Basic Container Operations/F_VN_FillContainerExp/F_VN_FillContainerExp_TcVnPoint2_DINT,ITcVnContainer; TcVnPoint2_DINT,,,,,,,ipContainer: ITcVnContainer [In]; aValue: TcVnPoint2_DINT [InOut]; nStartIdx: ULINT [In]; nCount: ULINT [In]; hrPrev: HRESULT [In]
F_VN_FillContainerExp_TcVnPoint2_LREAL,Node_F_VN_FillContainerExp_TcVnPoint2_LREAL,registered,TC3 Vision Base,src/sln/lib/mobject-graph-vision-pack/Nodes/Basic Container Ops/FillContainerExp/Node_F_VN_FillContainerExp_TcVnPoint2_LREAL.TcPOU,Vision/Basic Container Operations/F_VN_FillContainerExp/F_VN_FillContainerExp_TcVnPoint2_LREAL,ITcVnContainer; TcVnPoint2_LREAL,,,,,,,ipContainer: ITcVnContainer [In]; aValue: TcVnPoint2_LREAL [InOut]; nStartIdx: ULINT [In]; nCount: ULINT [In]; hrPrev: HRESULT [In]
F_VN_FillContainerExp_TcVnPoint2_REAL,Node_F_VN_FillContainerExp_TcVnPoint2_REAL,registered,TC3 Vision Base,src/sln/lib/mobject-graph-vision-pack/Nodes/Basic Container Ops/FillContainerExp/Node_F_VN_FillContainerExp_TcVnPoint2_REAL.TcPOU,Vision/Basic Container Operations/F_VN_FillContainerExp/F_VN_FillContainerExp_TcVnPoint2_REAL,ITcVnContainer; TcVnPoint2_REAL,,,,,,,ipContainer: ITcVnContainer [In]; aValue: TcVnPoint2_REAL [InOut]; nStartIdx: ULINT [In]; nCount: ULINT [In]; hrPrev: HRESULT [In]
F_VN_FillContainerExp_TcVnPoint3_LREAL,Node_F_VN_FillContainerExp_TcVnPoint3_LREAL,registered,TC3 Vision Base,src/sln/lib/mobject-graph-vision-pack/Nodes/Basic Container Ops/FillContainerExp/Node_F_VN_FillContainerExp_TcVnPoint3_LREAL.TcPOU,Vision/Basic Container Operations/F_VN_FillContainerExp/F_VN_FillContainerExp_TcVnPoint3_LREAL,ITcVnContainer; TcVnPoint3_LREAL,,,,,,,ipContainer: ITcVnContainer [In]; aValue: TcVnPoint3_LREAL [InOut]; nStartIdx: ULINT [In]; nCount: ULINT [In]; hrPrev: HRESULT [In]
F_VN_FillContainerExp_TcVnPoint3_REAL,Node_F_VN_FillContainerExp_TcVnPoint3_REAL,registered,TC3 Vision Base,src/sln/lib/mobject-graph-vision-pack/Nodes/Basic Container Ops/FillContainerExp/Node_F_VN_FillContainerExp_TcVnPoint3_REAL.TcPOU,Vision/Basic Container Operations/F_VN_FillContainerExp/F_VN_FillContainerExp_TcVnPoint3_REAL,ITcVnContainer; TcVnPoint3_REAL,,,,,,,ipContainer: ITcVnContainer [In]; aValue: TcVnPoint3_REAL [InOut]; nStartIdx: ULINT [In]; nCount: ULINT [In]; hrPrev: HRESULT [In]
F_VN_FillContainerExp_TcVnRectangle_DINT,Node_F_VN_FillContainerExp_TcVnRectangle_DINT,registered,TC3 Vision Base,src/sln/lib/mobject-graph-vision-pack/Nodes/Basic Container Ops/FillContainerExp/Node_F_VN_FillContainerExp_TcVnRectangle_DINT.TcPOU,Vision/Basic Container Operations/F_VN_FillContainerExp/F_VN_FillContainerExp_TcVnRectangle_DINT,ITcVnContainer; TcVnRectangle_DINT,,,,,,,ipContainer: ITcVnContainer [In]; stValue: TcVnRectangle_DINT [InOut]; nStartIdx: ULINT [In]; nCount: ULINT [In]; hrPrev: HRESULT [In]
F_VN_FillContainerExp_TcVnRotatedRectangle,Node_F_VN_FillContainerExp_TcVnRotatedRectangle,registered,TC3 Vision Base,src/sln/lib/mobject-graph-vision-pack/Nodes/Basic Container Ops/FillContainerExp/Node_F_VN_FillContainerExp_TcVnRotatedRectangle.TcPOU,Vision/Basic Container Operations/F_VN_FillContainerExp/F_VN_FillContainerExp_TcVnRotatedRectangle,ITcVnContainer; TcVnRotatedRectangle,,,,,,,ipContainer: ITcVnContainer [In]; stValue: TcVnRotatedRectangle [InOut]; nStartIdx: ULINT [In]; nCount: ULINT [In]; hrPrev: HRESULT [In]
F_VN_FillContainerExp_TcVnVector2_DINT,Node_F_VN_FillContainerExp_TcVnVector2_DINT,registered,TC3 Vision Base,src/sln/lib/mobject-graph-vision-pack/Nodes/Basic Container Ops/FillContainerExp/Node_F_VN_FillContainerExp_TcVnVector2_DINT.TcPOU,Vision/Basic Container Operations/F_VN_FillContainerExp/F_VN_FillContainerExp_TcVnVector2_DINT,ITcVnContainer; TcVnVector2_DINT,,,,,,,ipContainer: ITcVnContainer [In]; aValue: TcVnVector2_DINT [InOut]; nStartIdx: ULINT [In]; nCount: ULINT [In]; hrPrev: HRESULT [In]
F_VN_FillContainerExp_TcVnVector2_INT,Node_F_VN_FillContainerExp_TcVnVector2_INT,registered,TC3 Vision Base,src/sln/lib/mobject-graph-vision-pack/Nodes/Basic Container Ops/FillContainerExp/Node_F_VN_FillContainerExp_TcVnVector2_INT.TcPOU,Vision/Basic Container Operations/F_VN_FillContainerExp/F_VN_FillContainerExp_TcVnVector2_INT,ITcVnContainer; TcVnVector2_INT,,,,,,,ipContainer: ITcVnContainer [In]; aValue: TcVnVector2_INT [InOut]; nStartIdx: ULINT [In]; nCount: ULINT [In]; hrPrev: HRESULT [In]
F_VN_FillContainerExp_TcVnVector2_REAL,Node_F_VN_FillContainerExp_TcVnVector2_REAL,registered,TC3 Vision Base,src/sln/lib/mobject-graph-vision-pack/Nodes/Basic Container Ops/FillContainerExp/Node_F_VN_FillContainerExp_TcVnVector2_REAL.TcPOU,Vision/Basic Container Operations/F_VN_FillContainerExp/F_VN_FillContainerExp_TcVnVector2_REAL,ITcVnContainer; TcVnVector2_REAL,,,,,,,ipContainer: ITcVnContainer [In]; aValue: TcVnVector2_REAL [InOut]; nStartIdx: ULINT [In]; nCount: ULINT [In]; hrPrev: HRESULT [In]
F_VN_FillContainerExp_TcVnVector2_SINT,Node_F_VN_FillContainerExp_TcVnVector2_SINT,registered,TC3 Vision Base,src/sln/lib/mobject-graph-vision-pack/Nodes/Basic Container Ops/FillContainerExp/Node_F_VN_FillContainerExp_TcVnVector2_SINT.TcPOU,Vision/Basic Container Operations/F_VN_FillContainerExp/F_VN_FillContainerExp_TcVnVector2_SINT,ITcVnContainer; TcVnVector2_SINT,,,,,,,ipContainer: ITcVnContainer [In]; aValue: TcVnVector2_SINT [InOut]; nStartIdx: ULINT [In]; nCount: ULINT [In]; hrPrev: HRESULT [In]
F_VN_FillContainerExp_TcVnVector2_UINT,Node_F_VN_FillContainerExp_TcVnVector2_UINT,registered,TC3 Vision Base,src/sln/lib/mobject-graph-vision-pack/Nodes/Basic Container Ops/FillContainerExp/Node_F_VN_FillContainerExp_TcVnVector2_UINT.TcPOU,Vision/Basic Container Operations/F_VN_FillContainerExp/F_VN_FillContainerExp_TcVnVector2_UINT,ITcVnContainer; TcVnVector2_UINT,,,,,,,ipContainer: ITcVnContainer [In]; aValue: TcVnVector2_UINT [InOut]; nStartIdx: ULINT [In]; nCount: ULINT [In]; hrPrev: HRESULT [In]
F_VN_FillContainerExp_TcVnVector2_USINT,Node_F_VN_FillContainerExp_TcVnVector2_USINT,registered,TC3 Vision Base,src/sln/lib/mobject-graph-vision-pack/Nodes/Basic Container Ops/FillContainerExp/Node_F_VN_FillContainerExp_TcVnVector2_USINT.TcPOU,Vision/Basic Container Operations/F_VN_FillContainerExp/F_VN_FillContainerExp_TcVnVector2_USINT,ITcVnContainer; TcVnVector2_USINT,,,,,,,ipContainer: ITcVnContainer [In]; aValue: TcVnVector2_USINT [InOut]; nStartIdx: ULINT [In]; nCount: ULINT [In]; hrPrev: HRESULT [In]
F_VN_FillContainerExp_TcVnVector3_INT,Node_F_VN_FillContainerExp_TcVnVector3_INT,registered,TC3 Vision Base,src/sln/lib/mobject-graph-vision-pack/Nodes/Basic Container Ops/FillContainerExp/Node_F_VN_FillContainerExp_TcVnVector3_INT.TcPOU,Vision/Basic Container Operations/F_VN_FillContainerExp/F_VN_FillContainerExp_TcVnVector3_INT,ITcVnContainer; TcVnVector3_INT,,,,,,,ipContainer: ITcVnContainer [In]; aValue: TcVnVector3_INT [InOut]; nStartIdx: ULINT [In]; nCount: ULINT [In]; hrPrev: HRESULT [In]
F_VN_FillContainerExp_TcVnVector3_REAL,Node_F_VN_FillContainerExp_TcVnVector3_REAL,registered,TC3 Vision Base,src/sln/lib/mobject-graph-vision-pack/Nodes/Basic Container Ops/FillContainerExp/Node_F_VN_FillContainerExp_TcVnVector3_REAL.TcPOU,Vision/Basic Container Operations/F_VN_FillContainerExp/F_VN_FillContainerExp_TcVnVector3_REAL,ITcVnContainer; TcVnVector3_REAL,,,,,,,ipContainer: ITcVnContainer [In]; aValue: TcVnVector3_REAL [InOut]; nStartIdx: ULINT [In]; nCount: ULINT [In]; hrPrev: HRESULT [In]
F_VN_FillContainerExp_TcVnVector3_SINT,Node_F_VN_FillContainerExp_TcVnVector3_SINT,registered,TC3 Vision Base,src/sln/lib/mobject-graph-vision-pack/Nodes/Basic Container Ops/FillContainerExp/Node_F_VN_FillContainerExp_TcVnVector3_SINT.TcPOU,Vision/Basic Container Operations/F_VN_FillContainerExp/F_VN_FillContainerExp_TcVnVector3_SINT,ITcVnContainer; TcVnVector3_SINT,,,,,,,ipContainer: ITcVnContainer [In]; aValue: TcVnVector3_SINT [InOut]; nStartIdx: ULINT [In]; nCount: ULINT [In]; hrPrev: HRESULT [In]
F_VN_FillContainerExp_TcVnVector3_UINT,Node_F_VN_FillContainerExp_TcVnVector3_UINT,registered,TC3 Vision Base,src/sln/lib/mobject-graph-vision-pack/Nodes/Basic Container Ops/FillContainerExp/Node_F_VN_FillContainerExp_TcVnVector3_UINT.TcPOU,Vision/Basic Container Operations/F_VN_FillContainerExp/F_VN_FillContainerExp_TcVnVector3_UINT,ITcVnContainer; TcVnVector3_UINT,,,,,,,ipContainer: ITcVnContainer [In]; aValue: TcVnVector3_UINT [InOut]; nStartIdx: ULINT [In]; nCount: ULINT [In]; hrPrev: HRESULT [In]
F_VN_FillContainerExp_TcVnVector3_USINT,Node_F_VN_FillContainerExp_TcVnVector3_USINT,registered,TC3 Vision Base,src/sln/lib/mobject-graph-vision-pack/Nodes/Basic Container Ops/FillContainerExp/Node_F_VN_FillContainerExp_TcVnVector3_USINT.TcPOU,Vision/Basic Container Operations/F_VN_FillContainerExp/F_VN_FillContainerExp_TcVnVector3_USINT,ITcVnContainer; TcVnVector3_USINT,,,,,,,ipContainer: ITcVnContainer [In]; aValue: TcVnVector3_USINT [InOut]; nStartIdx: ULINT [In]; nCount: ULINT [In]; hrPrev: HRESULT [In]
F_VN_FillContainerExp_TcVnVector4_DINT,Node_F_VN_FillContainerExp_TcVnVector4_DINT,registered,TC3 Vision Base,src/sln/lib/mobject-graph-vision-pack/Nodes/Basic Container Ops/FillContainerExp/Node_F_VN_FillContainerExp_TcVnVector4_DINT.TcPOU,Vision/Basic Container Operations/F_VN_FillContainerExp/F_VN_FillContainerExp_TcVnVector4_DINT,ITcVnContainer; TcVnVector4_DINT,,,,,,,ipContainer: ITcVnContainer [In]; aValue: TcVnVector4_DINT [InOut]; nStartIdx: ULINT [In]; nCount: ULINT [In]; hrPrev: HRESULT [In]
F_VN_FillContainerExp_TcVnVector4_INT,Node_F_VN_FillContainerExp_TcVnVector4_INT,registered,TC3 Vision Base,src/sln/lib/mobject-graph-vision-pack/Nodes/Basic Container Ops/FillContainerExp/Node_F_VN_FillContainerExp_TcVnVector4_INT.TcPOU,Vision/Basic Container Operations/F_VN_FillContainerExp/F_VN_FillContainerExp_TcVnVector4_INT,ITcVnContainer; TcVnVector4_INT,,,,,,,ipContainer: ITcVnContainer [In]; aValue: TcVnVector4_INT [InOut]; nStartIdx: ULINT [In]; nCount: ULINT [In]; hrPrev: HRESULT [In]
F_VN_FillContainerExp_TcVnVector4_LREAL,Node_F_VN_FillContainerExp_TcVnVector4_LREAL,registered,TC3 Vision Base,src/sln/lib/mobject-graph-vision-pack/Nodes/Basic Container Ops/FillContainerExp/Node_F_VN_FillContainerExp_TcVnVector4_LREAL.TcPOU,Vision/Basic Container Operations/F_VN_FillContainerExp/F_VN_FillContainerExp_TcVnVector4_LREAL,ITcVnContainer; TcVnVector4_LREAL,,,,,,,ipContainer: ITcVnContainer [In]; aValue: TcVnVector4_LREAL [InOut]; nStartIdx: ULINT [In]; nCount: ULINT [In]; hrPrev: HRESULT [In]
F_VN_FillContainerExp_TcVnVector4_REAL,Node_F_VN_FillContainerExp_TcVnVector4_REAL,registered,TC3 Vision Base,src/sln/lib/mobject-graph-vision-pack/Nodes/Basic Container Ops/FillContainerExp/Node_F_VN_FillContainerExp_TcVnVector4_REAL.TcPOU,Vision/Basic Container Operations/F_VN_FillContainerExp/F_VN_FillContainerExp_TcVnVector4_REAL,ITcVnContainer; TcVnVector4_REAL,,,,,,,ipContainer: ITcVnContainer [In]; aValue: TcVnVector4_REAL [InOut]; nStartIdx: ULINT [In]; nCount: ULINT [In]; hrPrev: HRESULT [In]
F_VN_FillContainerExp_TcVnVector4_SINT,Node_F_VN_FillContainerExp_TcVnVector4_SINT,registered,TC3 Vision Base,src/sln/lib/mobject-graph-vision-pack/Nodes/Basic Container Ops/FillContainerExp/Node_F_VN_FillContainerExp_TcVnVector4_SINT.TcPOU,Vision/Basic Container Operations/F_VN_FillContainerExp/F_VN_FillContainerExp_TcVnVector4_SINT,ITcVnContainer; TcVnVector4_SINT,,,,,,,ipContainer: ITcVnContainer [In]; aValue: TcVnVector4_SINT [InOut]; nStartIdx: ULINT [In]; nCount: ULINT [In]; hrPrev: HRESULT [In]
F_VN_FillContainerExp_TcVnVector4_UINT,Node_F_VN_FillContainerExp_TcVnVector4_UINT,registered,TC3 Vision Base,src/sln/lib/mobject-graph-vision-pack/Nodes/Basic Container Ops/FillContainerExp/Node_F_VN_FillContainerExp_TcVnVector4_UINT.TcPOU,Vision/Basic Container Operations/F_VN_FillContainerExp/F_VN_FillContainerExp_TcVnVector4_UINT,ITcVnContainer; TcVnVector4_UINT,,,,,,,ipContainer: ITcVnContainer [In]; aValue: TcVnVector4_UINT [InOut]; nStartIdx: ULINT [In]; nCount: ULINT [In]; hrPrev: HRESULT [In]
F_VN_FillContainerExp_TcVnVector4_USINT,Node_F_VN_FillContainerExp_TcVnVector4_USINT,registered,TC3 Vision Base,src/sln/lib/mobject-graph-vision-pack/Nodes/Basic Container Ops/FillContainerExp/Node_F_VN_FillContainerExp_TcVnVector4_USINT.TcPOU,Vision/Basic Container Operations/F_VN_FillContainerExp/F_VN_FillContainerExp_TcVnVector4_USINT,ITcVnContainer; TcVnVector4_USINT,,,,,,,ipContainer: ITcVnContainer [In]; aValue: TcVnVector4_USINT [InOut]; nStartIdx: ULINT [In]; nCount: ULINT [In]; hrPrev: HRESULT [In]
F_VN_FillContainerExp_UDINT,Node_F_VN_FillContainerExp_UDINT,registered,TC3 Vision Base,src/sln/lib/mobject-graph-vision-pack/Nodes/Basic Container Ops/FillContainerExp/Node_F_VN_FillContainerExp_UDINT.TcPOU,Vision/Basic Container Operations/F_VN_FillContainerExp/F_VN_FillContainerExp_UDINT,ITcVnContainer,,,,,,,ipContainer: ITcVnContainer [In]; nValue: UDINT [In]; nStartIdx: ULINT [In]; nCount: ULINT [In]; hrPrev: HRESULT [In]
F_VN_FillContainerExp_UINT,Node_F_VN_FillContainerExp_UINT,registered,TC3 Vision Base,src/sln/lib/mobject-graph-vision-pack/Nodes/Basic Container Ops/FillContainerExp/Node_F_VN_FillContainerExp_UINT.TcPOU,Vision/Basic Container Operations/F_VN_FillContainerExp/F_VN_FillContainerExp_UINT,ITcVnContainer,,,,,,,ipContainer: ITcVnContainer [In]; nValue: UINT [In]; nStartIdx: ULINT [In]; nCount: ULINT [In]; hrPrev: HRESULT [In]
F_VN_FillContainerExp_ULINT,Node_F_VN_FillContainerExp_ULINT,registered,TC3 Vision Base,src/sln/lib/mobject-graph-vision-pack/Nodes/Basic Container Ops/FillContainerExp/Node_F_VN_FillContainerExp_ULINT.TcPOU,Vision/Basic Container Operations/F_VN_FillContainerExp/F_VN_FillContainerExp_ULINT,ITcVnContainer,,,,,,,ipContainer: ITcVnContainer [In]; nValue: ULINT [In]; nStartIdx: ULINT [In]; nCount: ULINT [In]; hrPrev: HRESULT [In]
F_VN_FillContainerExp_USINT,Node_F_VN_FillContainerExp_USINT,registered,TC3 Vision Base,src/sln/lib/mobject-graph-vision-pack/Nodes/Basic Container Ops/FillContainerExp/Node_F_VN_FillContainerExp_USINT.TcPOU,Vision/Basic Container Operations/F_VN_FillContainerExp/F_VN_FillContainerExp_USINT,ITcVnContainer,,,,,,,ipContainer: ITcVnContainer [In]; nValue: USINT [In]; nStartIdx: ULINT [In]; nCount: ULINT [In]; hrPrev: HRESULT [In]
F_VN_FillContainer_DINT,Node_F_VN_FillContainer_DINT,registered,TC3 Vision Base,src/sln/lib/mobject-graph-vision-pack/Nodes/Basic Container Ops/FillContainer/Node_F_VN_FillContainer_DINT.TcPOU,Vision/Basic Container Operations/F_VN_FillContainer/F_VN_FillContainer_DINT,ITcVnContainer,,,,,,,ipContainer: ITcVnContainer [In]; nValue: DINT [In]; hrPrev: HRESULT [In]
F_VN_FillContainer_INT,Node_F_VN_FillContainer_INT,registered,TC3 Vision Base,src/sln/lib/mobject-graph-vision-pack/Nodes/Basic Container Ops/FillContainer/Node_F_VN_FillContainer_INT.TcPOU,Vision/Basic Container Operations/F_VN_FillContainer/F_VN_FillContainer_INT,ITcVnContainer,,,,,,,ipContainer: ITcVnContainer [In]; nValue: INT [In]; hrPrev: HRESULT [In]
F_VN_FillContainer_ITcVnImage,Node_F_VN_FillContainer_ITcVnImage,registered,TC3 Vision Base,src/sln/lib/mobject-graph-vision-pack/Nodes/Basic Container Ops/FillContainer/Node_F_VN_FillContainer_ITcVnImage.TcPOU,Vision/Basic Container Operations/F_VN_FillContainer/F_VN_FillContainer_ITcVnImage,ITcVnContainer; ITcVnImage,,,,,,,ipContainer: ITcVnContainer [In]; ipValue: ITcVnImage [In]; hrPrev: HRESULT [In]
F_VN_FillContainer_LREAL,Node_F_VN_FillContainer_LREAL,registered,TC3 Vision Base,src/sln/lib/mobject-graph-vision-pack/Nodes/Basic Container Ops/FillContainer/Node_F_VN_FillContainer_LREAL.TcPOU,Vision/Basic Container Operations/F_VN_FillContainer/F_VN_FillContainer_LREAL,ITcVnContainer,,,,,,,ipContainer: ITcVnContainer [In]; fValue: LREAL [In]; hrPrev: HRESULT [In]
F_VN_FillContainer_REAL,Node_F_VN_FillContainer_REAL,registered,TC3 Vision Base,src/sln/lib/mobject-graph-vision-pack/Nodes/Basic Container Ops/FillContainer/Node_F_VN_FillContainer_REAL.TcPOU,Vision/Basic Container Operations/F_VN_FillContainer/F_VN_FillContainer_REAL,ITcVnContainer,,,,,,,ipContainer: ITcVnContainer [In]; fValue: REAL [In]; hrPrev: HRESULT [In]
F_VN_FillContainer_SINT,Node_F_VN_FillContainer_SINT,registered,TC3 Vision Base,src/sln/lib/mobject-graph-vision-pack/Nodes/Basic Container Ops/FillContainer/Node_F_VN_FillContainer_SINT.TcPOU,Vision/Basic Container Operations/F_VN_FillContainer/F_VN_FillContainer_SINT,ITcVnContainer,,,,,,,ipContainer: ITcVnContainer [In]; nValue: SINT [In]; hrPrev: HRESULT [In]
F_VN_FillContainer_TcVnDMatch,Node_F_VN_FillContainer_TcVnDMatch,registered,TC3 Vision Base,src/sln/lib/mobject-graph-vision-pack/Nodes/Basic Container Ops/FillContainer/Node_F_VN_FillContainer_TcVnDMatch.TcPOU,Vision/Basic Container Operations/F_VN_FillContainer/F_VN_FillContainer_TcVnDMatch,ITcVnContainer; TcVnDMatch,,,,,,,ipContainer: ITcVnContainer [In]; stValue: TcVnDMatch [InOut]; hrPrev: HRESULT [In]
F_VN_FillContainer_TcVnKeyPoint,Node_F_VN_FillContainer_TcVnKeyPoint,registered,TC3 Vision Base,src/sln/lib/mobject-graph-vision-pack/Nodes/Basic Container Ops/FillContainer/Node_F_VN_FillContainer_TcVnKeyPoint.TcPOU,Vision/Basic Container Operations/F_VN_FillContainer/F_VN_FillContainer_TcVnKeyPoint,ITcVnContainer; TcVnKeyPoint,,,,,,,ipContainer: ITcVnContainer [In]; stValue: TcVnKeyPoint [InOut]; hrPrev: HRESULT [In]
F_VN_FillContainer_TcVnPoint2_DINT,Node_F_VN_FillContainer_TcVnPoint2_DINT,registered,TC3 Vision Base,src/sln/lib/mobject-graph-vision-pack/Nodes/Basic Container Ops/FillContainer/Node_F_VN_FillContainer_TcVnPoint2_DINT.TcPOU,Vision/Basic Container Operations/F_VN_FillContainer/F_VN_FillContainer_TcVnPoint2_DINT,ITcVnContainer; TcVnPoint2_DINT,,,,,,,ipContainer: ITcVnContainer [In]; aValue: TcVnPoint2_DINT [InOut]; hrPrev: HRESULT [In]
F_VN_FillContainer_TcVnPoint2_LREAL,Node_F_VN_FillContainer_TcVnPoint2_LREAL,registered,TC3 Vision Base,src/sln/lib/mobject-graph-vision-pack/Nodes/Basic Container Ops/FillContainer/Node_F_VN_FillContainer_TcVnPoint2_LREAL.TcPOU,Vision/Basic Container Operations/F_VN_FillContainer/F_VN_FillContainer_TcVnPoint2_LREAL,ITcVnContainer; TcVnPoint2_LREAL,,,,,,,ipContainer: ITcVnContainer [In]; aValue: TcVnPoint2_LREAL [InOut]; hrPrev: HRESULT [In]
F_VN_FillContainer_TcVnPoint2_REAL,Node_F_VN_FillContainer_TcVnPoint2_REAL,registered,TC3 Vision Base,src/sln/lib/mobject-graph-vision-pack/Nodes/Basic Container Ops/FillContainer/Node_F_VN_FillContainer_TcVnPoint2_REAL.TcPOU,Vision/Basic Container Operations/F_VN_FillContainer/F_VN_FillContainer_TcVnPoint2_REAL,ITcVnContainer; TcVnPoint2_REAL,,,,,,,ipContainer: ITcVnContainer [In]; aValue: TcVnPoint2_REAL [InOut]; hrPrev: HRESULT [In]
F_VN_FillContainer_TcVnPoint3_LREAL,Node_F_VN_FillContainer_TcVnPoint3_LREAL,registered,TC3 Vision Base,src/sln/lib/mobject-graph-vision-pack/Nodes/Basic Container Ops/FillContainer/Node_F_VN_FillContainer_TcVnPoint3_LREAL.TcPOU,Vision/Basic Container Operations/F_VN_FillContainer/F_VN_FillContainer_TcVnPoint3_LREAL,ITcVnContainer; TcVnPoint3_LREAL,,,,,,,ipContainer: ITcVnContainer [In]; aValue: TcVnPoint3_LREAL [InOut]; hrPrev: HRESULT [In]
F_VN_FillContainer_TcVnPoint3_REAL,Node_F_VN_FillContainer_TcVnPoint3_REAL,registered,TC3 Vision Base,src/sln/lib/mobject-graph-vision-pack/Nodes/Basic Container Ops/FillContainer/Node_F_VN_FillContainer_TcVnPoint3_REAL.TcPOU,Vision/Basic Container Operations/F_VN_FillContainer/F_VN_FillContainer_TcVnPoint3_REAL,ITcVnContainer; TcVnPoint3_REAL,,,,,,,ipContainer: ITcVnContainer [In]; aValue: TcVnPoint3_REAL [InOut]; hrPrev: HRESULT [In]
F_VN_FillContainer_TcVnRectangle_DINT,Node_F_VN_FillContainer_TcVnRectangle_DINT,registered,TC3 Vision Base,src/sln/lib/mobject-graph-vision-pack/Nodes/Basic Container Ops/FillContainer/Node_F_VN_FillContainer_TcVnRectangle_DINT.TcPOU,Vision/Basic Container Operations/F_VN_FillContainer/F_VN_FillContainer_TcVnRectangle_DINT,ITcVnContainer; TcVnRectangle_DINT,,,,,,,ipContainer: ITcVnContainer [In]; stValue: TcVnRectangle_DINT [InOut]; hrPrev: HRESULT [In]
F_VN_FillContainer_TcVnRotatedRectangle,Node_F_VN_FillContainer_TcVnRotatedRectangle,registered,TC3 Vision Base,src/sln/lib/mobject-graph-vision-pack/Nodes/Basic Container Ops/FillContainer/Node_F_VN_FillContainer_TcVnRotatedRectangle.TcPOU,Vision/Basic Container Operations/F_VN_FillContainer/F_VN_FillContainer_TcVnRotatedRectangle,ITcVnContainer; TcVnRotatedRectangle,,,,,,,ipContainer: ITcVnContainer [In]; stValue: TcVnRotatedRectangle [InOut]; hrPrev: HRESULT [In]
F_VN_FillContainer_TcVnVector2_DINT,Node_F_VN_FillContainer_TcVnVector2_DINT,registered,TC3 Vision Base,src/sln/lib/mobject-graph-vision-pack/Nodes/Basic Container Ops/FillContainer/Node_F_VN_FillContainer_TcVnVector2_DINT.TcPOU,Vision/Basic Container Operations/F_VN_FillContainer/F_VN_FillContainer_TcVnVector2_DINT,ITcVnContainer; TcVnVector2_DINT,,,,,,,ipContainer: ITcVnContainer [In]; aValue: TcVnVector2_DINT [InOut]; hrPrev: HRESULT [In]
F_VN_FillContainer_TcVnVector2_INT,Node_F_VN_FillContainer_TcVnVector2_INT,registered,TC3 Vision Base,src/sln/lib/mobject-graph-vision-pack/Nodes/Basic Container Ops/FillContainer/Node_F_VN_FillContainer_TcVnVector2_INT.TcPOU,Vision/Basic Container Operations/F_VN_FillContainer/F_VN_FillContainer_TcVnVector2_INT,ITcVnContainer; TcVnVector2_INT,,,,,,,ipContainer: ITcVnContainer [In]; aValue: TcVnVector2_INT [InOut]; hrPrev: HRESULT [In]
F_VN_FillContainer_TcVnVector2_REAL,Node_F_VN_FillContainer_TcVnVector2_REAL,registered,TC3 Vision Base,src/sln/lib/mobject-graph-vision-pack/Nodes/Basic Container Ops/FillContainer/Node_F_VN_FillContainer_TcVnVector2_REAL.TcPOU,Vision/Basic Container Operations/F_VN_FillContainer/F_VN_FillContainer_TcVnVector2_REAL,ITcVnContainer; TcVnVector2_REAL,,,,,,,ipContainer: ITcVnContainer [In]; aValue: TcVnVector2_REAL [InOut]; hrPrev: HRESULT [In]
F_VN_FillContainer_TcVnVector2_SINT,Node_F_VN_FillContainer_TcVnVector2_SINT,registered,TC3 Vision Base,src/sln/lib/mobject-graph-vision-pack/Nodes/Basic Container Ops/FillContainer/Node_F_VN_FillContainer_TcVnVector2_SINT.TcPOU,Vision/Basic Container Operations/F_VN_FillContainer/F_VN_FillContainer_TcVnVector2_SINT,ITcVnContainer; TcVnVector2_SINT,,,,,,,ipContainer: ITcVnContainer [In]; aValue: TcVnVector2_SINT [InOut]; hrPrev: HRESULT [In]
F_VN_FillContainer_TcVnVector2_UINT,Node_F_VN_FillContainer_TcVnVector2_UINT,registered,TC3 Vision Base,src/sln/lib/mobject-graph-vision-pack/Nodes/Basic Container Ops/FillContainer/Node_F_VN_FillContainer_TcVnVector2_UINT.TcPOU,Vision/Basic Container Operations/F_VN_FillContainer/F_VN_FillContainer_TcVnVector2_UINT,ITcVnContainer; TcVnVector2_UINT,,,,,,,ipContainer: ITcVnContainer [In]; aValue: TcVnVector2_UINT [InOut]; hrPrev: HRESULT [In]
F_VN_FillContainer_TcVnVector2_USINT,Node_F_VN_FillContainer_TcVnVector2_USINT,registered,TC3 Vision Base,src/sln/lib/mobject-graph-vision-pack/Nodes/Basic Container Ops/FillContainer/Node_F_VN_FillContainer_TcVnVector2_USINT.TcPOU,Vision/Basic Container Operations/F_VN_FillContainer/F_VN_FillContainer_TcVnVector2_USINT,ITcVnContainer; TcVnVector2_USINT,,,,,,,ipContainer: ITcVnContainer [In]; aValue: TcVnVector2_USINT [InOut]; hrPrev: HRESULT [In]
F_VN_FillContainer_TcVnVector3_INT,Node_F_VN_FillContainer_TcVnVector3_INT,registered,TC3 Vision Base,src/sln/lib/mobject-graph-vision-pack/Nodes/Basic Container Ops/FillContainer/Node_F_VN_FillContainer_TcVnVector3_INT.TcPOU,Vision/Basic Container Operations/F_VN_FillContainer/F_VN_FillContainer_TcVnVector3_INT,ITcVnContainer; TcVnVector3_INT,,,,,,,ipContainer: ITcVnContainer [In]; aValue: TcVnVector3_INT [InOut]; hrPrev: HRESULT [In]
F_VN_FillContainer_TcVnVector3_REAL,Node_F_VN_FillContainer_TcVnVector3_REAL,registered,TC3 Vision Base,src/sln/lib/mobject-graph-vision-pack/Nodes/Basic Container Ops/FillContainer/Node_F_VN_FillContainer_TcVnVector3_REAL.TcPOU,Vision/Basic Container Operations/F_VN_FillContainer/F_VN_FillContainer_TcVnVector3_REAL,ITcVnContainer; TcVnVector3_REAL,,,,,,,ipContainer: ITcVnContainer [In]; aValue: TcVnVector3_REAL [InOut]; hrPrev: HRESULT [In]
F_VN_FillContainer_TcVnVector3_SINT,Node_F_VN_FillContainer_TcVnVector3_SINT,registered,TC3 Vision Base,src/sln/lib/mobject-graph-vision-pack/Nodes/Basic Container Ops/FillContainer/Node_F_VN_FillContainer_TcVnVector3_SINT.TcPOU,Vision/Basic Container Operations/F_VN_FillContainer/F_VN_FillContainer_TcVnVector3_SINT,ITcVnContainer; TcVnVector3_SINT,,,,,,,ipContainer: ITcVnContainer [In]; aValue: TcVnVector3_SINT [InOut]; hrPrev: HRESULT [In]
F_VN_FillContainer_TcVnVector3_UINT,Node_F_VN_FillContainer_TcVnVector3_UINT,registered,TC3 Vision Base,src/sln/lib/mobject-graph-vision-pack/Nodes/Basic Container Ops/FillContainer/Node_F_VN_FillContainer_TcVnVector3_UINT.TcPOU,Vision/Basic Container Operations/F_VN_FillContainer/F_VN_FillContainer_TcVnVector3_UINT,ITcVnContainer; TcVnVector3_UINT,,,,,,,ipContainer: ITcVnContainer [In]; aValue: TcVnVector3_UINT [InOut]; hrPrev: HRESULT [In]
F_VN_FillContainer_TcVnVector3_USINT,Node_F_VN_FillContainer_TcVnVector3_USINT,registered,TC3 Vision Base,src/sln/lib/mobject-graph-vision-pack/Nodes/Basic Container Ops/FillContainer/Node_F_VN_FillContainer_TcVnVector3_USINT.TcPOU,Vision/Basic Container Operations/F_VN_FillContainer/F_VN_FillContainer_TcVnVector3_USINT,ITcVnContainer; TcVnVector3_USINT,,,,,,,ipContainer: ITcVnContainer [In]; aValue: TcVnVector3_USINT [InOut]; hrPrev: HRESULT [In]
F_VN_FillContainer_TcVnVector4_DINT,Node_F_VN_FillContainer_TcVnVector4_DINT,registered,TC3 Vision Base,src/sln/lib/mobject-graph-vision-pack/Nodes/Basic Container Ops/FillContainer/Node_F_VN_FillContainer_TcVnVector4_DINT.TcPOU,Vision/Basic Container Operations/F_VN_FillContainer/F_VN_FillContainer_TcVnVector4_DINT,ITcVnContainer; TcVnVector4_DINT,,,,,,,ipContainer: ITcVnContainer [In]; aValue: TcVnVector4_DINT [InOut]; hrPrev: HRESULT [In]
F_VN_FillContainer_TcVnVector4_INT,Node_F_VN_FillContainer_TcVnVector4_INT,registered,TC3 Vision Base,src/sln/lib/mobject-graph-vision-pack/Nodes/Basic Container Ops/FillContainer/Node_F_VN_FillContainer_TcVnVector4_INT.TcPOU,Vision/Basic Container Operations/F_VN_FillContainer/F_VN_FillContainer_TcVnVector4_INT,ITcVnContainer; TcVnVector4_INT,,,,,,,ipContainer: ITcVnContainer [In]; aValue: TcVnVector4_INT [InOut]; hrPrev: HRESULT [In]
F_VN_FillContainer_TcVnVector4_LREAL,Node_F_VN_FillContainer_TcVnVector4_LREAL,registered,TC3 Vision Base,src/sln/lib/mobject-graph-vision-pack/Nodes/Basic Container Ops/FillContainer/Node_F_VN_FillContainer_TcVnVector4_LREAL.TcPOU,Vision/Basic Container Operations/F_VN_FillContainer/F_VN_FillContainer_TcVnVector4_LREAL,ITcVnContainer; TcVnVector4_LREAL,,,,,,,ipContainer: ITcVnContainer [In]; aValue: TcVnVector4_LREAL [InOut]; hrPrev: HRESULT [In]
F_VN_FillContainer_TcVnVector4_REAL,Node_F_VN_FillContainer_TcVnVector4_REAL,registered,TC3 Vision Base,src/sln/lib/mobject-graph-vision-pack/Nodes/Basic Container Ops/AppendToContainer/Node_F_VN_FillContainer_TcVnVector4_REAL.TcPOU,Vision/Basic Container Operations/F_VN_FillContainer/F_VN_FillContainer_TcVnVector4_REAL,ITcVnContainer; TcVnVector4_REAL,,,,,,,ipContainer: ITcVnContainer [In]; aValue: TcVnVector4_REAL [InOut]; hrPrev: HRESULT [In]
F_VN_FillContainer_TcVnVector4_SINT,Node_F_VN_FillContainer_TcVnVector4_SINT,registered,TC3 Vision Base,src/sln/lib/mobject-graph-vision-pack/Nodes/Basic Container Ops/FillContainer/Node_F_VN_FillContainer_TcVnVector4_SINT.TcPOU,Vision/Basic Container Operations/F_VN_FillContainer/F_VN_FillContainer_TcVnVector4_SINT,ITcVnContainer; TcVnVector4_SINT,,,,,,,ipContainer: ITcVnContainer [In]; aValue: TcVnVector4_SINT [InOut]; hrPrev: HRESULT [In]
F_VN_FillContainer_TcVnVector4_UINT,Node_F_VN_FillContainer_TcVnVector4_UINT,registered,TC3 Vision Base,src/sln/lib/mobject-graph-vision-pack/Nodes/Basic Container Ops/FillContainer/Node_F_VN_FillContainer_TcVnVector4_UINT.TcPOU,Vision/Basic Container Operations/F_VN_FillContainer/F_VN_FillContainer_TcVnVector4_UINT,ITcVnContainer; TcVnVector4_UINT,,,,,,,ipContainer: ITcVnContainer [In]; aValue: TcVnVector4_UINT [InOut]; hrPrev: HRESULT [In]
F_VN_FillContainer_TcVnVector4_USINT,Node_F_VN_FillContainer_TcVnVector4_USINT,registered,TC3 Vision Base,src/sln/lib/mobject-graph-vision-pack/Nodes/Basic Container Ops/FillContainer/Node_F_VN_FillContainer_TcVnVector4_USINT.TcPOU,Vision/Basic Container Operations/F_VN_FillContainer/F_VN_FillContainer_TcVnVector4_USINT,ITcVnContainer; TcVnVector4_USINT,,,,,,,ipContainer: ITcVnContainer [In]; aValue: TcVnVector4_USINT [InOut]; hrPrev: HRESULT [In]
F_VN_FillContainer_UDINT,Node_F_VN_FillContainer_UDINT,registered,TC3 Vision Base,src/sln/lib/mobject-graph-vision-pack/Nodes/Basic Container Ops/FillContainer/Node_F_VN_FillContainer_UDINT.TcPOU,Vision/Basic Container Operations/F_VN_FillContainer/F_VN_FillContainer_UDINT,ITcVnContainer,,,,,,,ipContainer: ITcVnContainer [In]; nValue: UDINT [In]; hrPrev: HRESULT [In]
F_VN_FillContainer_UINT,Node_F_VN_FillContainer_UINT,registered,TC3 Vision Base,src/sln/lib/mobject-graph-vision-pack/Nodes/Basic Container Ops/FillContainer/Node_F_VN_FillContainer_UINT.TcPOU,Vision/Basic Container Operations/F_VN_FillContainer/F_VN_FillContainer_UINT,ITcVnContainer,,,,,,,ipContainer: ITcVnContainer [In]; nValue: UINT [In]; hrPrev: HRESULT [In]
F_VN_FillContainer_ULINT,Node_F_VN_FillContainer_ULINT,registered,TC3 Vision Base,src/sln/lib/mobject-graph-vision-pack/Nodes/Basic Container Ops/FillContainer/Node_F_VN_FillContainer_ULINT.TcPOU,Vision/Basic Container Operations/F_VN_FillContainer/F_VN_FillContainer_ULINT,ITcVnContainer,,,,,,,ipContainer: ITcVnContainer [In]; nValue: ULINT [In]; hrPrev: HRESULT [In]
F_VN_FillContainer_USINT,Node_F_VN_FillContainer_USINT,registered,TC3 Vision Base,src/sln/lib/mobject-graph-vision-pack/Nodes/Basic Container Ops/FillContainer/Node_F_VN_FillContainer_USINT.TcPOU,Vision/Basic Container Operations/F_VN_FillContainer/F_VN_FillContainer_USINT,ITcVnContainer,,,,,,,ipContainer: ITcVnContainer [In]; nValue: USINT [In]; hrPrev: HRESULT [In]
F_VN_FillContours,Node_F_VN_FillContours,registered,TC3 Vision Base,src/sln/lib/mobject-graph-vision-pack/Nodes/Drawing/Node_F_VN_FillContours.TcPOU,Vision/Drawing/F_VN_FillContours,ITcVnContainer; ITcVnImage; TcVnVector4_LREAL,,,,,,,ipContours: ITcVnContainer [In]; nContourIndex: DINT [In]; ipDestImage: ITcVnImage [In]; aColor: TcVnVector4_LREAL [InOut]; hrPrev: HRESULT [In]
F_VN_FillEllipse,Node_F_VN_FillEllipse,registered,TC3 Vision Base,src/sln/lib/mobject-graph-vision-pack/Nodes/Drawing/Node_F_VN_FillEllipse.TcPOU,Vision/Drawing/F_VN_FillEllipse,ITcVnImage; TcVnRotatedRectangle; TcVnVector4_LREAL,,,,,,,stEllipse: TcVnRotatedRectangle [InOut]; ipDestImage: ITcVnImage [In]; aColor: TcVnVector4_LREAL [InOut]; hrPrev: HRESULT [In]
F_VN_FillHoles,Node_F_VN_FillHoles,registered,TC3 Vision Base,src/sln/lib/mobject-graph-vision-pack/Nodes/Image Filtering/Node_F_VN_FillHoles.TcPOU,Vision/Image Filtering/F_VN_FillHoles,ITcVnImage,,,,,,,ipSrcImage: ITcVnImage [In]; ipDestImage: Reference To ITcVnImage [In]; hrPrev: HRESULT [In]
F_VN_FillPolygon,Node_F_VN_FillPolygon,registered,TC3 Vision Base,src/sln/lib/mobject-graph-vision-pack/Nodes/Drawing/Node_F_VN_FillPolygon.TcPOU,Vision/Drawing/F_VN_FillPolygon,ITcVnContainer; ITcVnImage; TcVnVector4_LREAL,,,,,,,ipPoints: ITcVnContainer [In]; ipDestImage: ITcVnImage [In]; aColor: TcVnVector4_LREAL [InOut]; hrPrev: HRESULT [In]
F_VN_FillRectangle,Node_F_VN_FillRectangle,registered,TC3 Vision Base,src/sln/lib/mobject-graph-vision-pack/Nodes/Drawing/Node_F_VN_FillRectangle.TcPOU,Vision/Drawing/F_VN_FillRectangle,ITcVnImage; TcVnVector4_LREAL,,,,,,,nTopLeftX: UDINT [In]; nTopLeftY: UDINT [In]; nBottomRightX: UDINT [In]; nBottomRightY: UDINT [In]; ipDestImage: ITcVnImage [In]; aColor: TcVnVector4_LREAL [InOut]; hrPrev: HRESULT [In]
F_VN_FillRotatedRectangle,Node_F_VN_FillRotatedRectangle,registered,TC3 Vision Base,src/sln/lib/mobject-graph-vision-pack/Nodes/Drawing/Node_F_VN_FillRotatedRectangle.TcPOU,Vision/Drawing/F_VN_FillRotatedRectangle,ITcVnImage; TcVnRotatedRectangle; TcVnVector4_LREAL,,,,,,,stRectangle: TcVnRotatedRectangle [InOut]; ipDestImage: ITcVnImage [In]; aColor: TcVnVector4_LREAL [InOut]; hrPrev: HRESULT [In]
F_VN_FilterGoodMatches,Node_F_VN_FilterGoodMatches,registered,TC3 Vision Matching,src/sln/lib/mobject-graph-vision-pack/Nodes/Keypoint Features/Node_F_VN_FilterGoodMatches.TcPOU,Vision/Keypoint Features/F_VN_FilterGoodMatches,ITcVnContainer,,,,,,,ipMatches: ITcVnContainer [In]; ipGoodMatches: Reference To ITcVnContainer [In]; fMaxDist: REAL [In]; fMaxKnnRatio: REAL [In]; hrPrev: HRESULT [In]
F_VN_FindContourHierarchyExp,Node_F_VN_FindContourHierarchyExp,registered,TC3 Vision Base,src/sln/lib/mobject-graph-vision-pack/Nodes/Image Analysis/Object Detection/Node_F_VN_FindContourHierarchyExp.TcPOU,Vision/Image Analysis/Object Detection/F_VN_FindContourHierarchyExp,ETcVnContourApproximationMethod; ETcVnContourRetrievalMode; ITcVnContainer; ITcVnImage; TcVnPoint,,,,,,,ipSrcImage: ITcVnImage [In]; ipContours: Reference To ITcVnContainer [In]; ipHierarchy: Reference To ITcVnContainer [In]; eRetrievalMode: ETcVnContourRetrievalMode [In]; eApproximationMethod: ETcVnContourApproximationMethod [In]; aOffset: TcVnPoint [InOut]; hrPrev: HRESULT [In]
F_VN_FindContours,Node_F_VN_FindContours,registered,TC3 Vision Base,src/sln/lib/mobject-graph-vision-pack/Nodes/Image Analysis/Object Detection/Node_F_VN_FindContours.TcPOU,Vision/Image Analysis/Object Detection/F_VN_FindContours,ITcVnContainer; ITcVnImage,,,,,,,ipSrcImage: ITcVnImage [In]; ipContours: Reference To ITcVnContainer [In]; hrPrev: HRESULT [In]
F_VN_FindContoursExp,Node_F_VN_FindContoursExp,registered,TC3 Vision Base,src/sln/lib/mobject-graph-vision-pack/Nodes/Image Analysis/Object Detection/Node_F_VN_FindContoursExp.TcPOU,Vision/Image Analysis/Object Detection/F_VN_FindContoursExp,ETcVnContourApproximationMethod; ETcVnContourRetrievalMode; ITcVnContainer; ITcVnImage; TcVnPoint,,,,,,,"ipSrcImage: ITcVnImage [In]; ipContours: Reference To ITcVnContainer [In]; eRetrievalMode: ETcVnContourRetrievalMode [In] = TCVN_CRM_EXTERNAL; eApproximationMethod: ETcVnContourApproximationMethod [In] = TCVN_CAM_SIMPLE; aOffset: TcVnPoint [InOut] = {0, 0}; hrPrev: HRESULT [In]"
F_VN_FindReferenceKeyPointsInImage,Node_F_VN_FindReferenceKeyPointsInImage,missing,TC3 Vision Matching,,,ETcVnNormalizationType; ITcVnContainer; ITcVnImage; TcVnMatrix3x3_LREAL,,,,,,,ipSrcKeyPoints: ITcVnContainer [In]; ipSrcDescriptors: ITcVnImage [In]; ipRefKeyPoints: ITcVnContainer [In]; ipRefDescriptors: ITcVnImage [In]; nRefImageWidth: UDINT [In]; nRefImageHeight: UDINT [In]; ipEdgePoints: Reference To ITcVnContainer [In]; fMaxDist: REAL [In]; fMaxKnnRatio: REAL [In]; eNormType: ETcVnNormalizationType [In]; hrPrev: HRESULT [In]; aPerspectiveTransform: TcVnMatrix3x3_LREAL [Out]; nNumberOfGoodMatches: UDINT [Out]; nNumberOfInliers: UDINT [Out]
F_VN_FindReferenceKeyPointsInImageAKAZE,Node_F_VN_FindReferenceKeyPointsInImageAKAZE,missing,TC3 Vision Matching,,,ITcVnContainer; ITcVnImage; TcVnMatrix3x3_LREAL,,,,,,,ipSrcImage: ITcVnImage [In]; ipRefKeyPoints: ITcVnContainer [In]; ipRefDescriptors: ITcVnImage [In]; nRefImageWidth: UDINT [In]; nRefImageHeight: UDINT [In]; ipEdgePoints: Reference To ITcVnContainer [In]; fMaxDist: REAL [In]; fMaxKnnRatio: REAL [In]; hrPrev: HRESULT [In]; aPerspectiveTransform: TcVnMatrix3x3_LREAL [Out]; nNumberOfGoodMatches: UDINT [Out]; nNumberOfInliers: UDINT [Out]
F_VN_FindReferenceKeyPointsInImageAKAZEExp,Node_F_VN_FindReferenceKeyPointsInImageAKAZEExp,missing,TC3 Vision Matching,,,ETcVnEstimationAlgorithm; ETcVnNormalizationType; ITcVnContainer; ITcVnImage; TcVnMatrix3x3_LREAL; TcVnParamsAKAZE,,,,,,,"ipSrcImage: ITcVnImage [In]; ipRefKeyPoints: ITcVnContainer [In]; ipRefDescriptors: ITcVnImage [In]; nRefImageWidth: UDINT [In]; nRefImageHeight: UDINT [In]; ipEdgePoints: Reference To ITcVnContainer [In]; fMaxDist: REAL [In]; fMaxKnnRatio: REAL [In]; eNormType: ETcVnNormalizationType [In] = TCVN_NT_HAMMING; ipSrcImageMask: ITcVnImage [In] = 0; stAkazeParams: TcVnParamsAKAZE [InOut] = {TCVN_FDT_AKAZE_MLDB, 0, 3, 0.001f, 2, 1, TCVN_DT1_KAZE_PM_G2}; eAlgorithm: ETcVnEstimationAlgorithm [In] = TCVN_EA_RANSAC; fReprojThreshold: LREAL [In] = 3; nMaxIterations: UDINT [In] = 2000; fConfidence: LREAL [In] = 0.995; hrPrev: HRESULT [In]; aPerspectiveTransform: TcVnMatrix3x3_LREAL [Out]; nNumberOfGoodMatches: UDINT [Out]; nNumberOfInliers: UDINT [Out]"
F_VN_FindReferenceKeyPointsInImageBRISK,Node_F_VN_FindReferenceKeyPointsInImageBRISK,missing,TC3 Vision Matching,,,ITcVnContainer; ITcVnImage; TcVnMatrix3x3_LREAL,,,,,,,ipSrcImage: ITcVnImage [In]; ipRefKeyPoints: ITcVnContainer [In]; ipRefDescriptors: ITcVnImage [In]; nRefImageWidth: UDINT [In]; nRefImageHeight: UDINT [In]; ipEdgePoints: Reference To ITcVnContainer [In]; fMaxDist: REAL [In]; fMaxKnnRatio: REAL [In]; hrPrev: HRESULT [In]; aPerspectiveTransform: TcVnMatrix3x3_LREAL [Out]; nNumberOfGoodMatches: UDINT [Out]; nNumberOfInliers: UDINT [Out]
F_VN_FindReferenceKeyPointsInImageBRISKExp,Node_F_VN_FindReferenceKeyPointsInImageBRISKExp,missing,TC3 Vision Matching,,,ETcVnEstimationAlgorithm; ETcVnNormalizationType; ITcVnContainer; ITcVnImage; TcVnMatrix3x3_LREAL; TcVnParamsBRISK,,,,,,,"ipSrcImage: ITcVnImage [In]; ipRefKeyPoints: ITcVnContainer [In]; ipRefDescriptors: ITcVnImage [In]; nRefImageWidth: UDINT [In]; nRefImageHeight: UDINT [In]; ipEdgePoints: Reference To ITcVnContainer [In]; fMaxDist: REAL [In]; fMaxKnnRatio: REAL [In]; eNormType: ETcVnNormalizationType [In] = TCVN_NT_HAMMING; ipSrcImageMask: ITcVnImage [In] = 0; stBriskParams: TcVnParamsBRISK [InOut] = {30, 3, 1}; eAlgorithm: ETcVnEstimationAlgorithm [In] = TCVN_EA_RANSAC; fReprojThreshold: LREAL [In] = 3; nMaxIterations: UDINT [In] = 2000; fConfidence: LREAL [In] = 0.995; hrPrev: HRESULT [In]; aPerspectiveTransform: TcVnMatrix3x3_LREAL [Out]; nNumberOfGoodMatches: UDINT [Out]; nNumberOfInliers: UDINT [Out]"
F_VN_FindReferenceKeyPointsInImageExp,Node_F_VN_FindReferenceKeyPointsInImageExp,missing,TC3 Vision Matching,,,ETcVnEstimationAlgorithm; ETcVnNormalizationType; ITcVnContainer; ITcVnImage; TcVnMatrix3x3_LREAL,,,,,,,ipSrcKeyPoints: ITcVnContainer [In]; ipSrcDescriptors: ITcVnImage [In]; ipRefKeyPoints: ITcVnContainer [In]; ipRefDescriptors: ITcVnImage [In]; nRefImageWidth: UDINT [In]; nRefImageHeight: UDINT [In]; ipEdgePoints: Reference To ITcVnContainer [In]; fMaxDist: REAL [In]; fMaxKnnRatio: REAL [In]; eNormType: ETcVnNormalizationType [In]; eAlgorithm: ETcVnEstimationAlgorithm [In] = TCVN_EA_RANSAC; fReprojThreshold: LREAL [In] = 3; nMaxIterations: UDINT [In] = 2000; fConfidence: LREAL [In] = 0.995; ipGoodMatches: Reference To ITcVnContainer [In] = 0; ipInlierMask: Reference To ITcVnContainer [In] = 0; hrPrev: HRESULT [In]; aPerspectiveTransform: TcVnMatrix3x3_LREAL [Out]; nNumberOfGoodMatches: UDINT [Out]; nNumberOfInliers: UDINT [Out]
F_VN_FindReferenceKeyPointsInImageORB,Node_F_VN_FindReferenceKeyPointsInImageORB,missing,TC3 Vision Matching,,,ITcVnContainer; ITcVnImage; TcVnMatrix3x3_LREAL,,,,,,,ipSrcImage: ITcVnImage [In]; ipRefKeyPoints: ITcVnContainer [In]; ipRefDescriptors: ITcVnImage [In]; nRefImageWidth: UDINT [In]; nRefImageHeight: UDINT [In]; ipEdgePoints: Reference To ITcVnContainer [In]; fMaxDist: REAL [In]; fMaxKnnRatio: REAL [In]; hrPrev: HRESULT [In]; aPerspectiveTransform: TcVnMatrix3x3_LREAL [Out]; nNumberOfGoodMatches: UDINT [Out]; nNumberOfInliers: UDINT [Out]
F_VN_FindReferenceKeyPointsInImageORBExp,Node_F_VN_FindReferenceKeyPointsInImageORBExp,missing,TC3 Vision Matching,,,ETcVnEstimationAlgorithm; ETcVnNormalizationType; ITcVnContainer; ITcVnImage; TcVnMatrix3x3_LREAL; TcVnParamsORB,,,,,,,"ipSrcImage: ITcVnImage [In]; ipRefKeyPoints: ITcVnContainer [In]; ipRefDescriptors: ITcVnImage [In]; nRefImageWidth: UDINT [In]; nRefImageHeight: UDINT [In]; ipEdgePoints: Reference To ITcVnContainer [In]; fMaxDist: REAL [In]; fMaxKnnRatio: REAL [In]; eNormType: ETcVnNormalizationType [In] = TCVN_NT_HAMMING; ipSrcImageMask: ITcVnImage [In] = 0; stOrbParams: TcVnParamsORB [InOut] = {500, 1.2f, 8, 31, 0, 2, TCVN_FST_ORB_HARRIS, 31, 20}; eAlgorithm: ETcVnEstimationAlgorithm [In] = TCVN_EA_RANSAC; fReprojThreshold: LREAL [In] = 3; nMaxIterations: UDINT [In] = 2000; fConfidence: LREAL [In] = 0.995; hrPrev: HRESULT [In]; aPerspectiveTransform: TcVnMatrix3x3_LREAL [Out]; nNumberOfGoodMatches: UDINT [Out]; nNumberOfInliers: UDINT [Out]"
F_VN_FindRois,Node_F_VN_FindRois,registered,TC3 Vision Base,src/sln/lib/mobject-graph-vision-pack/Nodes/Image Analysis/Object Detection/Node_F_VN_FindRois.TcPOU,Vision/Image Analysis/Object Detection/F_VN_FindRois,ETcVnFindRoisMethod; ITcVnContainer; ITcVnImage; TcVnParamsFindRois,,,,,,,ipSrcImage: ITcVnImage [In]; ipRois: Reference To ITcVnContainer [In]; eFindRoisMethod: ETcVnFindRoisMethod [In]; stParams: TcVnParamsFindRois [InOut]; hrPrev: HRESULT [In]
F_VN_FindTemplateWalsh,Node_F_VN_FindTemplateWalsh,registered,TC3 Vision Matching,src/sln/lib/mobject-graph-vision-pack/Nodes/Image Analysis/Object Detection/Node_F_VN_FindTemplateWalsh.TcPOU,Vision/Image Analysis/Object Detection/F_VN_FindTemplateWalsh,ITcVnContainer; ITcVnImage,,,,,,,ipSrcImage: ITcVnImage [In]; ipTemplateImage: ITcVnImage [In]; ipMatches: Reference To ITcVnContainer [In]; fMatchThreshold: REAL [In]; nProjections: UDINT [In]; hrPrev: HRESULT [In]
F_VN_FindTemplateWalshExp,Node_F_VN_FindTemplateWalshExp,registered,TC3 Vision Matching,src/sln/lib/mobject-graph-vision-pack/Nodes/Image Analysis/Object Detection/Node_F_VN_FindTemplateWalshExp.TcPOU,Vision/Image Analysis/Object Detection/F_VN_FindTemplateWalshExp,ETcVnInterpolationType; ITcVnContainer; ITcVnImage,,,,,,,ipSrcImage: ITcVnImage [In]; ipTemplateImage: ITcVnImage [In]; ipMatches: Reference To ITcVnContainer [In]; fMatchThreshold: REAL [In]; nProjections: UDINT [In]; eOptions: UDINT [In] = TCVN_FTWO_NONE; nRotations: UDINT [In] = 1; fScaleFactor: REAL [In] = 1; eInterpolationType: ETcVnInterpolationType [In] = TCVN_IT_BILINEAR; ipMatchValues: Reference To ITcVnContainer [In] = 0; hrPrev: HRESULT [In]
F_VN_FindTemplateWalshExp_AngleRange,Node_F_VN_FindTemplateWalshExp_AngleRange,registered,TC3 Vision Matching,src/sln/lib/mobject-graph-vision-pack/Nodes/Image Analysis/Object Detection/Node_F_VN_FindTemplateWalshExp_AngleRange.TcPOU,Vision/Image Analysis/Object Detection/F_VN_FindTemplateWalshExp_AngleRange,ETcVnInterpolationType; ITcVnContainer; ITcVnImage,,,,,,,ipSrcImage: ITcVnImage [In]; ipTemplateImage: ITcVnImage [In]; ipMatches: Reference To ITcVnContainer [In]; fMatchThreshold: REAL [In]; nProjections: UDINT [In]; fStartAngle: LREAL [In]; fStopAngle: LREAL [In]; nAngles: UDINT [In]; eOptions: UDINT [In] = TCVN_FTWO_NONE; fScaleFactor: REAL [In] = 1; eInterpolationType: ETcVnInterpolationType [In] = TCVN_IT_BILINEAR; ipMatchValues: Reference To ITcVnContainer [In] = 0; hrPrev: HRESULT [In]
F_VN_FindTemplateWalsh_AngleRange,Node_F_VN_FindTemplateWalsh_AngleRange,registered,TC3 Vision Matching,src/sln/lib/mobject-graph-vision-pack/Nodes/Image Analysis/Object Detection/Node_F_VN_FindTemplateWalsh_AngleRange.TcPOU,Vision/Image Analysis/Object Detection/F_VN_FindTemplateWalsh_AngleRange,ITcVnContainer; ITcVnImage,,,,,,,ipSrcImage: ITcVnImage [In]; ipTemplateImage: ITcVnImage [In]; ipMatches: Reference To ITcVnContainer [In]; fMatchThreshold: REAL [In]; nProjections: UDINT [In]; fStartAngle: LREAL [In]; fStopAngle: LREAL [In]; nAngles: UDINT [In]; hrPrev: HRESULT [In]
F_VN_FitEllipse,Node_F_VN_FitEllipse,registered,TC3 Vision Base,src/sln/lib/mobject-graph-vision-pack/Nodes/Contour Analysis/Node_F_VN_FitEllipse.TcPOU,Vision/Contour Analysis/F_VN_FitEllipse,ITcVnContainer; TcVnRotatedRectangle,,,,,,,ipPointSet: ITcVnContainer [In]; stEllipse: TcVnRotatedRectangle [InOut]; hrPrev: HRESULT [In]
F_VN_FitLine,Node_F_VN_FitLine,registered,TC3 Vision Base,src/sln/lib/mobject-graph-vision-pack/Nodes/Contour Analysis/Node_F_VN_FitLine.TcPOU,Vision/Contour Analysis/F_VN_FitLine,ITcVnContainer; TcVnVector4_LREAL,,,,,,,ipPointSet: ITcVnContainer [In]; aFitLine: TcVnVector4_LREAL [InOut]; hrPrev: HRESULT [In]
F_VN_FitLineExp,Node_F_VN_FitLineExp,registered,TC3 Vision Base,src/sln/lib/mobject-graph-vision-pack/Nodes/Contour Analysis/Node_F_VN_FitLineExp.TcPOU,Vision/Contour Analysis/F_VN_FitLineExp,ETcVnDistanceType; ITcVnContainer; TcVnVector4_LREAL,,,,,,,ipPointSet: ITcVnContainer [In]; aFitLine: TcVnVector4_LREAL [InOut]; eDistanceType: ETcVnDistanceType [In] = TCVN_DT_L2; fParam: LREAL [In] = 0; fEpsRadius: LREAL [In] = 0.001; fEpsAngle: LREAL [In] = 0.001; hrPrev: HRESULT [In]
F_VN_FlipImage,Node_F_VN_FlipImage,registered,TC3 Vision Base,src/sln/lib/mobject-graph-vision-pack/Nodes/Geometric and Coord Transform/Node_F_VN_FlipImage.TcPOU,Vision/Geometric and Coordinate Transformations/F_VN_FlipImage,ETcVnFlipAxis; ITcVnImage,,,,,,,ipSrcImage: ITcVnImage [In]; ipDestImage: Reference To ITcVnImage [In]; eFlipAxis: ETcVnFlipAxis [In]; hrPrev: HRESULT [In]
F_VN_FourierDescriptors,Node_F_VN_FourierDescriptors,missing,TC3 Vision Base,,,ITcVnContainer,,,,,,,ipContour: ITcVnContainer [In]; ipDescriptors: Reference To ITcVnContainer [In]; nDescriptors: DINT [In]; hrPrev: HRESULT [In]
F_VN_FuseImages,Node_F_VN_FuseImages,registered,TC3 Vision Base,src/sln/lib/mobject-graph-vision-pack/Nodes/Basic Image Ops/Node_F_VN_FuseImages.TcPOU,Vision/Basic Image Operations/F_VN_FuseImages,ITcVnImage,,,,,,,ipSrcImage1: ITcVnImage [In]; ipSrcImage2: ITcVnImage [In]; ipDestImage: Reference To ITcVnImage [In]; nFirstLine: UDINT [In]; nNumLines: UDINT [In]; hrPrev: HRESULT [In]
F_VN_FuseImagesArray,Node_F_VN_FuseImagesArray,missing,TC3 Vision Base,,,ITcVnImage; TcVnArray10_ITcVnImage,,,,,,,aSrcImageArray: TcVnArray10_ITcVnImage [InOut]; nValidImages: UDINT [In]; ipDestImage: Reference To ITcVnImage [In]; nFirstLine: UDINT [In]; nNumLines: UDINT [In]; hrPrev: HRESULT [In]
F_VN_GaussianFilter,Node_F_VN_GaussianFilter,registered,TC3 Vision Base,src/sln/lib/mobject-graph-vision-pack/Nodes/Image Filtering/Node_F_VN_GaussianFilter.TcPOU,Vision/Image Filtering/F_VN_GaussianFilter,ITcVnImage,,,,,,,ipSrcImage: ITcVnImage [In]; ipDestImage: Reference To ITcVnImage [In]; nFilterWidth: UDINT [In]; nFilterHeight: UDINT [In]; hrPrev: HRESULT [In]
F_VN_GaussianFilterExp,Node_F_VN_GaussianFilterExp,registered,TC3 Vision Base,src/sln/lib/mobject-graph-vision-pack/Nodes/Image Filtering/Node_F_VN_GaussianFilterExp.TcPOU,Vision/Image Filtering/F_VN_GaussianFilterExp,ETcVnBorderInterpolationMethod; ITcVnImage,,,,,,,ipSrcImage: ITcVnImage [In]; ipDestImage: Reference To ITcVnImage [In]; nFilterWidth: UDINT [In]; nFilterHeight: UDINT [In]; fSigmaX: LREAL [In] = 0; fSigmaY: LREAL [In] = 0; eBorderType: ETcVnBorderInterpolationMethod [In] = TCVN_BIM_DEFAULT; hrPrev: HRESULT [In]
F_VN_GenerateAffineTransformationUnitMatrix2D,Node_F_VN_GenerateAffineTransformationUnitMatrix2D,registered,TC3 Vision Base,src/sln/lib/mobject-graph-vision-pack/Nodes/Geometric and Coord Transform/Node_F_VN_GenerateAffineTransformationUnitMatrix2D.TcPOU,Vision/Geometric and Coordinate Transformations/F_VN_GenerateAffineTransformationUnitMatrix2D,TcVnMatrix2x3_LREAL,,,,,,,aTransformationMatrix: TcVnMatrix2x3_LREAL [InOut]; hrPrev: HRESULT [In]
F_VN_GenerateCalibrationPatternReferencePoints,Node_F_VN_GenerateCalibrationPatternReferencePoints,registered,TC3 Vision Metrology 2D,src/sln/lib/mobject-graph-vision-pack/Nodes/Geometric and Coord Transform/Calibration/Node_F_VN_GenerateCalibrationPatternReferencePoints.TcPOU,Vision/Geometric and Coordinate Transformations/Calibration/F_VN_GenerateCalibrationPatternReferencePoints,ETcVnCalibrationPattern; ETcVnCalibrationPatternOrigin; ITcVnContainer,,,,,,,ipReferencePoints: Reference To ITcVnContainer [In]; ePattern: ETcVnCalibrationPattern [In]; eOrigin: ETcVnCalibrationPatternOrigin [In]; nWidth: UDINT [In]; nHeight: UDINT [In]; fDistX: REAL [In]; fDistY: REAL [In]; hrPrev: HRESULT [In]
F_VN_GenerateColorMap,Node_F_VN_GenerateColorMap,registered,TC3 Vision Base,src/sln/lib/mobject-graph-vision-pack/Nodes/Image Color and Contrast Processing/Node_F_VN_GenerateColorMap.TcPOU,Vision/Image Color and Contrast Processing/F_VN_GenerateColorMap,ETcVnColorMap; ETcVnColorMapSize; ITcVnContainer,,,,,,,ipColorMap: Reference To ITcVnContainer [In]; eColorMap: ETcVnColorMap [In]; eColorMapSize: ETcVnColorMapSize [In]; hrPrev: HRESULT [In]
F_VN_GenerateCustomColorMap,Node_F_VN_GenerateCustomColorMap,registered,TC3 Vision Base,src/sln/lib/mobject-graph-vision-pack/Nodes/Image Color and Contrast Processing/Node_F_VN_GenerateCustomColorMap.TcPOU,Vision/Image Color and Contrast Processing/F_VN_GenerateCustomColorMap,ETcVnColorMapSize; ITcVnContainer,,,,,,,ipColorMap: Reference To ITcVnContainer [In]; ipInitialColors: ITcVnContainer [In]; eColorMapSize: ETcVnColorMapSize [In]; hrPrev: HRESULT [In]
F_VN_GetAffineTransformation,Node_F_VN_GetAffineTransformation,registered,TC3 Vision Base,src/sln/lib/mobject-graph-vision-pack/Nodes/Geometric and Coord Transform/Node_F_VN_GetAffineTransformation.TcPOU,Vision/Geometric and Coordinate Transformations/F_VN_GetAffineTransformation,TcVnArray3_Point2_REAL; TcVnMatrix2x3_LREAL,,,,,,,aSrcPoints: TcVnArray3_Point2_REAL [InOut]; aDestPoints: TcVnArray3_Point2_REAL [InOut]; aTransformationMatrix: TcVnMatrix2x3_LREAL [InOut]; hrPrev: HRESULT [In]
F_VN_GetAffineTransformation2D,Node_F_VN_GetAffineTransformation2D,registered,TC3 Vision Base,src/sln/lib/mobject-graph-vision-pack/Nodes/Geometric and Coord Transform/Node_F_VN_GetAffineTransformation2D.TcPOU,Vision/Geometric and Coordinate Transformations/F_VN_GetAffineTransformation2D,ITcVnContainer; TcVnMatrix2x3_LREAL,,,,,,,ipSrcPoints: ITcVnContainer [In]; ipDestPoints: ITcVnContainer [In]; aAffineTransform: TcVnMatrix2x3_LREAL [InOut]; hrPrev: HRESULT [In]
F_VN_GetAffineTransformation2DExp,Node_F_VN_GetAffineTransformation2DExp,missing,TC3 Vision Base,,,ETcVnEstimationAlgorithm; ITcVnContainer; TcVnMatrix2x3_LREAL,,,,,,,ipSrcPoints: ITcVnContainer [In]; ipDestPoints: ITcVnContainer [In]; aAffineTransform: TcVnMatrix2x3_LREAL [InOut]; eAlgorithm: ETcVnEstimationAlgorithm [In] = TCVN_EA_RANSAC; fReprojThreshold: LREAL [In] = 3; ipInlierMask: Reference To ITcVnContainer [In] = 0; nMaxIterations: UDINT [In] = 2000; fConfidence: LREAL [In] = 0.995; nRefineIters: UDINT [In] = 10; hrPrev: HRESULT [In]
F_VN_GetAt_DINT,Node_F_VN_GetAt_DINT,registered,TC3 Vision Base,src/sln/lib/mobject-graph-vision-pack/Nodes/Basic Container Ops/GetAt/Node_F_VN_GetAt_DINT.TcPOU,Vision/Basic Container Operations/F_VN_GetAt/F_VN_GetAt_DINT,ITcVnContainer,,,,,src/sln/lib/mobject-graph-vision-pack/Datatypes/Interfaces/Containers/ITcVnContainer/_ITcVnContainer.TcPOU,,ipContainer: ITcVnContainer [In]; nElement: DINT [InOut]; nIndex: ULINT [In]; hrPrev: HRESULT [In]
F_VN_GetAt_INT,Node_F_VN_GetAt_INT,registered,TC3 Vision Base,src/sln/lib/mobject-graph-vision-pack/Nodes/Basic Container Ops/GetAt/Node_F_VN_GetAt_INT.TcPOU,Vision/Basic Container Operations/F_VN_GetAt/F_VN_GetAt_INT,ITcVnContainer,,,,,src/sln/lib/mobject-graph-vision-pack/Datatypes/Interfaces/Containers/ITcVnContainer/_ITcVnContainer.TcPOU,,ipContainer: ITcVnContainer [In]; nElement: INT [InOut]; nIndex: ULINT [In]; hrPrev: HRESULT [In]
F_VN_GetAt_ITcVnContainer,Node_F_VN_GetAt_ITcVnContainer,registered,TC3 Vision Base,src/sln/lib/mobject-graph-vision-pack/Nodes/Basic Container Ops/GetAt/Node_F_VN_GetAt_ITcVnContainer.TcPOU,Vision/Basic Container Operations/F_VN_GetAt/F_VN_GetAt_ITcVnContainer,ITcVnContainer,,,,,src/sln/lib/mobject-graph-vision-pack/Datatypes/Interfaces/Containers/ITcVnContainer/_ITcVnContainer.TcPOU,,ipSrcContainer: ITcVnContainer [In]; ipDestContainer: Reference To ITcVnContainer [In]; nIndex: ULINT [In]; hrPrev: HRESULT [In]
F_VN_GetAt_ITcVnImage,Node_F_VN_GetAt_ITcVnImage,registered,TC3 Vision Base,src/sln/lib/mobject-graph-vision-pack/Nodes/Basic Container Ops/GetAt/Node_F_VN_GetAt_ITcVnImage.TcPOU,Vision/Basic Container Operations/F_VN_GetAt/F_VN_GetAt_ITcVnImage,ITcVnContainer; ITcVnImage,,,,,src/sln/lib/mobject-graph-vision-pack/Datatypes/Interfaces/Containers/ITcVnContainer/_ITcVnContainer.TcPOU,,ipContainer: ITcVnContainer [In]; ipElement: Reference To ITcVnImage [In]; nIndex: ULINT [In]; hrPrev: HRESULT [In]
F_VN_GetAt_LREAL,Node_F_VN_GetAt_LREAL,registered,TC3 Vision Base,src/sln/lib/mobject-graph-vision-pack/Nodes/Basic Container Ops/GetAt/Node_F_VN_GetAt_LREAL.TcPOU,Vision/Basic Container Operations/F_VN_GetAt/F_VN_GetAt_LREAL,ITcVnContainer,,,,,src/sln/lib/mobject-graph-vision-pack/Datatypes/Interfaces/Containers/ITcVnContainer/_ITcVnContainer.TcPOU,,ipContainer: ITcVnContainer [In]; fElement: LREAL [InOut]; nIndex: ULINT [In]; hrPrev: HRESULT [In]
F_VN_GetAt_REAL,Node_F_VN_GetAt_REAL,registered,TC3 Vision Base,src/sln/lib/mobject-graph-vision-pack/Nodes/Basic Container Ops/GetAt/Node_F_VN_GetAt_REAL.TcPOU,Vision/Basic Container Operations/F_VN_GetAt/F_VN_GetAt_REAL,ITcVnContainer,,,,,src/sln/lib/mobject-graph-vision-pack/Datatypes/Interfaces/Containers/ITcVnContainer/_ITcVnContainer.TcPOU,,ipContainer: ITcVnContainer [In]; fElement: REAL [InOut]; nIndex: ULINT [In]; hrPrev: HRESULT [In]
F_VN_GetAt_SINT,Node_F_VN_GetAt_SINT,registered,TC3 Vision Base,src/sln/lib/mobject-graph-vision-pack/Nodes/Basic Container Ops/GetAt/Node_F_VN_GetAt_SINT.TcPOU,Vision/Basic Container Operations/F_VN_GetAt/F_VN_GetAt_SINT,ITcVnContainer,,,,,src/sln/lib/mobject-graph-vision-pack/Datatypes/Interfaces/Containers/ITcVnContainer/_ITcVnContainer.TcPOU,,ipContainer: ITcVnContainer [In]; nElement: SINT [InOut]; nIndex: ULINT [In]; hrPrev: HRESULT [In]
F_VN_GetAt_TcVnDMatch,Node_F_VN_GetAt_TcVnDMatch,registered,TC3 Vision Base,src/sln/lib/mobject-graph-vision-pack/Nodes/Basic Container Ops/GetAt/Node_F_VN_GetAt_TcVnDMatch.TcPOU,Vision/Basic Container Operations/F_VN_GetAt/F_VN_GetAt_TcVnDMatch,ITcVnContainer; TcVnDMatch,,,,,src/sln/lib/mobject-graph-vision-pack/Datatypes/Interfaces/Containers/ITcVnContainer/_ITcVnContainer.TcPOU,,ipContainer: ITcVnContainer [In]; stElement: TcVnDMatch [InOut]; nIndex: ULINT [In]; hrPrev: HRESULT [In]
F_VN_GetAt_TcVnKeyPoint,Node_F_VN_GetAt_TcVnKeyPoint,registered,TC3 Vision Base,src/sln/lib/mobject-graph-vision-pack/Nodes/Basic Container Ops/GetAt/Node_F_VN_GetAt_TcVnKeyPoint.TcPOU,Vision/Basic Container Operations/F_VN_GetAt/F_VN_GetAt_TcVnKeyPoint,ITcVnContainer; TcVnKeyPoint,,,,,src/sln/lib/mobject-graph-vision-pack/Datatypes/Interfaces/Containers/ITcVnContainer/_ITcVnContainer.TcPOU,,ipContainer: ITcVnContainer [In]; stElement: TcVnKeyPoint [InOut]; nIndex: ULINT [In]; hrPrev: HRESULT [In]
F_VN_GetAt_TcVnPoint2_DINT,Node_F_VN_GetAt_TcVnPoint2_DINT,registered,TC3 Vision Base,src/sln/lib/mobject-graph-vision-pack/Nodes/Basic Container Ops/GetAt/Node_F_VN_GetAt_TcVnPoint2_DINT.TcPOU,Vision/Basic Container Operations/F_VN_GetAt/F_VN_GetAt_TcVnPoint2_DINT,ITcVnContainer; TcVnPoint2_DINT,,,,,src/sln/lib/mobject-graph-vision-pack/Datatypes/Interfaces/Containers/ITcVnContainer/_ITcVnContainer.TcPOU,,ipContainer: ITcVnContainer [In]; aElement: TcVnPoint2_DINT [InOut]; nIndex: ULINT [In]; hrPrev: HRESULT [In]
F_VN_GetAt_TcVnPoint2_LREAL,Node_F_VN_GetAt_TcVnPoint2_LREAL,registered,TC3 Vision Base,src/sln/lib/mobject-graph-vision-pack/Nodes/Basic Container Ops/GetAt/Node_F_VN_GetAt_TcVnPoint2_LREAL.TcPOU,Vision/Basic Container Operations/F_VN_GetAt/F_VN_GetAt_TcVnPoint2_LREAL,ITcVnContainer; TcVnPoint2_LREAL,,,,,src/sln/lib/mobject-graph-vision-pack/Datatypes/Interfaces/Containers/ITcVnContainer/_ITcVnContainer.TcPOU,,ipContainer: ITcVnContainer [In]; aElement: TcVnPoint2_LREAL [InOut]; nIndex: ULINT [In]; hrPrev: HRESULT [In]
F_VN_GetAt_TcVnPoint2_REAL,Node_F_VN_GetAt_TcVnPoint2_REAL,registered,TC3 Vision Base,src/sln/lib/mobject-graph-vision-pack/Nodes/Basic Container Ops/GetAt/Node_F_VN_GetAt_TcVnPoint2_REAL.TcPOU,Vision/Basic Container Operations/F_VN_GetAt/F_VN_GetAt_TcVnPoint2_REAL,ITcVnContainer; TcVnPoint2_REAL,,,,,src/sln/lib/mobject-graph-vision-pack/Datatypes/Interfaces/Containers/ITcVnContainer/_ITcVnContainer.TcPOU,,ipContainer: ITcVnContainer [In]; aElement: TcVnPoint2_REAL [InOut]; nIndex: ULINT [In]; hrPrev: HRESULT [In]
F_VN_GetAt_TcVnPoint3_LREAL,Node_F_VN_GetAt_TcVnPoint3_LREAL,registered,TC3 Vision Base,src/sln/lib/mobject-graph-vision-pack/Nodes/Basic Container Ops/GetAt/Node_F_VN_GetAt_TcVnPoint3_LREAL.TcPOU,Vision/Basic Container Operations/F_VN_GetAt/F_VN_GetAt_TcVnPoint3_LREAL,ITcVnContainer; TcVnPoint3_LREAL,,,,,src/sln/lib/mobject-graph-vision-pack/Datatypes/Interfaces/Containers/ITcVnContainer/_ITcVnContainer.TcPOU,,ipContainer: ITcVnContainer [In]; aElement: TcVnPoint3_LREAL [InOut]; nIndex: ULINT [In]; hrPrev: HRESULT [In]
F_VN_GetAt_TcVnPoint3_REAL,Node_F_VN_GetAt_TcVnPoint3_REAL,registered,TC3 Vision Base,src/sln/lib/mobject-graph-vision-pack/Nodes/Basic Container Ops/GetAt/Node_F_VN_GetAt_TcVnPoint3_REAL.TcPOU,Vision/Basic Container Operations/F_VN_GetAt/F_VN_GetAt_TcVnPoint3_REAL,ITcVnContainer; TcVnPoint3_REAL,,,,,src/sln/lib/mobject-graph-vision-pack/Datatypes/Interfaces/Containers/ITcVnContainer/_ITcVnContainer.TcPOU,,ipContainer: ITcVnContainer [In]; aElement: TcVnPoint3_REAL [InOut]; nIndex: ULINT [In]; hrPrev: HRESULT [In]
F_VN_GetAt_TcVnRectangle_DINT,Node_F_VN_GetAt_TcVnRectangle_DINT,registered,TC3 Vision Base,src/sln/lib/mobject-graph-vision-pack/Nodes/Basic Container Ops/GetAt/Node_F_VN_GetAt_TcVnRectangle_DINT.TcPOU,Vision/Basic Container Operations/F_VN_GetAt/F_VN_GetAt_TcVnRectangle_DINT,ITcVnContainer; TcVnRectangle_DINT,,,,,src/sln/lib/mobject-graph-vision-pack/Datatypes/Interfaces/Containers/ITcVnContainer/_ITcVnContainer.TcPOU,,ipContainer: ITcVnContainer [In]; stElement: TcVnRectangle_DINT [InOut]; nIndex: ULINT [In]; hrPrev: HRESULT [In]
F_VN_GetAt_TcVnRotatedRectangle,Node_F_VN_GetAt_TcVnRotatedRectangle,registered,TC3 Vision Base,src/sln/lib/mobject-graph-vision-pack/Nodes/Basic Container Ops/GetAt/Node_F_VN_GetAt_TcVnRotatedRectangle.TcPOU,Vision/Basic Container Operations/F_VN_GetAt/F_VN_GetAt_TcVnRotatedRectangle,ITcVnContainer; TcVnRotatedRectangle,,,,,src/sln/lib/mobject-graph-vision-pack/Datatypes/Interfaces/Containers/ITcVnContainer/_ITcVnContainer.TcPOU,,ipContainer: ITcVnContainer [In]; stElement: TcVnRotatedRectangle [InOut]; nIndex: ULINT [In]; hrPrev: HRESULT [In]
F_VN_GetAt_TcVnVector2_DINT,Node_F_VN_GetAt_TcVnVector2_DINT,registered,TC3 Vision Base,src/sln/lib/mobject-graph-vision-pack/Nodes/Basic Container Ops/GetAt/Node_F_VN_GetAt_TcVnVector2_DINT.TcPOU,Vision/Basic Container Operations/F_VN_GetAt/F_VN_GetAt_TcVnVector2_DINT,ITcVnContainer; TcVnVector2_DINT,,,,,src/sln/lib/mobject-graph-vision-pack/Datatypes/Interfaces/Containers/ITcVnContainer/_ITcVnContainer.TcPOU,,ipContainer: ITcVnContainer [In]; aElement: TcVnVector2_DINT [InOut]; nIndex: ULINT [In]; hrPrev: HRESULT [In]
F_VN_GetAt_TcVnVector2_INT,Node_F_VN_GetAt_TcVnVector2_INT,registered,TC3 Vision Base,src/sln/lib/mobject-graph-vision-pack/Nodes/Basic Container Ops/GetAt/Node_F_VN_GetAt_TcVnVector2_INT.TcPOU,Vision/Basic Container Operations/F_VN_GetAt/F_VN_GetAt_TcVnVector2_INT,ITcVnContainer; TcVnVector2_INT,,,,,src/sln/lib/mobject-graph-vision-pack/Datatypes/Interfaces/Containers/ITcVnContainer/_ITcVnContainer.TcPOU,,ipContainer: ITcVnContainer [In]; aElement: TcVnVector2_INT [InOut]; nIndex: ULINT [In]; hrPrev: HRESULT [In]
F_VN_GetAt_TcVnVector2_REAL,Node_F_VN_GetAt_TcVnVector2_REAL,registered,TC3 Vision Base,src/sln/lib/mobject-graph-vision-pack/Nodes/Basic Container Ops/GetAt/Node_F_VN_GetAt_TcVnVector2_REAL.TcPOU,Vision/Basic Container Operations/F_VN_GetAt/F_VN_GetAt_TcVnVector2_REAL,ITcVnContainer; TcVnVector2_REAL,,,,,src/sln/lib/mobject-graph-vision-pack/Datatypes/Interfaces/Containers/ITcVnContainer/_ITcVnContainer.TcPOU,,ipContainer: ITcVnContainer [In]; aElement: TcVnVector2_REAL [InOut]; nIndex: ULINT [In]; hrPrev: HRESULT [In]
F_VN_GetAt_TcVnVector2_SINT,Node_F_VN_GetAt_TcVnVector2_SINT,registered,TC3 Vision Base,src/sln/lib/mobject-graph-vision-pack/Nodes/Basic Container Ops/GetAt/Node_F_VN_GetAt_TcVnVector2_SINT.TcPOU,Vision/Basic Container Operations/F_VN_GetAt/F_VN_GetAt_TcVnVector2_SINT,ITcVnContainer; TcVnVector2_SINT,,,,,src/sln/lib/mobject-graph-vision-pack/Datatypes/Interfaces/Containers/ITcVnContainer/_ITcVnContainer.TcPOU,,ipContainer: ITcVnContainer [In]; aElement: TcVnVector2_SINT [InOut]; nIndex: ULINT [In]; hrPrev: HRESULT [In]
F_VN_GetAt_TcVnVector2_UINT,Node_F_VN_GetAt_TcVnVector2_UINT,registered,TC3 Vision Base,src/sln/lib/mobject-graph-vision-pack/Nodes/Basic Container Ops/GetAt/Node_F_VN_GetAt_TcVnVector2_UINT.TcPOU,Vision/Basic Container Operations/F_VN_GetAt/F_VN_GetAt_TcVnVector2_UINT,ITcVnContainer; TcVnVector2_UINT,,,,,src/sln/lib/mobject-graph-vision-pack/Datatypes/Interfaces/Containers/ITcVnContainer/_ITcVnContainer.TcPOU,,ipContainer: ITcVnContainer [In]; aElement: TcVnVector2_UINT [InOut]; nIndex: ULINT [In]; hrPrev: HRESULT [In]
F_VN_GetAt_TcVnVector2_USINT,Node_F_VN_GetAt_TcVnVector2_USINT,registered,TC3 Vision Base,src/sln/lib/mobject-graph-vision-pack/Nodes/Basic Container Ops/GetAt/Node_F_VN_GetAt_TcVnVector2_USINT.TcPOU,Vision/Basic Container Operations/F_VN_GetAt/F_VN_GetAt_TcVnVector2_USINT,ITcVnContainer; TcVnVector2_USINT,,,,,src/sln/lib/mobject-graph-vision-pack/Datatypes/Interfaces/Containers/ITcVnContainer/_ITcVnContainer.TcPOU,,ipContainer: ITcVnContainer [In]; aElement: TcVnVector2_USINT [InOut]; nIndex: ULINT [In]; hrPrev: HRESULT [In]
F_VN_GetAt_TcVnVector3_INT,Node_F_VN_GetAt_TcVnVector3_INT,registered,TC3 Vision Base,src/sln/lib/mobject-graph-vision-pack/Nodes/Basic Container Ops/GetAt/Node_F_VN_GetAt_TcVnVector3_INT.TcPOU,Vision/Basic Container Operations/F_VN_GetAt/F_VN_GetAt_TcVnVector3_INT,ITcVnContainer; TcVnVector3_INT,,,,,src/sln/lib/mobject-graph-vision-pack/Datatypes/Interfaces/Containers/ITcVnContainer/_ITcVnContainer.TcPOU,,ipContainer: ITcVnContainer [In]; aElement: TcVnVector3_INT [InOut]; nIndex: ULINT [In]; hrPrev: HRESULT [In]
F_VN_GetAt_TcVnVector3_REAL,Node_F_VN_GetAt_TcVnVector3_REAL,registered,TC3 Vision Base,src/sln/lib/mobject-graph-vision-pack/Nodes/Basic Container Ops/GetAt/Node_F_VN_GetAt_TcVnVector3_REAL.TcPOU,Vision/Basic Container Operations/F_VN_GetAt/F_VN_GetAt_TcVnVector3_REAL,ITcVnContainer; TcVnVector3_REAL,,,,,src/sln/lib/mobject-graph-vision-pack/Datatypes/Interfaces/Containers/ITcVnContainer/_ITcVnContainer.TcPOU,,ipContainer: ITcVnContainer [In]; aElement: TcVnVector3_REAL [InOut]; nIndex: ULINT [In]; hrPrev: HRESULT [In]
F_VN_GetAt_TcVnVector3_SINT,Node_F_VN_GetAt_TcVnVector3_SINT,registered,TC3 Vision Base,src/sln/lib/mobject-graph-vision-pack/Nodes/Basic Container Ops/GetAt/Node_F_VN_GetAt_TcVnVector3_SINT.TcPOU,Vision/Basic Container Operations/F_VN_GetAt/F_VN_GetAt_TcVnVector3_SINT,ITcVnContainer; TcVnVector3_SINT,,,,,src/sln/lib/mobject-graph-vision-pack/Datatypes/Interfaces/Containers/ITcVnContainer/_ITcVnContainer.TcPOU,,ipContainer: ITcVnContainer [In]; aElement: TcVnVector3_SINT [InOut]; nIndex: ULINT [In]; hrPrev: HRESULT [In]
F_VN_GetAt_TcVnVector3_UINT,Node_F_VN_GetAt_TcVnVector3_UINT,registered,TC3 Vision Base,src/sln/lib/mobject-graph-vision-pack/Nodes/Basic Container Ops/GetAt/Node_F_VN_GetAt_TcVnVector3_UINT.TcPOU,Vision/Basic Container Operations/F_VN_GetAt/F_VN_GetAt_TcVnVector3_UINT,ITcVnContainer; TcVnVector3_UINT,,,,,src/sln/lib/mobject-graph-vision-pack/Datatypes/Interfaces/Containers/ITcVnContainer/_ITcVnContainer.TcPOU,,ipContainer: ITcVnContainer [In]; aElement: TcVnVector3_UINT [InOut]; nIndex: ULINT [In]; hrPrev: HRESULT [In]
F_VN_GetAt_TcVnVector3_USINT,Node_F_VN_GetAt_TcVnVector3_USINT,registered,TC3 Vision Base,src/sln/lib/mobject-graph-vision-pack/Nodes/Basic Container Ops/GetAt/Node_F_VN_GetAt_TcVnVector3_USINT.TcPOU,Vision/Basic Container Operations/F_VN_GetAt/F_VN_GetAt_TcVnVector3_USINT,ITcVnContainer; TcVnVector3_USINT,,,,,src/sln/lib/mobject-graph-vision-pack/Datatypes/Interfaces/Containers/ITcVnContainer/_ITcVnContainer.TcPOU,,ipContainer: ITcVnContainer [In]; aElement: TcVnVector3_USINT [InOut]; nIndex: ULINT [In]; hrPrev: HRESULT [In]
F_VN_GetAt_TcVnVector4_DINT,Node_F_VN_GetAt_TcVnVector4_DINT,registered,TC3 Vision Base,src/sln/lib/mobject-graph-vision-pack/Nodes/Basic Container Ops/GetAt/Node_F_VN_GetAt_TcVnVector4_DINT.TcPOU,Vision/Basic Container Operations/F_VN_GetAt/F_VN_GetAt_TcVnVector4_DINT,ITcVnContainer; TcVnVector4_DINT,,,,,src/sln/lib/mobject-graph-vision-pack/Datatypes/Interfaces/Containers/ITcVnContainer/_ITcVnContainer.TcPOU,,ipContainer: ITcVnContainer [In]; aElement: TcVnVector4_DINT [InOut]; nIndex: ULINT [In]; hrPrev: HRESULT [In]
F_VN_GetAt_TcVnVector4_INT,Node_F_VN_GetAt_TcVnVector4_INT,registered,TC3 Vision Base,src/sln/lib/mobject-graph-vision-pack/Nodes/Basic Container Ops/GetAt/Node_F_VN_GetAt_TcVnVector4_INT.TcPOU,Vision/Basic Container Operations/F_VN_GetAt/F_VN_GetAt_TcVnVector4_INT,ITcVnContainer; TcVnVector4_INT,,,,,src/sln/lib/mobject-graph-vision-pack/Datatypes/Interfaces/Containers/ITcVnContainer/_ITcVnContainer.TcPOU,,ipContainer: ITcVnContainer [In]; aElement: TcVnVector4_INT [InOut]; nIndex: ULINT [In]; hrPrev: HRESULT [In]
F_VN_GetAt_TcVnVector4_LREAL,Node_F_VN_GetAt_TcVnVector4_LREAL,registered,TC3 Vision Base,src/sln/lib/mobject-graph-vision-pack/Nodes/Basic Container Ops/GetAt/Node_F_VN_GetAt_TcVnVector4_LREAL.TcPOU,Vision/Basic Container Operations/F_VN_GetAt/F_VN_GetAt_TcVnVector4_LREAL,ITcVnContainer; TcVnVector4_LREAL,,,,,src/sln/lib/mobject-graph-vision-pack/Datatypes/Interfaces/Containers/ITcVnContainer/_ITcVnContainer.TcPOU,,ipContainer: ITcVnContainer [In]; aElement: TcVnVector4_LREAL [InOut]; nIndex: ULINT [In]; hrPrev: HRESULT [In]
F_VN_GetAt_TcVnVector4_REAL,Node_F_VN_GetAt_TcVnVector4_REAL,registered,TC3 Vision Base,src/sln/lib/mobject-graph-vision-pack/Nodes/Basic Container Ops/GetAt/Node_F_VN_GetAt_TcVnVector4_REAL.TcPOU,Vision/Basic Container Operations/F_VN_GetAt/F_VN_GetAt_TcVnVector4_REAL,ITcVnContainer; TcVnVector4_REAL,,,,,src/sln/lib/mobject-graph-vision-pack/Datatypes/Interfaces/Containers/ITcVnContainer/_ITcVnContainer.TcPOU,,ipContainer: ITcVnContainer [In]; aElement: TcVnVector4_REAL [InOut]; nIndex: ULINT [In]; hrPrev: HRESULT [In]
F_VN_GetAt_TcVnVector4_SINT,Node_F_VN_GetAt_TcVnVector4_SINT,registered,TC3 Vision Base,src/sln/lib/mobject-graph-vision-pack/Nodes/Basic Container Ops/GetAt/Node_F_VN_GetAt_TcVnVector4_SINT.TcPOU,Vision/Basic Container Operations/F_VN_GetAt/F_VN_GetAt_TcVnVector4_SINT,ITcVnContainer; TcVnVector4_SINT,,,,,src/sln/lib/mobject-graph-vision-pack/Datatypes/Interfaces/Containers/ITcVnContainer/_ITcVnContainer.TcPOU,,ipContainer: ITcVnContainer [In]; aElement: TcVnVector4_SINT [InOut]; nIndex: ULINT [In]; hrPrev: HRESULT [In]
F_VN_GetAt_TcVnVector4_UINT,Node_F_VN_GetAt_TcVnVector4_UINT,registered,TC3 Vision Base,src/sln/lib/mobject-graph-vision-pack/Nodes/Basic Container Ops/GetAt/Node_F_VN_GetAt_TcVnVector4_UINT.TcPOU,Vision/Basic Container Operations/F_VN_GetAt/F_VN_GetAt_TcVnVector4_UINT,ITcVnContainer; TcVnVector4_UINT,,,,,src/sln/lib/mobject-graph-vision-pack/Datatypes/Interfaces/Containers/ITcVnContainer/_ITcVnContainer.TcPOU,,ipContainer: ITcVnContainer [In]; aElement: TcVnVector4_UINT [InOut]; nIndex: ULINT [In]; hrPrev: HRESULT [In]
F_VN_GetAt_TcVnVector4_USINT,Node_F_VN_GetAt_TcVnVector4_USINT,registered,TC3 Vision Base,src/sln/lib/mobject-graph-vision-pack/Nodes/Basic Container Ops/GetAt/Node_F_VN_GetAt_TcVnVector4_USINT.TcPOU,Vision/Basic Container Operations/F_VN_GetAt/F_VN_GetAt_TcVnVector4_USINT,ITcVnContainer; TcVnVector4_USINT,,,,,src/sln/lib/mobject-graph-vision-pack/Datatypes/Interfaces/Containers/ITcVnContainer/_ITcVnContainer.TcPOU,,ipContainer: ITcVnContainer [In]; aElement: TcVnVector4_USINT [InOut]; nIndex: ULINT [In]; hrPrev: HRESULT [In]
F_VN_GetAt_UDINT,Node_F_VN_GetAt_UDINT,registered,TC3 Vision Base,src/sln/lib/mobject-graph-vision-pack/Nodes/Basic Container Ops/GetAt/Node_F_VN_GetAt_UDINT.TcPOU,Vision/Basic Container Operations/F_VN_GetAt/F_VN_GetAt_UDINT,ITcVnContainer,,,,,src/sln/lib/mobject-graph-vision-pack/Datatypes/Interfaces/Containers/ITcVnContainer/_ITcVnContainer.TcPOU,,ipContainer: ITcVnContainer [In]; nElement: UDINT [InOut]; nIndex: ULINT [In]; hrPrev: HRESULT [In]
F_VN_GetAt_UINT,Node_F_VN_GetAt_UINT,registered,TC3 Vision Base,src/sln/lib/mobject-graph-vision-pack/Nodes/Basic Container Ops/GetAt/Node_F_VN_GetAt_UINT.TcPOU,Vision/Basic Container Operations/F_VN_GetAt/F_VN_GetAt_UINT,ITcVnContainer,,,,,src/sln/lib/mobject-graph-vision-pack/Datatypes/Interfaces/Containers/ITcVnContainer/_ITcVnContainer.TcPOU,,ipContainer: ITcVnContainer [In]; nElement: UINT [InOut]; nIndex: ULINT [In]; hrPrev: HRESULT [In]
F_VN_GetAt_ULINT,Node_F_VN_GetAt_ULINT,registered,TC3 Vision Base,src/sln/lib/mobject-graph-vision-pack/Nodes/Basic Container Ops/GetAt/Node_F_VN_GetAt_ULINT.TcPOU,Vision/Basic Container Operations/F_VN_GetAt/F_VN_GetAt_ULINT,ITcVnContainer,,,,,src/sln/lib/mobject-graph-vision-pack/Datatypes/Interfaces/Containers/ITcVnContainer/_ITcVnContainer.TcPOU,,ipContainer: ITcVnContainer [In]; nElement: ULINT [InOut]; nIndex: ULINT [In]; hrPrev: HRESULT [In]
F_VN_GetAt_USINT,Node_F_VN_GetAt_USINT,registered,TC3 Vision Base,src/sln/lib/mobject-graph-vision-pack/Nodes/Basic Container Ops/GetAt/Node_F_VN_GetAt_USINT.TcPOU,Vision/Basic Container Operations/F_VN_GetAt/F_VN_GetAt_USINT,ITcVnContainer,,,,,src/sln/lib/mobject-graph-vision-pack/Datatypes/Interfaces/Containers/ITcVnContainer/_ITcVnContainer.TcPOU,,ipContainer: ITcVnContainer [In]; nElement: USINT [InOut]; nIndex: ULINT [In]; hrPrev: HRESULT [In]
F_VN_GetBatchClusters,Node_F_VN_GetBatchClusters,missing,TC3 Machine Learning Realtime Inference,,,ITcVnContainer; ITcVnMlModel,ITcVnMlModel,,ITcUnknown,,,,ipClusterer: ITcVnMlModel [In]; ipSamples: ITcUnknown [In]; ipClusters: Reference To ITcVnContainer [In]; hrPrev: HRESULT [In]
F_VN_GetBatchClustersExp,Node_F_VN_GetBatchClustersExp,missing,TC3 Machine Learning Realtime Inference,,,ITcVnContainer; ITcVnMlModel,ITcVnMlModel,,ITcUnknown,,,,ipClusterer: ITcVnMlModel [In]; ipSamples: ITcUnknown [In]; ipClusters: Reference To ITcVnContainer [In]; ipNovelties: Reference To ITcVnContainer [In] = 0; hrPrev: HRESULT [In]
F_VN_GetBatchNovelties,Node_F_VN_GetBatchNovelties,missing,TC3 Machine Learning Realtime Inference,,,ITcVnContainer; ITcVnMlModel,ITcVnMlModel,,ITcUnknown,,,,ipNoveltyDetector: ITcVnMlModel [In]; ipSamples: ITcUnknown [In]; ipNovelties: Reference To ITcVnContainer [In]; hrPrev: HRESULT [In]
F_VN_GetClusterCenter,Node_F_VN_GetClusterCenter,missing,TC3 Machine Learning Realtime Inference,,,ITcVnContainer; ITcVnMlModel,ITcVnMlModel,,,,,,ipClusterer: ITcVnMlModel [In]; nCluster: DINT [In]; ipCenter: Reference To ITcVnContainer [In]; hrPrev: HRESULT [In]
F_VN_GetClusterNum,Node_F_VN_GetClusterNum,missing,TC3 Machine Learning Realtime Inference,,,ITcVnMlModel,ITcVnMlModel,,,,,,ipClusterer: ITcVnMlModel [In]; nClusterNum: ULINT [InOut]; hrPrev: HRESULT [In]
F_VN_GetConnectedComponent,Node_F_VN_GetConnectedComponent,registered,TC3 Vision Base,src/sln/lib/mobject-graph-vision-pack/Nodes/Image Analysis/Node_F_VN_GetConnectedComponent.TcPOU,Vision/Image Analysis/F_VN_GetConnectedComponent,ITcVnImage,,,,,,,ipLabelImage: ITcVnImage [In]; nLabelID: DINT [In]; ipMaskImage: Reference To ITcVnImage [In]; hrPrev: HRESULT [In]
F_VN_GetConnectedComponentExp,Node_F_VN_GetConnectedComponentExp,registered,TC3 Vision Base,src/sln/lib/mobject-graph-vision-pack/Nodes/Image Analysis/Node_F_VN_GetConnectedComponentExp.TcPOU,Vision/Image Analysis/F_VN_GetConnectedComponentExp,ITcVnContainer; ITcVnImage,,,,,,,ipLabelImage: ITcVnImage [In]; nLabelID: DINT [In]; ipMaskImage: Reference To ITcVnImage [In]; ipContourPoints: Reference To ITcVnContainer [In] = 0; hrPrev: HRESULT [In]
F_VN_GetContainer,Node_F_VN_GetContainer,missing,TC3 Vision Base,,,ITcVnContainer; ITcVnForwardIterator,ITcVnForwardIterator,,,,,,ipIterator: ITcVnForwardIterator [In]; ipContainer: Reference To ITcVnContainer [In]; hrPrev: HRESULT [In]
F_VN_GetContainerExp,Node_F_VN_GetContainerExp,missing,TC3 Vision Base,,,ITcVnContainer; ITcVnForwardIterator,ITcVnForwardIterator,,,,,,ipIterator: ITcVnForwardIterator [In]; ipContainer: Reference To ITcVnContainer [In]; nOffset: DINT [In]; hrPrev: HRESULT [In]
F_VN_GetFeatureScales,Node_F_VN_GetFeatureScales,missing,TC3 Machine Learning Realtime Inference,,,ETcVnFeatureScalingType; ITcVnContainer,,,,,,,ipSamples: ITcVnContainer [In]; ipScales: Reference To ITcVnContainer [In]; eFeatureScalingType: ETcVnFeatureScalingType [In]; hrPrev: HRESULT [In]
F_VN_GetForwardIterator,Node_F_VN_GetForwardIterator,missing,TC3 Vision Base,,,ITcVnContainer; ITcVnForwardIterator,ITcVnForwardIterator,,,,,,ipContainer: ITcVnContainer [In]; ipIterator: Reference To ITcVnForwardIterator [In]; hrPrev: HRESULT [In]
F_VN_GetImageChannel,Node_F_VN_GetImageChannel,registered,TC3 Vision Base,src/sln/lib/mobject-graph-vision-pack/Nodes/Basic Image Ops/Node_F_VN_GetImageChannel.TcPOU,Vision/Basic Image Operations/F_VN_GetImageChannel,ITcVnImage,,,,,,,ipSrcImage: ITcVnImage [In]; ipDestImage: Reference To ITcVnImage [In]; nChannelIndex: UINT [In]; hrPrev: HRESULT [In]
F_VN_GetImageHeight,Node_F_VN_GetImageHeight,registered,TC3 Vision Base,src/sln/lib/mobject-graph-vision-pack/Nodes/Basic Image Ops/Node_F_VN_GetImageHeight.TcPOU,Vision/Basic Image Operations/F_VN_GetImageHeight,ITcVnImage,,,,,,,ipImage: ITcVnImage [In]; nHeight: UDINT [InOut]; hrPrev: HRESULT [In]
F_VN_GetImageInfo,Node_F_VN_GetImageInfo,registered,TC3 Vision Base,src/sln/lib/mobject-graph-vision-pack/Nodes/Basic Image Ops/Node_F_VN_GetImageInfo.TcPOU,Vision/Basic Image Operations/F_VN_GetImageInfo,ITcVnImage; TcVnImageInfo,,,,,,,ipImage: ITcVnImage [In]; stImageInfo: TcVnImageInfo [InOut]; hrPrev: HRESULT [In]
F_VN_GetImageWidth,Node_F_VN_GetImageWidth,registered,TC3 Vision Base,src/sln/lib/mobject-graph-vision-pack/Nodes/Basic Image Ops/Node_F_VN_GetImageWidth.TcPOU,Vision/Basic Image Operations/F_VN_GetImageWidth,ITcVnImage,,,,,,,ipImage: ITcVnImage [In]; nWidth: UDINT [InOut]; hrPrev: HRESULT [In]
F_VN_GetLayoutInfo,Node_F_VN_GetLayoutInfo,registered,TC3 Vision Base,src/sln/lib/mobject-graph-vision-pack/Nodes/Basic Image Ops/Node_F_VN_GetLayoutInfo.TcPOU,Vision/Basic Image Operations/F_VN_GetLayoutInfo,ITcVnImage; TcVnArray33_UDINT,,,,,,,ipImage: ITcVnImage [In]; aLayoutInfo: TcVnArray33_UDINT [InOut]; hrPrev: HRESULT [In]
F_VN_GetMatchCoordinates,Node_F_VN_GetMatchCoordinates,registered,TC3 Vision Matching,src/sln/lib/mobject-graph-vision-pack/Nodes/Keypoint Features/Node_F_VN_GetMatchCoordinates.TcPOU,Vision/Keypoint Features/F_VN_GetMatchCoordinates,ITcVnContainer,,,,,,,ipQueryKeyPoints: ITcVnContainer [In]; ipTrainKeyPoints: ITcVnContainer [In]; ipMatches: ITcVnContainer [In]; ipQueryCoordinates: Reference To ITcVnContainer [In]; ipTrainCoordinates: Reference To ITcVnContainer [In]; hrPrev: HRESULT [In]
F_VN_GetNeuralNetworkLayerNames,Node_F_VN_GetNeuralNetworkLayerNames,missing,TC3 Neural Network Realtime Inference,,,ITcVnContainer; ITcVnNeuralNetwork,ITcVnNeuralNetwork,,,,,,ipNeuralNetwork: ITcVnNeuralNetwork [In]; ipLayerNames: Reference To ITcVnContainer [In]; bOnlyOutputs: BOOL [In]; hrPrev: HRESULT [In]
F_VN_GetNeuralNetworkLayerNamesExp,Node_F_VN_GetNeuralNetworkLayerNamesExp,missing,TC3 Neural Network Realtime Inference,,,ETcVnLayerNameType; ITcVnContainer; ITcVnNeuralNetwork,ITcVnNeuralNetwork,,,,,,ipNeuralNetwork: ITcVnNeuralNetwork [In]; ipLayerNames: Reference To ITcVnContainer [In]; eLayerNameType: ETcVnLayerNameType [In]; hrPrev: HRESULT [In]
F_VN_GetNeuralNetworkLayerNamesExp_String,Node_F_VN_GetNeuralNetworkLayerNamesExp_String,missing,TC3 Neural Network Realtime Inference,,,ETcVnLayerNameType; ITcVnNeuralNetwork,ITcVnNeuralNetwork,,,,,,ipNeuralNetwork: ITcVnNeuralNetwork [In]; sLayerNames: STRING [In]; nMaxLength: ULINT [In]; eLayerNameType: ETcVnLayerNameType [In]; hrPrev: HRESULT [In]
F_VN_GetNumberOfElements,Node_F_VN_GetNumberOfElements,registered,TC3 Vision Base,src/sln/lib/mobject-graph-vision-pack/Nodes/Basic Container Ops/Node_F_VN_GetNumberOfElements.TcPOU,Vision/Basic Container Operations/F_VN_GetNumberOfElements,ITcVnContainer,,,,,src/sln/lib/mobject-graph-vision-pack/Nodes/Image Color and Contrast Processing/Node_F_VN_ApplyColorMap.TcPOU,,ipContainer: ITcVnContainer [In]; nNumberOfElements: ULINT [InOut]; hrPrev: HRESULT [In]
F_VN_GetPerspectiveTransformation,Node_F_VN_GetPerspectiveTransformation,registered,TC3 Vision Base,src/sln/lib/mobject-graph-vision-pack/Nodes/Geometric and Coord Transform/Node_F_VN_GetPerspectiveTransformation.TcPOU,Vision/Geometric and Coordinate Transformations/F_VN_GetPerspectiveTransformation,TcVnArray4_Point2_REAL; TcVnMatrix3x3_LREAL,,,,,,,aSrcPoints: TcVnArray4_Point2_REAL [InOut]; aDestPoints: TcVnArray4_Point2_REAL [InOut]; aTransformationMatrix: TcVnMatrix3x3_LREAL [InOut]; hrPrev: HRESULT [In]
F_VN_GetPixel,Node_F_VN_GetPixel,registered,TC3 Vision Base,src/sln/lib/mobject-graph-vision-pack/Nodes/Basic Image Ops/Node_F_VN_GetPixel.TcPOU,Vision/Basic Image Operations/F_VN_GetPixel,ITcVnImage; TcVnVector4_LREAL,,,,,,,ipSrcImage: ITcVnImage [In]; aValue: TcVnVector4_LREAL [InOut]; nX: UDINT [In]; nY: UDINT [In]; hrPrev: HRESULT [In]
F_VN_GetPixelFormat,Node_F_VN_GetPixelFormat,registered,TC3 Vision Base,src/sln/lib/mobject-graph-vision-pack/Nodes/Basic Image Ops/Node_F_VN_GetPixelFormat.TcPOU,Vision/Basic Image Operations/F_VN_GetPixelFormat,ITcVnImage; TcVnPixelFormat,,,,,,,ipImage: ITcVnImage [In]; stPixelFormat: TcVnPixelFormat [InOut]; hrPrev: HRESULT [In]
F_VN_GetRandomAccessIterator,Node_F_VN_GetRandomAccessIterator,missing,TC3 Vision Base,,,ITcVnContainer; ITcVnRandomAccessIterator,ITcVnRandomAccessIterator,,,,,,ipContainer: ITcVnContainer [In]; ipIterator: Reference To ITcVnRandomAccessIterator [In]; hrPrev: HRESULT [In]
F_VN_GetRoi,Node_F_VN_GetRoi,registered,TC3 Vision Base,src/sln/lib/mobject-graph-vision-pack/Nodes/Basic Image Ops/Node_F_VN_GetRoi.TcPOU,Vision/Basic Image Operations/F_VN_GetRoi,ITcVnImage; TcVnRectangle_UDINT,,,,,,,ipSrcImage: ITcVnImage [In]; stRoi: TcVnRectangle_UDINT [InOut]; hrPrev: HRESULT [In]
F_VN_GetSampleCluster,Node_F_VN_GetSampleCluster,missing,TC3 Machine Learning Realtime Inference,,,ITcVnMlModel,ITcVnMlModel,,ITcUnknown,,,,ipClusterer: ITcVnMlModel [In]; ipSample: ITcUnknown [In]; nCluster: DINT [InOut]; hrPrev: HRESULT [In]
F_VN_GetSampleClusterExp,Node_F_VN_GetSampleClusterExp,missing,TC3 Machine Learning Realtime Inference,,,ITcVnMlModel,ITcVnMlModel,,ITcUnknown,,,,ipClusterer: ITcVnMlModel [In]; ipSample: ITcUnknown [In]; nCluster: DINT [InOut]; fNovelty: Reference To REAL [In] = 0; hrPrev: HRESULT [In]
F_VN_GetSampleNovelty,Node_F_VN_GetSampleNovelty,missing,TC3 Machine Learning Realtime Inference,,,ITcVnMlModel,ITcVnMlModel,,ITcUnknown,,,,ipNoveltyDetector: ITcVnMlModel [In]; ipSample: ITcUnknown [In]; fNovelty: REAL [InOut]; hrPrev: HRESULT [In]
F_VN_GetTimestamp,Node_F_VN_GetTimestamp,missing,TC3 Vision Base,,,,,ITcVnTimestamp,ITcUnknown,,,,ipUnknown: ITcUnknown [In]; nTimestamp: LINT [InOut]; hrPrev: HRESULT [In]
F_VN_GetTransformParameters,Node_F_VN_GetTransformParameters,missing,TC3 Machine Learning Realtime Inference,,,ITcVnContainer; ITcVnMlModel,ITcVnMlModel,,,,,,ipModel: ITcVnMlModel [In]; ipScores: Reference To ITcVnContainer [In]; ipProjectionVectors: Reference To ITcVnContainer [In]; ipMean: Reference To ITcVnContainer [In] = 0; hrPrev: HRESULT [In]
F_VN_GradeBarcode,Node_F_VN_GradeBarcode,registered,TC3 Vision Code Quality,src/sln/lib/mobject-graph-vision-pack/Nodes/Code Quality/Node_F_VN_GradeBarcode.TcPOU,Vision/Code Quality/F_VN_GradeBarcode,ETcVnBarcodeType; ITcVnContainer; ITcVnImage; TcVnCodeGrades1D,,,,,,,ipSrcImage: ITcVnImage [In]; ipDecodedData: Reference To ITcVnContainer [In]; stCodeGrades: TcVnCodeGrades1D [InOut]; eBarcodeType: ETcVnBarcodeType [In]; hrPrev: HRESULT [In]; fAngleDeg: REAL [Out]
F_VN_GradeBarcodeExp,Node_F_VN_GradeBarcodeExp,registered,TC3 Vision Code Quality,src/sln/lib/mobject-graph-vision-pack/Nodes/Code Quality/Node_F_VN_GradeBarcodeExp.TcPOU,Vision/Code Quality/F_VN_GradeBarcodeExp,ETcVnBarcodeSearchDirection; ETcVnBarcodeType; ITcVnContainer; ITcVnImage; TcVnCodeGrades1D,,,,,,,ipSrcImage: ITcVnImage [In]; ipDecodedData: Reference To ITcVnContainer [In]; stCodeGrades: TcVnCodeGrades1D [InOut]; eBarcodeType: ETcVnBarcodeType [In]; eSearchDirection: ETcVnBarcodeSearchDirection [In] = TCVN_BSD_ANY; ipResultVisualization: Reference To ITcVnImage [In] = 0; ipScanLineInfo: Reference To ITcVnContainer [In] = 0; ipContour: Reference To ITcVnContainer [In] = 0; hrPrev: HRESULT [In]; fAngleDeg: REAL [Out]
F_VN_GradeDataMatrixCode,Node_F_VN_GradeDataMatrixCode,registered,TC3 Vision Code Quality,src/sln/lib/mobject-graph-vision-pack/Nodes/Code Quality/Node_F_VN_GradeDataMatrixCode.TcPOU,Vision/Code Quality/F_VN_GradeDataMatrixCode,ITcVnContainer; ITcVnImage; TcVnCodeGradesDM,,,,,,,ipSrcImage: ITcVnImage [In]; ipDecodedData: Reference To ITcVnContainer [In]; stCodeGrades: TcVnCodeGradesDM [InOut]; fModuleWidth: REAL [In]; hrPrev: HRESULT [In]; fAngleDeg: REAL [Out]
F_VN_GradeDataMatrixCodeExp,Node_F_VN_GradeDataMatrixCodeExp,registered,TC3 Vision Code Quality,src/sln/lib/mobject-graph-vision-pack/Nodes/Code Quality/Node_F_VN_GradeDataMatrixCodeExp.TcPOU,Vision/Code Quality/F_VN_GradeDataMatrixCodeExp,ITcVnContainer; ITcVnImage; TcVnCodeGradesDM,,,,,,,ipSrcImage: ITcVnImage [In]; ipDecodedData: Reference To ITcVnContainer [In]; stCodeGrades: TcVnCodeGradesDM [InOut]; fModuleWidth: REAL [In]; ipResultVisualization: Reference To ITcVnImage [In] = 0; ipMarginGrades: Reference To ITcVnContainer [In] = 0; ipContour: Reference To ITcVnContainer [In] = 0; hrPrev: HRESULT [In]; fAngleDeg: REAL [Out]
F_VN_GradeQRCode,Node_F_VN_GradeQRCode,registered,TC3 Vision Code Quality,src/sln/lib/mobject-graph-vision-pack/Nodes/Code Quality/Node_F_VN_GradeQRCode.TcPOU,Vision/Code Quality/F_VN_GradeQRCode,ITcVnContainer; ITcVnImage; TcVnCodeGradesQR,,,,,,,ipSrcImage: ITcVnImage [In]; ipDecodedData: Reference To ITcVnContainer [In]; stCodeGrades: TcVnCodeGradesQR [InOut]; fModuleWidth: REAL [In]; hrPrev: HRESULT [In]; fAngleDeg: REAL [Out]
F_VN_GradeQRCodeExp,Node_F_VN_GradeQRCodeExp,registered,TC3 Vision Code Quality,src/sln/lib/mobject-graph-vision-pack/Nodes/Code Quality/Node_F_VN_GradeQRCodeExp.TcPOU,Vision/Code Quality/F_VN_GradeQRCodeExp,ITcVnContainer; ITcVnImage; TcVnCodeGradesQR,,,,,,,ipSrcImage: ITcVnImage [In]; ipDecodedData: Reference To ITcVnContainer [In]; stCodeGrades: TcVnCodeGradesQR [InOut]; fModuleWidth: REAL [In]; ipResultVisualization: Reference To ITcVnImage [In] = 0; ipMarginGrades: Reference To ITcVnContainer [In] = 0; ipContour: Reference To ITcVnContainer [In] = 0; hrPrev: HRESULT [In]; fAngleDeg: REAL [Out]
F_VN_Granulometry,Node_F_VN_Granulometry,registered,TC3 Machine Learning Realtime Inference,src/sln/lib/mobject-graph-vision-pack/Nodes/Texture Analysis/Node_F_VN_Granulometry.TcPOU,Vision/Texture Analysis/F_VN_Granulometry,ETcVnMorphologicalOperator; ITcVnContainer; ITcVnImage,,,,,,,ipImage: ITcVnImage [In]; ipIntensityDiffs: Reference To ITcVnContainer [In]; eMorphType: ETcVnMorphologicalOperator [In]; nMinSize: UDINT [In]; nMaxSize: UDINT [In]; nStep: UDINT [In]; hrPrev: HRESULT [In]
F_VN_HaralickFeatures,Node_F_VN_HaralickFeatures,registered,TC3 Machine Learning Realtime Inference,src/sln/lib/mobject-graph-vision-pack/Nodes/Texture Analysis/Node_F_VN_HaralickFeatures.TcPOU,Vision/Texture Analysis/F_VN_HaralickFeatures,ITcVnContainer; ITcVnImage,,,,,,,ipImage: ITcVnImage [In]; ipFeatures: Reference To ITcVnContainer [In]; nDist: UDINT [In]; hrPrev: HRESULT [In]
F_VN_Histogram,Node_F_VN_Histogram,registered,TC3 Vision Base,src/sln/lib/mobject-graph-vision-pack/Nodes/Image Color and Contrast Processing/Node_F_VN_Histogram.TcPOU,Vision/Image Color and Contrast Processing/F_VN_Histogram,ITcVnContainer; ITcVnImage,,,,,,,ipSrcImage: ITcVnImage [In]; ipDestHistogram: Reference To ITcVnContainer [In]; hrPrev: HRESULT [In]
F_VN_HistogramEqualization,Node_F_VN_HistogramEqualization,registered,TC3 Vision Base,src/sln/lib/mobject-graph-vision-pack/Nodes/Image Color and Contrast Processing/Node_F_VN_HistogramEqualization.TcPOU,Vision/Image Color and Contrast Processing/F_VN_HistogramEqualization,ITcVnImage,,,,,,,ipSrcImage: ITcVnImage [In]; ipDestImage: Reference To ITcVnImage [In]; hrPrev: HRESULT [In]
F_VN_HistogramEqualizationExp,Node_F_VN_HistogramEqualizationExp,registered,TC3 Vision Base,src/sln/lib/mobject-graph-vision-pack/Nodes/Image Color and Contrast Processing/Node_F_VN_HistogramEqualizationExp.TcPOU,Vision/Image Color and Contrast Processing/F_VN_HistogramEqualizationExp,ITcVnImage,,,,,,,ipSrcImage: ITcVnImage [In]; ipDestImage: Reference To ITcVnImage [In]; nChannelIdx: INT [In] = -1; hrPrev: HRESULT [In]
F_VN_HistogramExp,Node_F_VN_HistogramExp,registered,TC3 Vision Base,src/sln/lib/mobject-graph-vision-pack/Nodes/Image Color and Contrast Processing/Node_F_VN_HistogramExp.TcPOU,Vision/Image Color and Contrast Processing/F_VN_HistogramExp,ITcVnContainer; ITcVnImage,,,,,,,ipSrcImage: ITcVnImage [In]; ipDestHistogram: Reference To ITcVnContainer [In]; nBins: UDINT [InOut] = 0; fLowerBound: LREAL [InOut] = 0; fUpperBound: LREAL [InOut] = 0; ipMask: ITcVnImage [In] = 0; hrPrev: HRESULT [In]
F_VN_Homography,Node_F_VN_Homography,registered,TC3 Vision Base,src/sln/lib/mobject-graph-vision-pack/Nodes/Geometric and Coord Transform/Node_F_VN_Homography.TcPOU,Vision/Geometric and Coordinate Transformations/F_VN_Homography,ITcVnContainer; TcVnMatrix3x3_LREAL,,,,,,,ipSrcPoints: ITcVnContainer [In]; ipDestPoints: ITcVnContainer [In]; aPerspectiveTransform: TcVnMatrix3x3_LREAL [InOut]; hrPrev: HRESULT [In]
F_VN_HomographyExp,Node_F_VN_HomographyExp,registered,TC3 Vision Base,src/sln/lib/mobject-graph-vision-pack/Nodes/Geometric and Coord Transform/Node_F_VN_HomographyExp.TcPOU,Vision/Geometric and Coordinate Transformations/F_VN_HomographyExp,ETcVnEstimationAlgorithm; ITcVnContainer; TcVnMatrix3x3_LREAL,,,,,,,ipSrcPoints: ITcVnContainer [In]; ipDestPoints: ITcVnContainer [In]; aPerspectiveTransform: TcVnMatrix3x3_LREAL [InOut]; eAlgorithm: ETcVnEstimationAlgorithm [In] = TCVN_EA_DEFAULT; fReprojThreshold: LREAL [In] = 3; ipInlierMask: Reference To ITcVnContainer [In] = 0; nMaxIterations: UDINT [In] = 2000; fConfidence: LREAL [In] = 0.995; hrPrev: HRESULT [In]
F_VN_HoughCircles,Node_F_VN_HoughCircles,registered,TC3 Vision Base,src/sln/lib/mobject-graph-vision-pack/Nodes/Image Analysis/Object Detection/Node_F_VN_HoughCircles.TcPOU,Vision/Image Analysis/Object Detection/F_VN_HoughCircles,ITcVnContainer; ITcVnImage,,,,,,,ipSrcImage: ITcVnImage [In]; ipCircles: Reference To ITcVnContainer [In]; fInvAccuRatio: LREAL [In]; fMinDist: LREAL [In]; hrPrev: HRESULT [In]
F_VN_HoughCirclesExp,Node_F_VN_HoughCirclesExp,registered,TC3 Vision Base,src/sln/lib/mobject-graph-vision-pack/Nodes/Image Analysis/Object Detection/Node_F_VN_HoughCirclesExp.TcPOU,Vision/Image Analysis/Object Detection/F_VN_HoughCirclesExp,ETcVnHoughMethod; ITcVnContainer; ITcVnImage,,,,,,,ipSrcImage: ITcVnImage [In]; ipCircles: Reference To ITcVnContainer [In]; fInvAccuRatio: LREAL [In]; fMinDist: LREAL [In]; eHoughMethod: ETcVnHoughMethod [In] = TCVN_HM_GRADIENT; fParam1: LREAL [In] = 100; fParam2: LREAL [In] = 100; nMinRadius: UDINT [In] = 0; nMaxRadius: UDINT [In] = 0; hrPrev: HRESULT [In]
F_VN_HoughLines,Node_F_VN_HoughLines,registered,TC3 Vision Base,src/sln/lib/mobject-graph-vision-pack/Nodes/Image Analysis/Object Detection/Node_F_VN_HoughLines.TcPOU,Vision/Image Analysis/Object Detection/F_VN_HoughLines,ITcVnContainer; ITcVnImage,,,,,,,ipSrcImage: ITcVnImage [In]; ipLines: Reference To ITcVnContainer [In]; fDistRes: LREAL [In]; fAngleRes: LREAL [In]; nAccuThreshold: UDINT [In]; hrPrev: HRESULT [In]
F_VN_HoughLinesExp,Node_F_VN_HoughLinesExp,missing,TC3 Vision Base,,,ITcVnContainer; ITcVnImage,,,,,,,ipSrcImage: ITcVnImage [In]; ipLines: Reference To ITcVnContainer [In]; fDistRes: LREAL [In]; fAngleRes: LREAL [In]; nAccuThreshold: UDINT [In]; fDistResDiv: LREAL [In] = 0; fAngleResDiv: LREAL [In] = 0; hrPrev: HRESULT [In]
F_VN_HoughLinesP,Node_F_VN_HoughLinesP,registered,TC3 Vision Base,src/sln/lib/mobject-graph-vision-pack/Nodes/Image Analysis/Object Detection/Node_F_VN_HoughLinesP.TcPOU,Vision/Image Analysis/Object Detection/F_VN_HoughLinesP,ITcVnContainer; ITcVnImage,,,,,,,ipSrcImage: ITcVnImage [In]; ipLines: Reference To ITcVnContainer [In]; fDistRes: LREAL [In]; fAngleRes: LREAL [In]; nAccuThreshold: UDINT [In]; hrPrev: HRESULT [In]
F_VN_HoughLinesPExp,Node_F_VN_HoughLinesPExp,registered,TC3 Vision Base,src/sln/lib/mobject-graph-vision-pack/Nodes/Image Analysis/Object Detection/Node_F_VN_HoughLinesPExp.TcPOU,Vision/Image Analysis/Object Detection/F_VN_HoughLinesPExp,ITcVnContainer; ITcVnImage,,,,,,,ipSrcImage: ITcVnImage [In]; ipLines: Reference To ITcVnContainer [In]; fDistRes: LREAL [In]; fAngleRes: LREAL [In]; nAccuThreshold: UDINT [In]; fMinLineLength: LREAL [In] = 0; fMaxLineGap: LREAL [In] = 0; hrPrev: HRESULT [In]
F_VN_HuMomentInvariants,Node_F_VN_HuMomentInvariants,registered,TC3 Vision Base,src/sln/lib/mobject-graph-vision-pack/Nodes/Miscellaneous/Node_F_VN_HuMomentInvariants.TcPOU,Vision/Miscellaneous/F_VN_HuMomentInvariants,TcVnArray7_LREAL; TcVnMoments,,,,,,,stMoments: TcVnMoments [InOut]; aHuInvariants: TcVnArray7_LREAL [InOut]; hrPrev: HRESULT [In]
F_VN_ImageAbsoluteAverage,Node_F_VN_ImageAbsoluteAverage,registered,TC3 Vision Base,src/sln/lib/mobject-graph-vision-pack/Nodes/Image Analysis/Node_F_VN_ImageAbsoluteAverage.TcPOU,Vision/Image Analysis/F_VN_ImageAbsoluteAverage,ITcVnImage,,,,,,,ipSrcImage: ITcVnImage [In]; fAverage: LREAL [InOut]; hrPrev: HRESULT [In]
F_VN_ImageAverage,Node_F_VN_ImageAverage,registered,TC3 Vision Base,src/sln/lib/mobject-graph-vision-pack/Nodes/Image Analysis/Node_F_VN_ImageAverage.TcPOU,Vision/Image Analysis/F_VN_ImageAverage,ITcVnImage; TcVnVector4_LREAL,,,,,,,ipSrcImage: ITcVnImage [In]; aAverage: TcVnVector4_LREAL [InOut]; hrPrev: HRESULT [In]
F_VN_ImageAverageExp,Node_F_VN_ImageAverageExp,registered,TC3 Vision Base,src/sln/lib/mobject-graph-vision-pack/Nodes/Image Analysis/Node_F_VN_ImageAverageExp.TcPOU,Vision/Image Analysis/F_VN_ImageAverageExp,ITcVnImage; TcVnVector4_LREAL,,,,,,,ipSrcImage: ITcVnImage [In]; aAverage: TcVnVector4_LREAL [InOut]; ipMask: ITcVnImage [In] = 0; hrPrev: HRESULT [In]
F_VN_ImageAverageStdDev,Node_F_VN_ImageAverageStdDev,registered,TC3 Vision Base,src/sln/lib/mobject-graph-vision-pack/Nodes/Image Analysis/Node_F_VN_ImageAverageStdDev.TcPOU,Vision/Image Analysis/F_VN_ImageAverageStdDev,ITcVnImage; TcVnVector4_LREAL,,,,,,,ipSrcImage: ITcVnImage [In]; aAverage: TcVnVector4_LREAL [InOut]; aStdDev: TcVnVector4_LREAL [InOut]; hrPrev: HRESULT [In]
F_VN_ImageAverageStdDevExp,Node_F_VN_ImageAverageStdDevExp,registered,TC3 Vision Base,src/sln/lib/mobject-graph-vision-pack/Nodes/Image Analysis/Node_F_VN_ImageAverageStdDevExp.TcPOU,Vision/Image Analysis/F_VN_ImageAverageStdDevExp,ITcVnImage; TcVnVector4_LREAL,,,,,,,ipSrcImage: ITcVnImage [In]; aAverage: TcVnVector4_LREAL [InOut]; aStdDev: TcVnVector4_LREAL [InOut]; ipMask: ITcVnImage [In] = 0; hrPrev: HRESULT [In]
F_VN_ImageCenterOfMass,Node_F_VN_ImageCenterOfMass,registered,TC3 Vision Base,src/sln/lib/mobject-graph-vision-pack/Nodes/Image Analysis/Node_F_VN_ImageCenterOfMass.TcPOU,Vision/Image Analysis/F_VN_ImageCenterOfMass,ITcVnImage; TcVnPoint2_LREAL,,,,,,,ipSrcImage: ITcVnImage [In]; aCenterOfMass: TcVnPoint2_LREAL [InOut]; hrPrev: HRESULT [In]
F_VN_ImageCenterOfMassExp,Node_F_VN_ImageCenterOfMassExp,registered,TC3 Vision Base,src/sln/lib/mobject-graph-vision-pack/Nodes/Image Analysis/Node_F_VN_ImageCenterOfMassExp.TcPOU,Vision/Image Analysis/F_VN_ImageCenterOfMassExp,ITcVnImage; TcVnPoint2_LREAL,,,,,,,ipSrcImage: ITcVnImage [In]; aCenterOfMass: TcVnPoint2_LREAL [InOut]; ipMask: ITcVnImage [In] = 0; hrPrev: HRESULT [In]
F_VN_ImageMedian,Node_F_VN_ImageMedian,registered,TC3 Vision Base,src/sln/lib/mobject-graph-vision-pack/Nodes/Image Analysis/Node_F_VN_ImageMedian.TcPOU,Vision/Image Analysis/F_VN_ImageMedian,ITcVnImage; TcVnVector4_LREAL,,,,,,,ipSrcImage: ITcVnImage [In]; aMedian: TcVnVector4_LREAL [InOut]; hrPrev: HRESULT [In]
F_VN_ImageMedianExp,Node_F_VN_ImageMedianExp,registered,TC3 Vision Base,src/sln/lib/mobject-graph-vision-pack/Nodes/Image Analysis/Node_F_VN_ImageMedianExp.TcPOU,Vision/Image Analysis/F_VN_ImageMedianExp,ITcVnImage; TcVnVector4_LREAL,,,,,,,ipSrcImage: ITcVnImage [In]; aMedian: TcVnVector4_LREAL [InOut]; ipMask: ITcVnImage [In] = 0; hrPrev: HRESULT [In]
F_VN_ImageMoments,Node_F_VN_ImageMoments,registered,TC3 Vision Base,src/sln/lib/mobject-graph-vision-pack/Nodes/Image Analysis/Node_F_VN_ImageMoments.TcPOU,Vision/Image Analysis/F_VN_ImageMoments,ITcVnImage; TcVnMoments,,,,,,,ipImage: ITcVnImage [In]; stMoments: TcVnMoments [InOut]; bBinaryImage: BOOL [In]; hrPrev: HRESULT [In]
F_VN_ImagePointsWorldDistance,Node_F_VN_ImagePointsWorldDistance,missing,TC3 Vision Metrology 2D,,,TcVnArray8_LREAL; TcVnMatrix3x3_LREAL; TcVnPoint2_REAL; TcVnVector3_LREAL,,,,,,,aImagePoint1: TcVnPoint2_REAL [InOut]; aImagePoint2: TcVnPoint2_REAL [InOut]; fWorldDistance: LREAL [InOut]; aCameraMatrix: TcVnMatrix3x3_LREAL [InOut]; aDistortionCoefficients: TcVnArray8_LREAL [InOut]; aRotationMatrix: TcVnMatrix3x3_LREAL [InOut]; aTranslationVector: TcVnVector3_LREAL [InOut]; fZ: LREAL [In]; hrPrev: HRESULT [In]
F_VN_IncrementIterator,Node_F_VN_IncrementIterator,missing,TC3 Vision Base,,,ITcVnForwardIterator,ITcVnForwardIterator,,,,,,ipIterator: ITcVnForwardIterator [In]; hrPrev: HRESULT [In]
F_VN_InitMatrixStruct,Node_F_VN_InitMatrixStruct,missing,TC3 Vision Base,,,ETcVnElementType; TcVnMatrix,TcVnMatrix,,,pSrcBuffer: PVOID,,,pSrcBuffer: PVOID [In]; stDestMatrix: TcVnMatrix [InOut]; nRows: UDINT [In]; nCols: UDINT [In]; eElementType: ETcVnElementType [In]; hrPrev: HRESULT [In]
F_VN_InnerCircle,Node_F_VN_InnerCircle,missing,TC3 Vision Base,,,ITcVnImage; TcVnPoint2_REAL,,,,,,,ipSrcImage: ITcVnImage [In]; fRadius: LREAL [InOut]; aCenter: TcVnPoint2_REAL [InOut]; hrPrev: HRESULT [In]
F_VN_InnerCircleExp,Node_F_VN_InnerCircleExp,missing,TC3 Vision Base,,,ETcVnDistanceTransformationMask; ETcVnDistanceType; ITcVnImage; TcVnPoint2_REAL,,,,,,,ipSrcImage: ITcVnImage [In]; fRadius: LREAL [InOut]; aCenter: TcVnPoint2_REAL [InOut]; eDistanceType: ETcVnDistanceType [In] = TCVN_DT_L2; eMaskSize: ETcVnDistanceTransformationMask [In] = TCVN_DTM_5; hrPrev: HRESULT [In]
F_VN_InsertIntoContainer_DINT,Node_F_VN_InsertIntoContainer_DINT,registered,TC3 Vision Base,src/sln/lib/mobject-graph-vision-pack/Nodes/Basic Container Ops/InsertIntoContainer/Node_F_VN_InsertIntoContainer_DINT.TcPOU,Vision/Basic Container Operations/F_VN_InsertIntoContainer/F_VN_InsertIntoContainer_DINT,ITcVnContainer,,,,,,,nElement: DINT [In]; ipContainer: ITcVnContainer [In]; nIndex: ULINT [In]; hrPrev: HRESULT [In]
F_VN_InsertIntoContainer_INT,Node_F_VN_InsertIntoContainer_INT,registered,TC3 Vision Base,src/sln/lib/mobject-graph-vision-pack/Nodes/Basic Container Ops/InsertIntoContainer/Node_F_VN_InsertIntoContainer_INT.TcPOU,Vision/Basic Container Operations/F_VN_InsertIntoContainer/F_VN_InsertIntoContainer_INT,ITcVnContainer,,,,,,,nElement: INT [In]; ipContainer: ITcVnContainer [In]; nIndex: ULINT [In]; hrPrev: HRESULT [In]
F_VN_InsertIntoContainer_ITcVnContainer,Node_F_VN_InsertIntoContainer_ITcVnContainer,registered,TC3 Vision Base,src/sln/lib/mobject-graph-vision-pack/Nodes/Basic Container Ops/InsertIntoContainer/Node_F_VN_InsertIntoContainer_ITcVnContainer.TcPOU,Vision/Basic Container Operations/F_VN_InsertIntoContainer/F_VN_InsertIntoContainer_ITcVnContainer,ITcVnContainer,,,,,,,ipElement: ITcVnContainer [In]; ipContainer: ITcVnContainer [In]; nIndex: ULINT [In]; hrPrev: HRESULT [In]
F_VN_InsertIntoContainer_ITcVnForwardIterator,Node_F_VN_InsertIntoContainer_ITcVnForwardIterator,missing,TC3 Vision Base,,,ITcVnContainer; ITcVnForwardIterator,ITcVnForwardIterator,,,,,,ipElement: ITcVnForwardIterator [In]; ipContainer: ITcVnContainer [In]; nIndex: ULINT [In]; hrPrev: HRESULT [In]
F_VN_InsertIntoContainer_ITcVnImage,Node_F_VN_InsertIntoContainer_ITcVnImage,registered,TC3 Vision Base,src/sln/lib/mobject-graph-vision-pack/Nodes/Basic Container Ops/InsertIntoContainer/Node_F_VN_InsertIntoContainer_ITcVnImage.TcPOU,Vision/Basic Container Operations/F_VN_InsertIntoContainer/F_VN_InsertIntoContainer_ITcVnImage,ITcVnContainer; ITcVnImage,,,,,,,ipElement: ITcVnImage [In]; ipContainer: ITcVnContainer [In]; nIndex: ULINT [In]; hrPrev: HRESULT [In]
F_VN_InsertIntoContainer_LREAL,Node_F_VN_InsertIntoContainer_LREAL,registered,TC3 Vision Base,src/sln/lib/mobject-graph-vision-pack/Nodes/Basic Container Ops/InsertIntoContainer/Node_F_VN_InsertIntoContainer_LREAL.TcPOU,Vision/Basic Container Operations/F_VN_InsertIntoContainer/F_VN_InsertIntoContainer_LREAL,ITcVnContainer,,,,,,,fElement: LREAL [In]; ipContainer: ITcVnContainer [In]; nIndex: ULINT [In]; hrPrev: HRESULT [In]
F_VN_InsertIntoContainer_REAL,Node_F_VN_InsertIntoContainer_REAL,registered,TC3 Vision Base,src/sln/lib/mobject-graph-vision-pack/Nodes/Basic Container Ops/InsertIntoContainer/Node_F_VN_InsertIntoContainer_REAL.TcPOU,Vision/Basic Container Operations/F_VN_InsertIntoContainer/F_VN_InsertIntoContainer_REAL,ITcVnContainer,,,,,,,fElement: REAL [In]; ipContainer: ITcVnContainer [In]; nIndex: ULINT [In]; hrPrev: HRESULT [In]
F_VN_InsertIntoContainer_SINT,Node_F_VN_InsertIntoContainer_SINT,registered,TC3 Vision Base,src/sln/lib/mobject-graph-vision-pack/Nodes/Basic Container Ops/InsertIntoContainer/Node_F_VN_InsertIntoContainer_SINT.TcPOU,Vision/Basic Container Operations/F_VN_InsertIntoContainer/F_VN_InsertIntoContainer_SINT,ITcVnContainer,,,,,,,nElement: SINT [In]; ipContainer: ITcVnContainer [In]; nIndex: ULINT [In]; hrPrev: HRESULT [In]
F_VN_InsertIntoContainer_TcVnDMatch,Node_F_VN_InsertIntoContainer_TcVnDMatch,registered,TC3 Vision Base,src/sln/lib/mobject-graph-vision-pack/Nodes/Basic Container Ops/InsertIntoContainer/Node_F_VN_InsertIntoContainer_TcVnDMatch.TcPOU,Vision/Basic Container Operations/F_VN_InsertIntoContainer/F_VN_InsertIntoContainer_TcVnDMatch,ITcVnContainer; TcVnDMatch,,,,,,,stElement: TcVnDMatch [InOut]; ipContainer: ITcVnContainer [In]; nIndex: ULINT [In]; hrPrev: HRESULT [In]
F_VN_InsertIntoContainer_TcVnKeyPoint,Node_F_VN_InsertIntoContainer_TcVnKeyPoint,registered,TC3 Vision Base,src/sln/lib/mobject-graph-vision-pack/Nodes/Basic Container Ops/InsertIntoContainer/Node_F_VN_InsertIntoContainer_TcVnKeyPoint.TcPOU,Vision/Basic Container Operations/F_VN_InsertIntoContainer/F_VN_InsertIntoContainer_TcVnKeyPoint,ITcVnContainer; TcVnKeyPoint,,,,,,,stElement: TcVnKeyPoint [InOut]; ipContainer: ITcVnContainer [In]; nIndex: ULINT [In]; hrPrev: HRESULT [In]
F_VN_InsertIntoContainer_TcVnPoint2_DINT,Node_F_VN_InsertIntoContainer_TcVnPoint2_DINT,registered,TC3 Vision Base,src/sln/lib/mobject-graph-vision-pack/Nodes/Basic Container Ops/InsertIntoContainer/Node_F_VN_InsertIntoContainer_TcVnPoint2_DINT.TcPOU,Vision/Basic Container Operations/F_VN_InsertIntoContainer/F_VN_InsertIntoContainer_TcVnPoint2_DINT,ITcVnContainer; TcVnPoint2_DINT,,,,,,,aElement: TcVnPoint2_DINT [InOut]; ipContainer: ITcVnContainer [In]; nIndex: ULINT [In]; hrPrev: HRESULT [In]
F_VN_InsertIntoContainer_TcVnPoint2_LREAL,Node_F_VN_InsertIntoContainer_TcVnPoint2_LREAL,registered,TC3 Vision Base,src/sln/lib/mobject-graph-vision-pack/Nodes/Basic Container Ops/InsertIntoContainer/Node_F_VN_InsertIntoContainer_TcVnPoint2_LREAL.TcPOU,Vision/Basic Container Operations/F_VN_InsertIntoContainer/F_VN_InsertIntoContainer_TcVnPoint2_LREAL,ITcVnContainer; TcVnPoint2_LREAL,,,,,,,aElement: TcVnPoint2_LREAL [InOut]; ipContainer: ITcVnContainer [In]; nIndex: ULINT [In]; hrPrev: HRESULT [In]
F_VN_InsertIntoContainer_TcVnPoint2_REAL,Node_F_VN_InsertIntoContainer_TcVnPoint2_REAL,registered,TC3 Vision Base,src/sln/lib/mobject-graph-vision-pack/Nodes/Basic Container Ops/InsertIntoContainer/Node_F_VN_InsertIntoContainer_TcVnPoint2_REAL.TcPOU,Vision/Basic Container Operations/F_VN_InsertIntoContainer/F_VN_InsertIntoContainer_TcVnPoint2_REAL,ITcVnContainer; TcVnPoint2_REAL,,,,,,,aElement: TcVnPoint2_REAL [InOut]; ipContainer: ITcVnContainer [In]; nIndex: ULINT [In]; hrPrev: HRESULT [In]
F_VN_InsertIntoContainer_TcVnPoint3_LREAL,Node_F_VN_InsertIntoContainer_TcVnPoint3_LREAL,registered,TC3 Vision Base,src/sln/lib/mobject-graph-vision-pack/Nodes/Basic Container Ops/InsertIntoContainer/Node_F_VN_InsertIntoContainer_TcVnPoint3_LREAL.TcPOU,Vision/Basic Container Operations/F_VN_InsertIntoContainer/F_VN_InsertIntoContainer_TcVnPoint3_LREAL,ITcVnContainer; TcVnPoint3_LREAL,,,,,,,aElement: TcVnPoint3_LREAL [InOut]; ipContainer: ITcVnContainer [In]; nIndex: ULINT [In]; hrPrev: HRESULT [In]
F_VN_InsertIntoContainer_TcVnPoint3_REAL,Node_F_VN_InsertIntoContainer_TcVnPoint3_REAL,registered,TC3 Vision Base,src/sln/lib/mobject-graph-vision-pack/Nodes/Basic Container Ops/InsertIntoContainer/Node_F_VN_InsertIntoContainer_TcVnPoint3_REAL.TcPOU,Vision/Basic Container Operations/F_VN_InsertIntoContainer/F_VN_InsertIntoContainer_TcVnPoint3_REAL,ITcVnContainer; TcVnPoint3_REAL,,,,,,,aElement: TcVnPoint3_REAL [InOut]; ipContainer: ITcVnContainer [In]; nIndex: ULINT [In]; hrPrev: HRESULT [In]
F_VN_InsertIntoContainer_TcVnRectangle_DINT,Node_F_VN_InsertIntoContainer_TcVnRectangle_DINT,registered,TC3 Vision Base,src/sln/lib/mobject-graph-vision-pack/Nodes/Basic Container Ops/InsertIntoContainer/Node_F_VN_InsertIntoContainer_TcVnRectangle_DINT.TcPOU,Vision/Basic Container Operations/F_VN_InsertIntoContainer/F_VN_InsertIntoContainer_TcVnRectangle_DINT,ITcVnContainer; TcVnRectangle_DINT,,,,,,,stElement: TcVnRectangle_DINT [InOut]; ipContainer: ITcVnContainer [In]; nIndex: ULINT [In]; hrPrev: HRESULT [In]
F_VN_InsertIntoContainer_TcVnRotatedRectangle,Node_F_VN_InsertIntoContainer_TcVnRotatedRectangle,registered,TC3 Vision Base,src/sln/lib/mobject-graph-vision-pack/Nodes/Basic Container Ops/InsertIntoContainer/Node_F_VN_InsertIntoContainer_TcVnRotatedRectangle.TcPOU,Vision/Basic Container Operations/F_VN_InsertIntoContainer/F_VN_InsertIntoContainer_TcVnRotatedRectangle,ITcVnContainer; TcVnRotatedRectangle,,,,,,,stElement: TcVnRotatedRectangle [InOut]; ipContainer: ITcVnContainer [In]; nIndex: ULINT [In]; hrPrev: HRESULT [In]
F_VN_InsertIntoContainer_TcVnVector2_DINT,Node_F_VN_InsertIntoContainer_TcVnVector2_DINT,registered,TC3 Vision Base,src/sln/lib/mobject-graph-vision-pack/Nodes/Basic Container Ops/InsertIntoContainer/Node_F_VN_InsertIntoContainer_TcVnVector2_DINT.TcPOU,Vision/Basic Container Operations/F_VN_InsertIntoContainer/F_VN_InsertIntoContainer_TcVnVector2_DINT,ITcVnContainer; TcVnVector2_DINT,,,,,,,aElement: TcVnVector2_DINT [InOut]; ipContainer: ITcVnContainer [In]; nIndex: ULINT [In]; hrPrev: HRESULT [In]
F_VN_InsertIntoContainer_TcVnVector2_INT,Node_F_VN_InsertIntoContainer_TcVnVector2_INT,registered,TC3 Vision Base,src/sln/lib/mobject-graph-vision-pack/Nodes/Basic Container Ops/InsertIntoContainer/Node_F_VN_InsertIntoContainer_TcVnVector2_INT.TcPOU,Vision/Basic Container Operations/F_VN_InsertIntoContainer/F_VN_InsertIntoContainer_TcVnVector2_INT,ITcVnContainer; TcVnVector2_INT,,,,,,,aElement: TcVnVector2_INT [InOut]; ipContainer: ITcVnContainer [In]; nIndex: ULINT [In]; hrPrev: HRESULT [In]
F_VN_InsertIntoContainer_TcVnVector2_REAL,Node_F_VN_InsertIntoContainer_TcVnVector2_REAL,registered,TC3 Vision Base,src/sln/lib/mobject-graph-vision-pack/Nodes/Basic Container Ops/InsertIntoContainer/Node_F_VN_InsertIntoContainer_TcVnVector2_REAL.TcPOU,Vision/Basic Container Operations/F_VN_InsertIntoContainer/F_VN_InsertIntoContainer_TcVnVector2_REAL,ITcVnContainer; TcVnVector2_REAL,,,,,,,aElement: TcVnVector2_REAL [InOut]; ipContainer: ITcVnContainer [In]; nIndex: ULINT [In]; hrPrev: HRESULT [In]
F_VN_InsertIntoContainer_TcVnVector2_SINT,Node_F_VN_InsertIntoContainer_TcVnVector2_SINT,registered,TC3 Vision Base,src/sln/lib/mobject-graph-vision-pack/Nodes/Basic Container Ops/InsertIntoContainer/Node_F_VN_InsertIntoContainer_TcVnVector2_SINT.TcPOU,Vision/Basic Container Operations/F_VN_InsertIntoContainer/F_VN_InsertIntoContainer_TcVnVector2_SINT,ITcVnContainer; TcVnVector2_SINT,,,,,,,aElement: TcVnVector2_SINT [InOut]; ipContainer: ITcVnContainer [In]; nIndex: ULINT [In]; hrPrev: HRESULT [In]
F_VN_InsertIntoContainer_TcVnVector2_UINT,Node_F_VN_InsertIntoContainer_TcVnVector2_UINT,registered,TC3 Vision Base,src/sln/lib/mobject-graph-vision-pack/Nodes/Basic Container Ops/InsertIntoContainer/Node_F_VN_InsertIntoContainer_TcVnVector2_UINT.TcPOU,Vision/Basic Container Operations/F_VN_InsertIntoContainer/F_VN_InsertIntoContainer_TcVnVector2_UINT,ITcVnContainer; TcVnVector2_UINT,,,,,,,aElement: TcVnVector2_UINT [InOut]; ipContainer: ITcVnContainer [In]; nIndex: ULINT [In]; hrPrev: HRESULT [In]
F_VN_InsertIntoContainer_TcVnVector2_USINT,Node_F_VN_InsertIntoContainer_TcVnVector2_USINT,registered,TC3 Vision Base,src/sln/lib/mobject-graph-vision-pack/Nodes/Basic Container Ops/InsertIntoContainer/Node_F_VN_InsertIntoContainer_TcVnVector2_USINT.TcPOU,Vision/Basic Container Operations/F_VN_InsertIntoContainer/F_VN_InsertIntoContainer_TcVnVector2_USINT,ITcVnContainer; TcVnVector2_USINT,,,,,,,aElement: TcVnVector2_USINT [InOut]; ipContainer: ITcVnContainer [In]; nIndex: ULINT [In]; hrPrev: HRESULT [In]
F_VN_InsertIntoContainer_TcVnVector3_INT,Node_F_VN_InsertIntoContainer_TcVnVector3_INT,registered,TC3 Vision Base,src/sln/lib/mobject-graph-vision-pack/Nodes/Basic Container Ops/InsertIntoContainer/Node_F_VN_InsertIntoContainer_TcVnVector3_INT.TcPOU,Vision/Basic Container Operations/F_VN_InsertIntoContainer/F_VN_InsertIntoContainer_TcVnVector3_INT,ITcVnContainer; TcVnVector3_INT,,,,,,,aElement: TcVnVector3_INT [InOut]; ipContainer: ITcVnContainer [In]; nIndex: ULINT [In]; hrPrev: HRESULT [In]
F_VN_InsertIntoContainer_TcVnVector3_REAL,Node_F_VN_InsertIntoContainer_TcVnVector3_REAL,registered,TC3 Vision Base,src/sln/lib/mobject-graph-vision-pack/Nodes/Basic Container Ops/InsertIntoContainer/Node_F_VN_InsertIntoContainer_TcVnVector3_REAL.TcPOU,Vision/Basic Container Operations/F_VN_InsertIntoContainer/F_VN_InsertIntoContainer_TcVnVector3_REAL,ITcVnContainer; TcVnVector3_REAL,,,,,,,aElement: TcVnVector3_REAL [InOut]; ipContainer: ITcVnContainer [In]; nIndex: ULINT [In]; hrPrev: HRESULT [In]
F_VN_InsertIntoContainer_TcVnVector3_SINT,Node_F_VN_InsertIntoContainer_TcVnVector3_SINT,registered,TC3 Vision Base,src/sln/lib/mobject-graph-vision-pack/Nodes/Basic Container Ops/InsertIntoContainer/Node_F_VN_InsertIntoContainer_TcVnVector3_SINT.TcPOU,Vision/Basic Container Operations/F_VN_InsertIntoContainer/F_VN_InsertIntoContainer_TcVnVector3_SINT,ITcVnContainer; TcVnVector3_SINT,,,,,,,aElement: TcVnVector3_SINT [InOut]; ipContainer: ITcVnContainer [In]; nIndex: ULINT [In]; hrPrev: HRESULT [In]
F_VN_InsertIntoContainer_TcVnVector3_UINT,Node_F_VN_InsertIntoContainer_TcVnVector3_UINT,registered,TC3 Vision Base,src/sln/lib/mobject-graph-vision-pack/Nodes/Basic Container Ops/InsertIntoContainer/Node_F_VN_InsertIntoContainer_TcVnVector3_UINT.TcPOU,Vision/Basic Container Operations/F_VN_InsertIntoContainer/F_VN_InsertIntoContainer_TcVnVector3_UINT,ITcVnContainer; TcVnVector3_UINT,,,,,,,aElement: TcVnVector3_UINT [InOut]; ipContainer: ITcVnContainer [In]; nIndex: ULINT [In]; hrPrev: HRESULT [In]
F_VN_InsertIntoContainer_TcVnVector3_USINT,Node_F_VN_InsertIntoContainer_TcVnVector3_USINT,registered,TC3 Vision Base,src/sln/lib/mobject-graph-vision-pack/Nodes/Basic Container Ops/InsertIntoContainer/Node_F_VN_InsertIntoContainer_TcVnVector3_USINT.TcPOU,Vision/Basic Container Operations/F_VN_InsertIntoContainer/F_VN_InsertIntoContainer_TcVnVector3_USINT,ITcVnContainer; TcVnVector3_USINT,,,,,,,aElement: TcVnVector3_USINT [InOut]; ipContainer: ITcVnContainer [In]; nIndex: ULINT [In]; hrPrev: HRESULT [In]
F_VN_InsertIntoContainer_TcVnVector4_DINT,Node_F_VN_InsertIntoContainer_TcVnVector4_DINT,registered,TC3 Vision Base,src/sln/lib/mobject-graph-vision-pack/Nodes/Basic Container Ops/InsertIntoContainer/Node_F_VN_InsertIntoContainer_TcVnVector4_DINT.TcPOU,Vision/Basic Container Operations/F_VN_InsertIntoContainer/F_VN_InsertIntoContainer_TcVnVector4_DINT,ITcVnContainer; TcVnVector4_DINT,,,,,,,aElement: TcVnVector4_DINT [InOut]; ipContainer: ITcVnContainer [In]; nIndex: ULINT [In]; hrPrev: HRESULT [In]
F_VN_InsertIntoContainer_TcVnVector4_INT,Node_F_VN_InsertIntoContainer_TcVnVector4_INT,registered,TC3 Vision Base,src/sln/lib/mobject-graph-vision-pack/Nodes/Basic Container Ops/InsertIntoContainer/Node_F_VN_InsertIntoContainer_TcVnVector4_INT.TcPOU,Vision/Basic Container Operations/F_VN_InsertIntoContainer/F_VN_InsertIntoContainer_TcVnVector4_INT,ITcVnContainer; TcVnVector4_INT,,,,,,,aElement: TcVnVector4_INT [InOut]; ipContainer: ITcVnContainer [In]; nIndex: ULINT [In]; hrPrev: HRESULT [In]
F_VN_InsertIntoContainer_TcVnVector4_LREAL,Node_F_VN_InsertIntoContainer_TcVnVector4_LREAL,registered,TC3 Vision Base,src/sln/lib/mobject-graph-vision-pack/Nodes/Basic Container Ops/InsertIntoContainer/Node_F_VN_InsertIntoContainer_TcVnVector4_LREAL.TcPOU,Vision/Basic Container Operations/F_VN_InsertIntoContainer/F_VN_InsertIntoContainer_TcVnVector4_LREAL,ITcVnContainer; TcVnVector4_LREAL,,,,,,,aElement: TcVnVector4_LREAL [InOut]; ipContainer: ITcVnContainer [In]; nIndex: ULINT [In]; hrPrev: HRESULT [In]
F_VN_InsertIntoContainer_TcVnVector4_REAL,Node_F_VN_InsertIntoContainer_TcVnVector4_REAL,registered,TC3 Vision Base,src/sln/lib/mobject-graph-vision-pack/Nodes/Basic Container Ops/InsertIntoContainer/Node_F_VN_InsertIntoContainer_TcVnVector4_REAL.TcPOU,Vision/Basic Container Operations/F_VN_InsertIntoContainer/F_VN_InsertIntoContainer_TcVnVector4_REAL,ITcVnContainer; TcVnVector4_REAL,,,,,,,aElement: TcVnVector4_REAL [InOut]; ipContainer: ITcVnContainer [In]; nIndex: ULINT [In]; hrPrev: HRESULT [In]
F_VN_InsertIntoContainer_TcVnVector4_SINT,Node_F_VN_InsertIntoContainer_TcVnVector4_SINT,registered,TC3 Vision Base,src/sln/lib/mobject-graph-vision-pack/Nodes/Basic Container Ops/InsertIntoContainer/Node_F_VN_InsertIntoContainer_TcVnVector4_SINT.TcPOU,Vision/Basic Container Operations/F_VN_InsertIntoContainer/F_VN_InsertIntoContainer_TcVnVector4_SINT,ITcVnContainer; TcVnVector4_SINT,,,,,,,aElement: TcVnVector4_SINT [InOut]; ipContainer: ITcVnContainer [In]; nIndex: ULINT [In]; hrPrev: HRESULT [In]
F_VN_InsertIntoContainer_TcVnVector4_UINT,Node_F_VN_InsertIntoContainer_TcVnVector4_UINT,registered,TC3 Vision Base,src/sln/lib/mobject-graph-vision-pack/Nodes/Basic Container Ops/InsertIntoContainer/Node_F_VN_InsertIntoContainer_TcVnVector4_UINT.TcPOU,Vision/Basic Container Operations/F_VN_InsertIntoContainer/F_VN_InsertIntoContainer_TcVnVector4_UINT,ITcVnContainer; TcVnVector4_UINT,,,,,,,aElement: TcVnVector4_UINT [InOut]; ipContainer: ITcVnContainer [In]; nIndex: ULINT [In]; hrPrev: HRESULT [In]
F_VN_InsertIntoContainer_TcVnVector4_USINT,Node_F_VN_InsertIntoContainer_TcVnVector4_USINT,registered,TC3 Vision Base,src/sln/lib/mobject-graph-vision-pack/Nodes/Basic Container Ops/InsertIntoContainer/Node_F_VN_InsertIntoContainer_TcVnVector4_USINT.TcPOU,Vision/Basic Container Operations/F_VN_InsertIntoContainer/F_VN_InsertIntoContainer_TcVnVector4_USINT,ITcVnContainer; TcVnVector4_USINT,,,,,,,aElement: TcVnVector4_USINT [InOut]; ipContainer: ITcVnContainer [In]; nIndex: ULINT [In]; hrPrev: HRESULT [In]
F_VN_InsertIntoContainer_UDINT,Node_F_VN_InsertIntoContainer_UDINT,registered,TC3 Vision Base,src/sln/lib/mobject-graph-vision-pack/Nodes/Basic Container Ops/InsertIntoContainer/Node_F_VN_InsertIntoContainer_UDINT.TcPOU,Vision/Basic Container Operations/F_VN_InsertIntoContainer/F_VN_InsertIntoContainer_UDINT,ITcVnContainer,,,,,,,nElement: UDINT [In]; ipContainer: ITcVnContainer [In]; nIndex: ULINT [In]; hrPrev: HRESULT [In]
F_VN_InsertIntoContainer_UINT,Node_F_VN_InsertIntoContainer_UINT,registered,TC3 Vision Base,src/sln/lib/mobject-graph-vision-pack/Nodes/Basic Container Ops/InsertIntoContainer/Node_F_VN_InsertIntoContainer_UINT.TcPOU,Vision/Basic Container Operations/F_VN_InsertIntoContainer/F_VN_InsertIntoContainer_UINT,ITcVnContainer,,,,,,,nElement: UINT [In]; ipContainer: ITcVnContainer [In]; nIndex: ULINT [In]; hrPrev: HRESULT [In]
F_VN_InsertIntoContainer_ULINT,Node_F_VN_InsertIntoContainer_ULINT,registered,TC3 Vision Base,src/sln/lib/mobject-graph-vision-pack/Nodes/Basic Container Ops/InsertIntoContainer/Node_F_VN_InsertIntoContainer_ULINT.TcPOU,Vision/Basic Container Operations/F_VN_InsertIntoContainer/F_VN_InsertIntoContainer_ULINT,ITcVnContainer,,,,,,,nElement: ULINT [In]; ipContainer: ITcVnContainer [In]; nIndex: ULINT [In]; hrPrev: HRESULT [In]
F_VN_InsertIntoContainer_USINT,Node_F_VN_InsertIntoContainer_USINT,registered,TC3 Vision Base,src/sln/lib/mobject-graph-vision-pack/Nodes/Basic Container Ops/InsertIntoContainer/Node_F_VN_InsertIntoContainer_USINT.TcPOU,Vision/Basic Container Operations/F_VN_InsertIntoContainer/F_VN_InsertIntoContainer_USINT,ITcVnContainer,,,,,,,nElement: USINT [In]; ipContainer: ITcVnContainer [In]; nIndex: ULINT [In]; hrPrev: HRESULT [In]
F_VN_InverseDft,Node_F_VN_InverseDft,registered,TC3 Vision Base,src/sln/lib/mobject-graph-vision-pack/Nodes/Fourier Analysis/Node_F_VN_InverseDft.TcPOU,Vision/Fourier Analysis/F_VN_InverseDft,ITcVnImage,,,,,,,ipFrequencyImage: ITcVnImage [In]; ipSpatialImage: Reference To ITcVnImage [In]; bRealOutput: BOOL [In]; hrPrev: HRESULT [In]
F_VN_InverseFeatureScaling,Node_F_VN_InverseFeatureScaling,missing,TC3 Machine Learning Realtime Inference,,,ITcVnContainer,,,,,,,ipSamples: ITcVnContainer [In]; ipScales: ITcVnContainer [In]; ipInverseSamples: Reference To ITcVnContainer [In]; hrPrev: HRESULT [In]
F_VN_InverseFeatureScalingExp,Node_F_VN_InverseFeatureScalingExp,missing,TC3 Machine Learning Realtime Inference,,,ITcVnContainer,,,,,,,ipSamples: ITcVnContainer [In]; ipScales: ITcVnContainer [In]; ipInverseSamples: Reference To ITcVnContainer [In]; fA: LREAL [In] = 0.0; fB: LREAL [In] = 1.0; hrPrev: HRESULT [In]
F_VN_InverseFeatureScalingExp_REAL,Node_F_VN_InverseFeatureScalingExp_REAL,missing,TC3 Machine Learning Realtime Inference,,,ITcVnContainer,,,,,,,fSample: REAL [In]; ipScales: ITcVnContainer [In]; fInverseSample: REAL [InOut]; fA: LREAL [In] = 0.0; fB: LREAL [In] = 1.0; hrPrev: HRESULT [In]
F_VN_InverseFeatureScaling_REAL,Node_F_VN_InverseFeatureScaling_REAL,missing,TC3 Machine Learning Realtime Inference,,,ITcVnContainer,,,,,,,fSample: REAL [In]; ipScales: ITcVnContainer [In]; fInverseSample: REAL [InOut]; hrPrev: HRESULT [In]
F_VN_InverseFeatureTransform,Node_F_VN_InverseFeatureTransform,missing,TC3 Machine Learning Realtime Inference,,,ITcVnMlModel,ITcVnMlModel,,ITcUnknown; Pointer To ITcUnknown,pipTransformed: Pointer To ITcUnknown,,,ipFeatureTransform: ITcVnMlModel [In]; ipSamples: ITcUnknown [In]; pipTransformed: Pointer To ITcUnknown [In]; hrPrev: HRESULT [In]
F_VN_InvertAffineTransformation,Node_F_VN_InvertAffineTransformation,registered,TC3 Vision Base,src/sln/lib/mobject-graph-vision-pack/Nodes/Geometric and Coord Transform/Node_F_VN_InvertAffineTransformation.TcPOU,Vision/Geometric and Coordinate Transformations/F_VN_InvertAffineTransformation,TcVnMatrix2x3_LREAL,,,,,,,aTransformationMatrix: TcVnMatrix2x3_LREAL [InOut]; aInvertedTransformationMatrix: TcVnMatrix2x3_LREAL [InOut]; hrPrev: HRESULT [In]
F_VN_InvertImageColor,Node_F_VN_InvertImageColor,registered,TC3 Vision Base,src/sln/lib/mobject-graph-vision-pack/Nodes/Image Color and Contrast Processing/Node_F_VN_InvertImageColor.TcPOU,Vision/Image Color and Contrast Processing/F_VN_InvertImageColor,ITcVnImage,,,,,,,ipSrcImage: ITcVnImage [In]; ipDestImage: Reference To ITcVnImage [In]; hrPrev: HRESULT [In]
F_VN_InvertImageColorExp,Node_F_VN_InvertImageColorExp,registered,TC3 Vision Base,src/sln/lib/mobject-graph-vision-pack/Nodes/Image Color and Contrast Processing/Node_F_VN_InvertImageColorExp.TcPOU,Vision/Image Color and Contrast Processing/F_VN_InvertImageColorExp,ITcVnImage,,,,,,,ipSrcImage: ITcVnImage [In]; ipDestImage: Reference To ITcVnImage [In]; fMaxValue: LREAL [In] = -1; hrPrev: HRESULT [In]
F_VN_InvertMatrix3x3,Node_F_VN_InvertMatrix3x3,registered,TC3 Vision Base,src/sln/lib/mobject-graph-vision-pack/Nodes/Miscellaneous/Node_F_VN_InvertMatrix3x3.TcPOU,Vision/Miscellaneous/F_VN_InvertMatrix3x3,TcVnMatrix3x3_LREAL,,,,,,,aSrcMatrix: TcVnMatrix3x3_LREAL [InOut]; aInvertedMatrix: TcVnMatrix3x3_LREAL [InOut]; hrPrev: HRESULT [In]
F_VN_IteratorDistance,Node_F_VN_IteratorDistance,missing,TC3 Vision Base,,,ITcVnForwardIterator,ITcVnForwardIterator,,,,,,ipIteratorFirst: ITcVnForwardIterator [In]; ipIteratorLast: ITcVnForwardIterator [In]; nDistance: LINT [InOut]; hrPrev: HRESULT [In]
F_VN_KeyPointsAGAST,Node_F_VN_KeyPointsAGAST,registered,TC3 Vision Matching,src/sln/lib/mobject-graph-vision-pack/Nodes/Keypoint Features/Node_F_VN_KeyPointsAGAST.TcPOU,Vision/Keypoint Features/F_VN_KeyPointsAGAST,ITcVnContainer; ITcVnImage,,,,,,,ipSrcImage: ITcVnImage [In]; ipKeyPoints: Reference To ITcVnContainer [In]; hrPrev: HRESULT [In]
F_VN_KeyPointsAGASTExp,Node_F_VN_KeyPointsAGASTExp,registered,TC3 Vision Matching,src/sln/lib/mobject-graph-vision-pack/Nodes/Keypoint Features/Node_F_VN_KeyPointsAGASTExp.TcPOU,Vision/Keypoint Features/F_VN_KeyPointsAGASTExp,ITcVnContainer; ITcVnImage; TcVnParamsAGAST,,,,,,,"ipSrcImage: ITcVnImage [In]; ipKeyPoints: Reference To ITcVnContainer [In]; ipMask: ITcVnImage [In] = 0; stParams: TcVnParamsAGAST [InOut] = {10, true, TCVN_KDT_AGAST_9_16}; hrPrev: HRESULT [In]"
F_VN_KeyPointsAndDescriptorsAKAZE,Node_F_VN_KeyPointsAndDescriptorsAKAZE,registered,TC3 Vision Matching,src/sln/lib/mobject-graph-vision-pack/Nodes/Keypoint Features/Node_F_VN_KeyPointsAndDescriptorsAKAZE.TcPOU,Vision/Keypoint Features/F_VN_KeyPointsAndDescriptorsAKAZE,ITcVnContainer; ITcVnImage,,,,,,,ipSrcImage: ITcVnImage [In]; ipKeyPoints: Reference To ITcVnContainer [In]; ipDescriptors: Reference To ITcVnImage [In]; hrPrev: HRESULT [In]
F_VN_KeyPointsAndDescriptorsAKAZEExp,Node_F_VN_KeyPointsAndDescriptorsAKAZEExp,registered,TC3 Vision Matching,src/sln/lib/mobject-graph-vision-pack/Nodes/Keypoint Features/Node_F_VN_KeyPointsAndDescriptorsAKAZEExp.TcPOU,Vision/Keypoint Features/F_VN_KeyPointsAndDescriptorsAKAZEExp,ITcVnContainer; ITcVnImage; TcVnParamsAKAZE,,,,,,,"ipSrcImage: ITcVnImage [In]; ipKeyPoints: Reference To ITcVnContainer [In]; ipDescriptors: Reference To ITcVnImage [In]; ipMask: ITcVnImage [In] = 0; stParams: TcVnParamsAKAZE [InOut] = {TCVN_FDT_AKAZE_MLDB, 0, 3, 0.001f, 2, 1, TCVN_DT1_KAZE_PM_G2}; hrPrev: HRESULT [In]"
F_VN_KeyPointsAndDescriptorsBRISK,Node_F_VN_KeyPointsAndDescriptorsBRISK,registered,TC3 Vision Matching,src/sln/lib/mobject-graph-vision-pack/Nodes/Keypoint Features/Node_F_VN_KeyPointsAndDescriptorsBRISK.TcPOU,Vision/Keypoint Features/F_VN_KeyPointsAndDescriptorsBRISK,ITcVnContainer; ITcVnImage,,,,,,,ipSrcImage: ITcVnImage [In]; ipKeyPoints: Reference To ITcVnContainer [In]; ipDescriptors: Reference To ITcVnImage [In]; hrPrev: HRESULT [In]
F_VN_KeyPointsAndDescriptorsBRISKExp,Node_F_VN_KeyPointsAndDescriptorsBRISKExp,registered,TC3 Vision Matching,src/sln/lib/mobject-graph-vision-pack/Nodes/Keypoint Features/Node_F_VN_KeyPointsAndDescriptorsBRISKExp.TcPOU,Vision/Keypoint Features/F_VN_KeyPointsAndDescriptorsBRISKExp,ITcVnContainer; ITcVnImage; TcVnParamsBRISK,,,,,,,"ipSrcImage: ITcVnImage [In]; ipKeyPoints: Reference To ITcVnContainer [In]; ipDescriptors: Reference To ITcVnImage [In]; ipMask: ITcVnImage [In] = 0; stParams: TcVnParamsBRISK [InOut] = {30, 3, 1}; hrPrev: HRESULT [In]"
F_VN_KeyPointsAndDescriptorsKAZE,Node_F_VN_KeyPointsAndDescriptorsKAZE,registered,TC3 Vision Matching,src/sln/lib/mobject-graph-vision-pack/Nodes/Keypoint Features/Node_F_VN_KeyPointsAndDescriptorsKAZE.TcPOU,Vision/Keypoint Features/F_VN_KeyPointsAndDescriptorsKAZE,ITcVnContainer; ITcVnImage,,,,,,,ipSrcImage: ITcVnImage [In]; ipKeyPoints: Reference To ITcVnContainer [In]; ipDescriptors: Reference To ITcVnImage [In]; hrPrev: HRESULT [In]
F_VN_KeyPointsAndDescriptorsKAZEExp,Node_F_VN_KeyPointsAndDescriptorsKAZEExp,registered,TC3 Vision Matching,src/sln/lib/mobject-graph-vision-pack/Nodes/Keypoint Features/Node_F_VN_KeyPointsAndDescriptorsKAZEExp.TcPOU,Vision/Keypoint Features/F_VN_KeyPointsAndDescriptorsKAZEExp,ITcVnContainer; ITcVnImage; TcVnParamsKAZE,,,,,,,"ipSrcImage: ITcVnImage [In]; ipKeyPoints: Reference To ITcVnContainer [In]; ipDescriptors: Reference To ITcVnImage [In]; ipMask: ITcVnImage [In] = 0; stParams: TcVnParamsKAZE [InOut] = {false, false, 0.001f, 4, 2, TCVN_DT1_KAZE_PM_G2}; hrPrev: HRESULT [In]"
F_VN_KeyPointsAndDescriptorsORB,Node_F_VN_KeyPointsAndDescriptorsORB,registered,TC3 Vision Matching,src/sln/lib/mobject-graph-vision-pack/Nodes/Keypoint Features/Node_F_VN_KeyPointsAndDescriptorsORB.TcPOU,Vision/Keypoint Features/F_VN_KeyPointsAndDescriptorsORB,ITcVnContainer; ITcVnImage,,,,,,,ipSrcImage: ITcVnImage [In]; ipKeyPoints: Reference To ITcVnContainer [In]; ipDescriptors: Reference To ITcVnImage [In]; hrPrev: HRESULT [In]
F_VN_KeyPointsAndDescriptorsORBExp,Node_F_VN_KeyPointsAndDescriptorsORBExp,registered,TC3 Vision Matching,src/sln/lib/mobject-graph-vision-pack/Nodes/Keypoint Features/Node_F_VN_KeyPointsAndDescriptorsORBExp.TcPOU,Vision/Keypoint Features/F_VN_KeyPointsAndDescriptorsORBExp,ITcVnContainer; ITcVnImage; TcVnParamsORB,,,,,,,"ipSrcImage: ITcVnImage [In]; ipKeyPoints: Reference To ITcVnContainer [In]; ipDescriptors: Reference To ITcVnImage [In]; ipMask: ITcVnImage [In] = 0; stParams: TcVnParamsORB [InOut] = {500, 1.2f, 8, 31, 0, 2, TCVN_FST_ORB_HARRIS, 31, 20}; hrPrev: HRESULT [In]"
F_VN_KeyPointsFAST,Node_F_VN_KeyPointsFAST,registered,TC3 Vision Matching,src/sln/lib/mobject-graph-vision-pack/Nodes/Keypoint Features/Node_F_VN_KeyPointsFAST.TcPOU,Vision/Keypoint Features/F_VN_KeyPointsFAST,ITcVnContainer; ITcVnImage,,,,,,,ipSrcImage: ITcVnImage [In]; ipKeyPoints: Reference To ITcVnContainer [In]; hrPrev: HRESULT [In]
F_VN_KeyPointsFASTExp,Node_F_VN_KeyPointsFASTExp,registered,TC3 Vision Matching,src/sln/lib/mobject-graph-vision-pack/Nodes/Keypoint Features/Node_F_VN_KeyPointsFASTExp.TcPOU,Vision/Keypoint Features/F_VN_KeyPointsFASTExp,ITcVnContainer; ITcVnImage; TcVnParamsFAST,,,,,,,"ipSrcImage: ITcVnImage [In]; ipKeyPoints: Reference To ITcVnContainer [In]; ipMask: ITcVnImage [In] = 0; stParams: TcVnParamsFAST [InOut] = {10, true, TCVN_KDT_FAST_9_16}; hrPrev: HRESULT [In]"
F_VN_KeyPointsGFTT,Node_F_VN_KeyPointsGFTT,registered,TC3 Vision Matching,src/sln/lib/mobject-graph-vision-pack/Nodes/Keypoint Features/Node_F_VN_KeyPointsGFTT.TcPOU,Vision/Keypoint Features/F_VN_KeyPointsGFTT,ITcVnContainer; ITcVnImage,,,,,,,ipSrcImage: ITcVnImage [In]; ipKeyPoints: Reference To ITcVnContainer [In]; hrPrev: HRESULT [In]
F_VN_KeyPointsGFTTExp,Node_F_VN_KeyPointsGFTTExp,registered,TC3 Vision Matching,src/sln/lib/mobject-graph-vision-pack/Nodes/Keypoint Features/Node_F_VN_KeyPointsGFTTExp.TcPOU,Vision/Keypoint Features/F_VN_KeyPointsGFTTExp,ITcVnContainer; ITcVnImage; TcVnParamsGFTT,,,,,,,"ipSrcImage: ITcVnImage [In]; ipKeyPoints: Reference To ITcVnContainer [In]; ipMask: ITcVnImage [In] = 0; stParams: TcVnParamsGFTT [InOut] = {1000, 0.01, 1, 3, false, 0.04}; hrPrev: HRESULT [In]"
F_VN_KeyPointsMSER,Node_F_VN_KeyPointsMSER,registered,TC3 Vision Matching,src/sln/lib/mobject-graph-vision-pack/Nodes/Keypoint Features/Node_F_VN_KeyPointsMSER.TcPOU,Vision/Keypoint Features/F_VN_KeyPointsMSER,ITcVnContainer; ITcVnImage,,,,,,,ipSrcImage: ITcVnImage [In]; ipKeyPoints: Reference To ITcVnContainer [In]; hrPrev: HRESULT [In]
F_VN_KeyPointsMSERExp,Node_F_VN_KeyPointsMSERExp,registered,TC3 Vision Matching,src/sln/lib/mobject-graph-vision-pack/Nodes/Keypoint Features/Node_F_VN_KeyPointsMSERExp.TcPOU,Vision/Keypoint Features/F_VN_KeyPointsMSERExp,ITcVnContainer; ITcVnImage; TcVnParamsMSER,,,,,,,"ipSrcImage: ITcVnImage [In]; ipKeyPoints: Reference To ITcVnContainer [In]; ipMask: ITcVnImage [In] = 0; stParams: TcVnParamsMSER [InOut] = {5, 60, 14400, 0.25, 0.2, 200, 1.01, 0.003, 5}; hrPrev: HRESULT [In]"
F_VN_KeyPointsSB,Node_F_VN_KeyPointsSB,registered,TC3 Vision Matching,src/sln/lib/mobject-graph-vision-pack/Nodes/Keypoint Features/Node_F_VN_KeyPointsSB.TcPOU,Vision/Keypoint Features/F_VN_KeyPointsSB,ITcVnContainer; ITcVnImage,,,,,,,ipSrcImage: ITcVnImage [In]; ipKeyPoints: Reference To ITcVnContainer [In]; hrPrev: HRESULT [In]
F_VN_KeyPointsSBExp,Node_F_VN_KeyPointsSBExp,registered,TC3 Vision Matching,src/sln/lib/mobject-graph-vision-pack/Nodes/Keypoint Features/Node_F_VN_KeyPointsSBExp.TcPOU,Vision/Keypoint Features/F_VN_KeyPointsSBExp,ITcVnContainer; ITcVnImage; TcVnParamsSB,,,,,,,"ipSrcImage: ITcVnImage [In]; ipKeyPoints: Reference To ITcVnContainer [In]; ipMask: ITcVnImage [In] = 0; stParams: TcVnParamsSB [InOut] = {true, false, false, false, false, 25, 15000, 0, 1, 255, 0, 1, 0, 1, 5, 2, 30, 225, 10}; hrPrev: HRESULT [In]"
F_VN_LaplacianFilter,Node_F_VN_LaplacianFilter,registered,TC3 Vision Base,src/sln/lib/mobject-graph-vision-pack/Nodes/Image Filtering/Node_F_VN_LaplacianFilter.TcPOU,Vision/Image Filtering/F_VN_LaplacianFilter,ETcVnElementType; ITcVnImage,,,,,,,ipSrcImage: ITcVnImage [In]; ipDestImage: Reference To ITcVnImage [In]; eDestDepth: ETcVnElementType [In]; hrPrev: HRESULT [In]
F_VN_LaplacianFilterExp,Node_F_VN_LaplacianFilterExp,registered,TC3 Vision Base,src/sln/lib/mobject-graph-vision-pack/Nodes/Image Filtering/Node_F_VN_LaplacianFilterExp.TcPOU,Vision/Image Filtering/F_VN_LaplacianFilterExp,ETcVnBorderInterpolationMethod; ETcVnElementType; ITcVnImage,,,,,,,ipSrcImage: ITcVnImage [In]; ipDestImage: Reference To ITcVnImage [In]; eDestDepth: ETcVnElementType [In]; nKernelSize: UDINT [In] = 1; fScale: LREAL [In] = 1; fDelta: LREAL [In] = 0; eBorderType: ETcVnBorderInterpolationMethod [In] = TCVN_BIM_DEFAULT; hrPrev: HRESULT [In]
F_VN_LineIntersectionPoint,Node_F_VN_LineIntersectionPoint,registered,TC3 Vision Base,src/sln/lib/mobject-graph-vision-pack/Nodes/Miscellaneous/Node_F_VN_LineIntersectionPoint.TcPOU,Vision/Miscellaneous/F_VN_LineIntersectionPoint,TcVnPoint2_REAL; TcVnVector4_LREAL,,,,,,,aLine1: TcVnVector4_LREAL [InOut]; aLine2: TcVnVector4_LREAL [InOut]; aIntersecPoint: TcVnPoint2_REAL [InOut]; hrPrev: HRESULT [In]
F_VN_LineIntersectionPointAndAngle,Node_F_VN_LineIntersectionPointAndAngle,registered,TC3 Vision Base,src/sln/lib/mobject-graph-vision-pack/Nodes/Miscellaneous/Node_F_VN_LineIntersectionPointAndAngle.TcPOU,Vision/Miscellaneous/F_VN_LineIntersectionPointAndAngle,TcVnPoint2_REAL; TcVnVector4_LREAL,,,,,,,aLine1: TcVnVector4_LREAL [InOut]; aLine2: TcVnVector4_LREAL [InOut]; aIntersecPoint: TcVnPoint2_REAL [InOut]; fAngle: REAL [InOut]; bAngleInDegrees: BOOL [In]; hrPrev: HRESULT [In]
F_VN_LocalMaxima,Node_F_VN_LocalMaxima,registered,TC3 Vision Base,src/sln/lib/mobject-graph-vision-pack/Nodes/Image Filtering/Node_F_VN_LocalMaxima.TcPOU,Vision/Image Filtering/F_VN_LocalMaxima,ITcVnImage,,,,,,,ipSrcImage: ITcVnImage [In]; ipDestImage: Reference To ITcVnImage [In]; hrPrev: HRESULT [In]
F_VN_LocalMinima,Node_F_VN_LocalMinima,registered,TC3 Vision Base,src/sln/lib/mobject-graph-vision-pack/Nodes/Image Filtering/Node_F_VN_LocalMinima.TcPOU,Vision/Image Filtering/F_VN_LocalMinima,ITcVnImage,,,,,,,ipSrcImage: ITcVnImage [In]; ipDestImage: Reference To ITcVnImage [In]; hrPrev: HRESULT [In]
F_VN_LocateAxisAlignedEdges,Node_F_VN_LocateAxisAlignedEdges,missing,TC3 Vision Metrology 2D,,,ETcVnEdgeSelection; ITcVnContainer; ITcVnImage; TcVnPoint2_DINT,,,,,,,ipSrcImage: ITcVnImage [In]; ipEdgePoints: Reference To ITcVnContainer [In]; aStartPoint: TcVnPoint2_DINT [InOut]; aEndPoint: TcVnPoint2_DINT [InOut]; nSearchWindowHeight: UDINT [In]; nKernelSize: UDINT [In]; nNumEdges: UDINT [In]; eEdgeSelection: ETcVnEdgeSelection [In]; fMinStrength: REAL [In]; hrPrev: HRESULT [In]; fAvgStrength: REAL [Out]
F_VN_LocateAxisAlignedEdgesExp,Node_F_VN_LocateAxisAlignedEdgesExp,missing,TC3 Vision Metrology 2D,,,ETcVnEdgeSelection; ITcVnContainer; ITcVnImage; TcVnPoint2_DINT,,,,,,,ipSrcImage: ITcVnImage [In]; ipEdgePoints: Reference To ITcVnContainer [In]; aStartPoint: TcVnPoint2_DINT [InOut]; aEndPoint: TcVnPoint2_DINT [InOut]; nSearchWindowHeight: UDINT [In]; nKernelSize: UDINT [In]; nNumEdges: UDINT [In]; eEdgeSelection: ETcVnEdgeSelection [In]; fMinStrength: REAL [In]; fSigma: REAL [In] = 0; ipEdgeStrengths: Reference To ITcVnContainer [In] = 0; ipDerivative: Reference To ITcVnImage [In] = 0; hrPrev: HRESULT [In]; fAvgStrength: REAL [Out]
F_VN_LocateCircularArc,Node_F_VN_LocateCircularArc,registered,TC3 Vision Metrology 2D,src/sln/lib/mobject-graph-vision-pack/Nodes/Measurement/Node_F_VN_LocateCircularArc.TcPOU,Vision/Measurement/F_VN_LocateCircularArc,ETcVnEdgeDirection; ITcVnImage; TcVnCircularArc; TcVnPoint2_REAL,,,,,,,ipSrcImage: ITcVnImage [In]; stCircularArc: TcVnCircularArc [InOut]; aCenter: TcVnPoint2_REAL [InOut]; fSearchRadius: REAL [In]; fArcDirectionRad: LREAL [In]; eEdgeDirection: ETcVnEdgeDirection [In]; fMinStrength: REAL [In]; hrPrev: HRESULT [In]
F_VN_LocateCircularArcExp,Node_F_VN_LocateCircularArcExp,missing,TC3 Vision Metrology 2D,,,ETcVnEdgeDetectionAlgorithm; ETcVnEdgeDirection; ITcVnContainer; ITcVnImage; TcVnCircularArc; TcVnPoint2_REAL,,,,,,,ipSrcImage: ITcVnImage [In]; stCircularArc: TcVnCircularArc [InOut]; aCenter: TcVnPoint2_REAL [InOut]; fSearchRadius: REAL [In]; fArcDirectionRad: LREAL [In]; eEdgeDirection: ETcVnEdgeDirection [In]; fMinStrength: REAL [In]; fAngleStepRad: LREAL [In] = 0.1; nMaxThickness: UDINT [In] = 10; bInvertSearchDirection: BOOL [In] = FALSE; nSubpixelsIterations: UDINT [In] = 10; fApproxPrecision: REAL [In] = 0.001; eAlgorithm: ETcVnEdgeDetectionAlgorithm [In] = TCVN_EDA_INTERPOLATION; ipContourPoints: Reference To ITcVnContainer [In] = 0; hrPrev: HRESULT [In]
F_VN_LocateCircularArcExp2,Node_F_VN_LocateCircularArcExp2,missing,TC3 Vision Metrology 2D,,,ETcVnEdgeDetectionAlgorithm; ETcVnEdgeDirection; ITcVnContainer; ITcVnImage; TcVnCircularArc; TcVnPoint2_REAL,,,,,,,ipSrcImage: ITcVnImage [In]; stCircularArc: TcVnCircularArc [InOut]; aCenter: TcVnPoint2_REAL [InOut]; fSearchRadius: REAL [In]; fArcDirectionRad: LREAL [In]; eEdgeDirection: ETcVnEdgeDirection [In]; fMinStrength: REAL [In]; fAngleStepRad: LREAL [In] = 0.1; nMaxThickness: UDINT [In] = 10; bInvertSearchDirection: BOOL [In] = FALSE; nSubpixelsIterations: UDINT [In] = 10; fApproxPrecision: REAL [In] = 0.001; eAlgorithm: ETcVnEdgeDetectionAlgorithm [In] = TCVN_EDA_INTERPOLATION; ipContourPoints: Reference To ITcVnContainer [In] = 0; fRangeCutoffFactor: REAL [In] = 0.135; hrPrev: HRESULT [In]
F_VN_LocateEdge,Node_F_VN_LocateEdge,registered,TC3 Vision Metrology 2D,src/sln/lib/mobject-graph-vision-pack/Nodes/Measurement/Node_F_VN_LocateEdge.TcPOU,Vision/Measurement/F_VN_LocateEdge,ETcVnEdgeDirection; ITcVnContainer; ITcVnImage; TcVnPoint2_REAL,,,,,,,ipSrcImage: ITcVnImage [In]; ipEdgePoints: Reference To ITcVnContainer [In]; aStartPoint: TcVnPoint2_REAL [InOut]; aEndPoint: TcVnPoint2_REAL [InOut]; eEdgeDirection: ETcVnEdgeDirection [In]; fMinStrength: REAL [In]; nSearchLines: UDINT [In]; hrPrev: HRESULT [In]; fAvgStrength: REAL [Out]
F_VN_LocateEdgeExp,Node_F_VN_LocateEdgeExp,registered,TC3 Vision Metrology 2D,src/sln/lib/mobject-graph-vision-pack/Nodes/Measurement/Node_F_VN_LocateEdgeExp.TcPOU,Vision/Measurement/F_VN_LocateEdgeExp,ETcVnEdgeDetectionAlgorithm; ETcVnEdgeDirection; ITcVnContainer; ITcVnImage; TcVnPoint2_REAL,,,,,,,ipSrcImage: ITcVnImage [In]; ipEdgePoints: Reference To ITcVnContainer [In]; aStartPoint: TcVnPoint2_REAL [InOut]; aEndPoint: TcVnPoint2_REAL [InOut]; eEdgeDirection: ETcVnEdgeDirection [In]; fMinStrength: REAL [In]; nSearchLines: UDINT [In]; fSearchLineDist: REAL [In] = 1; nMaxThickness: UDINT [In] = 10; nSubpixelsIterations: UDINT [In] = 10; fApproxPrecision: REAL [In] = 0.001; eAlgorithm: ETcVnEdgeDetectionAlgorithm [In] = TCVN_EDA_INTERPOLATION; hrPrev: HRESULT [In]; fAvgStrength: REAL [Out]
F_VN_LocateEdgeExp2,Node_F_VN_LocateEdgeExp2,missing,TC3 Vision Metrology 2D,,,ETcVnEdgeDetectionAlgorithm; ETcVnEdgeDirection; ITcVnContainer; ITcVnImage; TcVnPoint2_REAL,,,,,,,ipSrcImage: ITcVnImage [In]; ipEdgePoints: Reference To ITcVnContainer [In]; aStartPoint: TcVnPoint2_REAL [InOut]; aEndPoint: TcVnPoint2_REAL [InOut]; eEdgeDirection: ETcVnEdgeDirection [In]; fMinStrength: REAL [In]; nSearchLines: UDINT [In]; fSearchLineDist: REAL [In] = 1; nMaxThickness: UDINT [In] = 10; nSubpixelsIterations: UDINT [In] = 10; fApproxPrecision: REAL [In] = 0.001; eAlgorithm: ETcVnEdgeDetectionAlgorithm [In] = TCVN_EDA_INTERPOLATION; fRangeCutoffFactor: REAL [In] = 0.135; ipEdgeStrengths: Reference To ITcVnContainer [In] = 0; hrPrev: HRESULT [In]; fAvgStrength: REAL [Out]
F_VN_LocateEdges,Node_F_VN_LocateEdges,registered,TC3 Vision Metrology 2D,src/sln/lib/mobject-graph-vision-pack/Nodes/Measurement/Node_F_VN_LocateEdges.TcPOU,Vision/Measurement/F_VN_LocateEdges,ETcVnEdgeDirection; ITcVnContainer; ITcVnImage; TcVnPoint2_REAL,,,,,,,ipSrcImage: ITcVnImage [In]; ipEdgePoints: Reference To ITcVnContainer [In]; aStartPoint: TcVnPoint2_REAL [InOut]; aEndPoint: TcVnPoint2_REAL [InOut]; nNumEdges: UDINT [In]; eEdgeDirection: ETcVnEdgeDirection [In]; bAlternateDirection: BOOL [In]; fMinStrength: REAL [In]; nSearchLines: UDINT [In]; hrPrev: HRESULT [In]; fAvgStrength: REAL [Out]
F_VN_LocateEdgesExp,Node_F_VN_LocateEdgesExp,registered,TC3 Vision Metrology 2D,src/sln/lib/mobject-graph-vision-pack/Nodes/Measurement/Node_F_VN_LocateEdgesExp.TcPOU,Vision/Measurement/F_VN_LocateEdgesExp,ETcVnEdgeDetectionAlgorithm; ETcVnEdgeDirection; ITcVnContainer; ITcVnImage; TcVnPoint2_REAL,,,,,,,ipSrcImage: ITcVnImage [In]; ipEdgePoints: Reference To ITcVnContainer [In]; aStartPoint: TcVnPoint2_REAL [InOut]; aEndPoint: TcVnPoint2_REAL [InOut]; nNumEdges: UDINT [In]; eEdgeDirection: ETcVnEdgeDirection [In]; bAlternateDirection: BOOL [In]; fMinStrength: REAL [In]; nSearchLines: UDINT [In]; fSearchLineDist: REAL [In] = 1; nMaxThickness: UDINT [In] = 10; nSubpixelsIterations: UDINT [In] = 10; fApproxPrecision: REAL [In] = 0.001; eAlgorithm: ETcVnEdgeDetectionAlgorithm [In] = TCVN_EDA_INTERPOLATION; hrPrev: HRESULT [In]; fAvgStrength: REAL [Out]
F_VN_LocateEdgesExp2,Node_F_VN_LocateEdgesExp2,missing,TC3 Vision Metrology 2D,,,ETcVnEdgeDetectionAlgorithm; ETcVnEdgeDirection; ITcVnContainer; ITcVnImage; TcVnPoint2_REAL,,,,,,,ipSrcImage: ITcVnImage [In]; ipEdgePoints: Reference To ITcVnContainer [In]; aStartPoint: TcVnPoint2_REAL [InOut]; aEndPoint: TcVnPoint2_REAL [InOut]; nNumEdges: UDINT [In]; eEdgeDirection: ETcVnEdgeDirection [In]; bAlternateDirection: BOOL [In]; fMinStrength: REAL [In]; nSearchLines: UDINT [In]; fSearchLineDist: REAL [In] = 1; nMaxThickness: UDINT [In] = 10; nSubpixelsIterations: UDINT [In] = 10; fApproxPrecision: REAL [In] = 0.001; eAlgorithm: ETcVnEdgeDetectionAlgorithm [In] = TCVN_EDA_INTERPOLATION; fRangeCutoffFactor: REAL [In] = 0.135; ipEdgeStrengths: Reference To ITcVnContainer [In] = 0; bAvgEdgeStrengths: BOOL [In] = FALSE; hrPrev: HRESULT [In]; fAvgStrength: REAL [Out]
F_VN_LocateEllipse,Node_F_VN_LocateEllipse,registered,TC3 Vision Metrology 2D,src/sln/lib/mobject-graph-vision-pack/Nodes/Measurement/Node_F_VN_LocateEllipse.TcPOU,Vision/Measurement/F_VN_LocateEllipse,ETcVnEdgeDirection; ITcVnImage; TcVnPoint2_REAL; TcVnRotatedRectangle,,,,,,,ipSrcImage: ITcVnImage [In]; stEllipse: TcVnRotatedRectangle [InOut]; aCenter: TcVnPoint2_REAL [InOut]; fSearchRadius: REAL [In]; eEdgeDirection: ETcVnEdgeDirection [In]; fMinStrength: REAL [In]; hrPrev: HRESULT [In]
F_VN_LocateEllipseExp,Node_F_VN_LocateEllipseExp,registered,TC3 Vision Metrology 2D,src/sln/lib/mobject-graph-vision-pack/Nodes/Measurement/Node_F_VN_LocateEllipseExp.TcPOU,Vision/Measurement/F_VN_LocateEllipseExp,ETcVnEdgeDetectionAlgorithm; ETcVnEdgeDirection; ITcVnContainer; ITcVnImage; TcVnPoint2_REAL; TcVnRotatedRectangle,,,,,,,ipSrcImage: ITcVnImage [In]; stEllipse: TcVnRotatedRectangle [InOut]; aCenter: TcVnPoint2_REAL [InOut]; fSearchRadius: REAL [In]; eEdgeDirection: ETcVnEdgeDirection [In]; fMinStrength: REAL [In]; nMaxThickness: UDINT [In] = 10; bInvertSearchDirection: BOOL [In] = FALSE; fMinSearchRadius: REAL [In] = 0; nSubpixelsIterations: UDINT [In] = 10; nSearchLines: UDINT [In] = 92; fApproxPrecision: REAL [In] = 0.001; eAlgorithm: ETcVnEdgeDetectionAlgorithm [In] = TCVN_EDA_INTERPOLATION; ipContourPoints: Reference To ITcVnContainer [In] = 0; hrPrev: HRESULT [In]
F_VN_LocateEllipseExp2,Node_F_VN_LocateEllipseExp2,missing,TC3 Vision Metrology 2D,,,ETcVnEdgeDetectionAlgorithm; ETcVnEdgeDirection; ITcVnContainer; ITcVnImage; TcVnPoint2_REAL; TcVnRotatedRectangle,,,,,,,ipSrcImage: ITcVnImage [In]; stEllipse: TcVnRotatedRectangle [InOut]; aCenter: TcVnPoint2_REAL [InOut]; fSearchRadius: REAL [In]; eEdgeDirection: ETcVnEdgeDirection [In]; fMinStrength: REAL [In]; nMaxThickness: UDINT [In] = 10; bInvertSearchDirection: BOOL [In] = FALSE; fMinSearchRadius: REAL [In] = 0; nSubpixelsIterations: UDINT [In] = 10; nSearchLines: UDINT [In] = 92; fApproxPrecision: REAL [In] = 0.001; eAlgorithm: ETcVnEdgeDetectionAlgorithm [In] = TCVN_EDA_INTERPOLATION; ipContourPoints: Reference To ITcVnContainer [In] = 0; fRangeCutoffFactor: REAL [In] = 0.135; hrPrev: HRESULT [In]
F_VN_MatchContours,Node_F_VN_MatchContours,registered,TC3 Vision Matching,src/sln/lib/mobject-graph-vision-pack/Nodes/Contour Analysis/Node_F_VN_MatchContours.TcPOU,Vision/Contour Analysis/F_VN_MatchContours,ETcVnContoursMatchComparisonMethod; ITcVnContainer,,,,,,,ipContour1: ITcVnContainer [In]; ipContour2: ITcVnContainer [In]; eComparisonMethod: ETcVnContoursMatchComparisonMethod [In]; fDissimilarity: LREAL [InOut]; hrPrev: HRESULT [In]
F_VN_MatchContours1vsN,Node_F_VN_MatchContours1vsN,registered,TC3 Vision Matching,src/sln/lib/mobject-graph-vision-pack/Nodes/Contour Analysis/Node_F_VN_MatchContours1vsN.TcPOU,Vision/Contour Analysis/F_VN_MatchContours1vsN,ETcVnContoursMatchComparisonMethod; ITcVnContainer,,,,,,,ipRefContour: ITcVnContainer [In]; ipContours: ITcVnContainer [In]; ipMatchIndexes: Reference To ITcVnContainer [In]; ipDissimilarities: Reference To ITcVnContainer [In]; fDissimilarityThreshold: LREAL [In]; eComparisonMethod: ETcVnContoursMatchComparisonMethod [In]; hrPrev: HRESULT [In]
F_VN_MatchContours1vsNExp,Node_F_VN_MatchContours1vsNExp,registered,TC3 Vision Matching,src/sln/lib/mobject-graph-vision-pack/Nodes/Contour Analysis/Node_F_VN_MatchContours1vsNExp.TcPOU,Vision/Contour Analysis/F_VN_MatchContours1vsNExp,ETcVnContoursMatchComparisonMethod; ITcVnContainer,,,,,,,ipRefContour: ITcVnContainer [In]; ipContours: ITcVnContainer [In]; ipMatchIndexes: Reference To ITcVnContainer [In]; ipDissimilarities: Reference To ITcVnContainer [In]; fDissimilarityThreshold: LREAL [In]; eComparisonMethod: ETcVnContoursMatchComparisonMethod [In]; fAreaFactor: LREAL [In] = 0; fAbsPositionFactor: LREAL [In] = 0; hrPrev: HRESULT [In]
F_VN_MatchContoursExp,Node_F_VN_MatchContoursExp,registered,TC3 Vision Matching,src/sln/lib/mobject-graph-vision-pack/Nodes/Contour Analysis/Node_F_VN_MatchContoursExp.TcPOU,Vision/Contour Analysis/F_VN_MatchContoursExp,ETcVnContoursMatchComparisonMethod; ITcVnContainer,,,,,,,ipContour1: ITcVnContainer [In]; ipContour2: ITcVnContainer [In]; eComparisonMethod: ETcVnContoursMatchComparisonMethod [In]; fDissimilarity: LREAL [InOut]; fAreaFactor: LREAL [In] = 0; fAbsPositionFactor: LREAL [In] = 0; fRelPositionFactor: LREAL [In] = 0; fNumDiffFactor: LREAL [In] = 0; hrPrev: HRESULT [In]
F_VN_MatchDescriptorsBF,Node_F_VN_MatchDescriptorsBF,registered,TC3 Vision Matching,src/sln/lib/mobject-graph-vision-pack/Nodes/Keypoint Features/Node_F_VN_MatchDescriptorsBF.TcPOU,Vision/Keypoint Features/F_VN_MatchDescriptorsBF,ITcVnContainer; ITcVnImage,,,,,,,ipQueryDescriptors: ITcVnImage [In]; ipTrainDescriptors: ITcVnImage [In]; ipMatches: Reference To ITcVnContainer [In]; hrPrev: HRESULT [In]
F_VN_MatchDescriptorsBFExp,Node_F_VN_MatchDescriptorsBFExp,registered,TC3 Vision Matching,src/sln/lib/mobject-graph-vision-pack/Nodes/Keypoint Features/Node_F_VN_MatchDescriptorsBFExp.TcPOU,Vision/Keypoint Features/F_VN_MatchDescriptorsBFExp,ETcVnNormalizationType; ITcVnContainer; ITcVnImage,,,,,,,ipQueryDescriptors: ITcVnImage [In]; ipTrainDescriptors: ITcVnImage [In]; ipMatches: Reference To ITcVnContainer [In]; ipMask: ITcVnImage [In] = 0; eNormType: ETcVnNormalizationType [In] = TCVN_NT_L2; bCrossCheck: BOOL [In] = FALSE; hrPrev: HRESULT [In]
F_VN_MatchDescriptorsFlannLsh,Node_F_VN_MatchDescriptorsFlannLsh,registered,TC3 Vision Matching,src/sln/lib/mobject-graph-vision-pack/Nodes/Keypoint Features/Node_F_VN_MatchDescriptorsFlannLsh.TcPOU,Vision/Keypoint Features/F_VN_MatchDescriptorsFlannLsh,ITcVnContainer; ITcVnImage,,,,,,,ipQueryDescriptors: ITcVnImage [In]; ipTrainDescriptors: ITcVnImage [In]; ipMatches: Reference To ITcVnContainer [In]; hrPrev: HRESULT [In]
F_VN_MatchDescriptorsFlannLshExp,Node_F_VN_MatchDescriptorsFlannLshExp,registered,TC3 Vision Matching,src/sln/lib/mobject-graph-vision-pack/Nodes/Keypoint Features/Node_F_VN_MatchDescriptorsFlannLshExp.TcPOU,Vision/Keypoint Features/F_VN_MatchDescriptorsFlannLshExp,ITcVnContainer; ITcVnImage,,,,,,,ipQueryDescriptors: ITcVnImage [In]; ipTrainDescriptors: ITcVnImage [In]; ipMatches: Reference To ITcVnContainer [In]; nTableNumber: UDINT [In] = 12; nKeySize: UDINT [In] = 20; nMultiProbeLevel: UDINT [In] = 2; nChecks: UDINT [In] = 32; hrPrev: HRESULT [In]
F_VN_MatchDescriptorsKnnBF,Node_F_VN_MatchDescriptorsKnnBF,registered,TC3 Vision Matching,src/sln/lib/mobject-graph-vision-pack/Nodes/Keypoint Features/Node_F_VN_MatchDescriptorsKnnBF.TcPOU,Vision/Keypoint Features/F_VN_MatchDescriptorsKnnBF,ITcVnContainer; ITcVnImage,,,,,,,ipQueryDescriptors: ITcVnImage [In]; ipTrainDescriptors: ITcVnImage [In]; ipMatches: Reference To ITcVnContainer [In]; nK: UDINT [In]; hrPrev: HRESULT [In]
F_VN_MatchDescriptorsKnnBFExp,Node_F_VN_MatchDescriptorsKnnBFExp,registered,TC3 Vision Matching,src/sln/lib/mobject-graph-vision-pack/Nodes/Keypoint Features/Node_F_VN_MatchDescriptorsKnnBFExp.TcPOU,Vision/Keypoint Features/F_VN_MatchDescriptorsKnnBFExp,ETcVnNormalizationType; ITcVnContainer; ITcVnImage,,,,,,,ipQueryDescriptors: ITcVnImage [In]; ipTrainDescriptors: ITcVnImage [In]; ipMatches: Reference To ITcVnContainer [In]; nK: UDINT [In]; ipMask: ITcVnImage [In] = 0; bCompactResult: BOOL [In] = FALSE; eNormType: ETcVnNormalizationType [In] = TCVN_NT_L2; bCrossCheck: BOOL [In] = FALSE; hrPrev: HRESULT [In]
F_VN_MatchDescriptorsKnnFlannLsh,Node_F_VN_MatchDescriptorsKnnFlannLsh,registered,TC3 Vision Matching,src/sln/lib/mobject-graph-vision-pack/Nodes/Keypoint Features/Node_F_VN_MatchDescriptorsKnnFlannLsh.TcPOU,Vision/Keypoint Features/F_VN_MatchDescriptorsKnnFlannLsh,ITcVnContainer; ITcVnImage,,,,,,,ipQueryDescriptors: ITcVnImage [In]; ipTrainDescriptors: ITcVnImage [In]; ipMatches: Reference To ITcVnContainer [In]; nK: UDINT [In]; hrPrev: HRESULT [In]
F_VN_MatchDescriptorsKnnFlannLshExp,Node_F_VN_MatchDescriptorsKnnFlannLshExp,registered,TC3 Vision Matching,src/sln/lib/mobject-graph-vision-pack/Nodes/Keypoint Features/Node_F_VN_MatchDescriptorsKnnFlannLshExp.TcPOU,Vision/Keypoint Features/F_VN_MatchDescriptorsKnnFlannLshExp,ITcVnContainer; ITcVnImage,,,,,,,ipQueryDescriptors: ITcVnImage [In]; ipTrainDescriptors: ITcVnImage [In]; ipMatches: Reference To ITcVnContainer [In]; nK: UDINT [In]; nTableNumber: UDINT [In] = 12; nKeySize: UDINT [In] = 20; nMultiProbeLevel: UDINT [In] = 2; nChecks: UDINT [In] = 32; hrPrev: HRESULT [In]
F_VN_MatchImageHuMoments,Node_F_VN_MatchImageHuMoments,registered,TC3 Vision Matching,src/sln/lib/mobject-graph-vision-pack/Nodes/Image Analysis/Object Detection/Node_F_VN_MatchImageHuMoments.TcPOU,Vision/Image Analysis/Object Detection/F_VN_MatchImageHuMoments,ETcVnContoursMatchComparisonMethod; ITcVnImage,,,,,,,ipImage1: ITcVnImage [In]; ipImage2: ITcVnImage [In]; eComparisonMethod: ETcVnContoursMatchComparisonMethod [In]; fDissimilarity: LREAL [InOut]; hrPrev: HRESULT [In]
F_VN_MatchTemplate,Node_F_VN_MatchTemplate,registered,TC3 Vision Matching,src/sln/lib/mobject-graph-vision-pack/Nodes/Image Analysis/Object Detection/Node_F_VN_MatchTemplate.TcPOU,Vision/Image Analysis/Object Detection/F_VN_MatchTemplate,ITcVnImage,,,,,,,ipSrcImage: ITcVnImage [In]; ipTemplateImage: ITcVnImage [In]; ipResultImage: Reference To ITcVnImage [In]; hrPrev: HRESULT [In]
F_VN_MatchTemplateAndEvaluate,Node_F_VN_MatchTemplateAndEvaluate,registered,TC3 Vision Matching,src/sln/lib/mobject-graph-vision-pack/Nodes/Image Analysis/Object Detection/Node_F_VN_MatchTemplateAndEvaluate.TcPOU,Vision/Image Analysis/Object Detection/F_VN_MatchTemplateAndEvaluate,ITcVnContainer; ITcVnImage,,,,,,,ipSrcImage: ITcVnImage [In]; ipTemplateImage: ITcVnImage [In]; ipMatches: Reference To ITcVnContainer [In]; fMatchThreshold: REAL [In]; hrPrev: HRESULT [In]
F_VN_MatchTemplateAndEvaluateExp,Node_F_VN_MatchTemplateAndEvaluateExp,registered,TC3 Vision Matching,src/sln/lib/mobject-graph-vision-pack/Nodes/Image Analysis/Object Detection/Node_F_VN_MatchTemplateAndEvaluateExp.TcPOU,Vision/Image Analysis/Object Detection/F_VN_MatchTemplateAndEvaluateExp,ETcVnInterpolationType; ETcVnTemplateMatchMethod; ITcVnContainer; ITcVnImage,,,,,,,ipSrcImage: ITcVnImage [In]; ipTemplateImage: ITcVnImage [In]; ipMatches: Reference To ITcVnContainer [In]; fMatchThreshold: REAL [In]; eMatchMethod: ETcVnTemplateMatchMethod [In] = TCVN_TMM_CCORR_NORMED; ipTemplateMask: ITcVnImage [In] = 0; fScaleFactor: REAL [In] = 1; eInterpolationType: ETcVnInterpolationType [In] = TCVN_IT_BILINEAR; ipMatchValues: Reference To ITcVnContainer [In] = 0; hrPrev: HRESULT [In]
F_VN_MatchTemplateExp,Node_F_VN_MatchTemplateExp,registered,TC3 Vision Matching,src/sln/lib/mobject-graph-vision-pack/Nodes/Image Analysis/Object Detection/Node_F_VN_MatchTemplateExp.TcPOU,Vision/Image Analysis/Object Detection/F_VN_MatchTemplateExp,ETcVnTemplateMatchMethod; ITcVnImage,,,,,,,ipSrcImage: ITcVnImage [In]; ipTemplateImage: ITcVnImage [In]; ipResultImage: Reference To ITcVnImage [In]; eMatchMethod: ETcVnTemplateMatchMethod [In] = TCVN_TMM_CCORR_NORMED; ipTemplateMask: ITcVnImage [In] = 0; hrPrev: HRESULT [In]
F_VN_MatchTemplateWalsh,Node_F_VN_MatchTemplateWalsh,registered,TC3 Vision Matching,src/sln/lib/mobject-graph-vision-pack/Nodes/Image Analysis/Object Detection/Node_F_VN_MatchTemplateWalsh.TcPOU,Vision/Image Analysis/Object Detection/F_VN_MatchTemplateWalsh,ITcVnImage,,,,,,,ipSrcImage: ITcVnImage [In]; ipTemplateImage: ITcVnImage [In]; ipResultImage: Reference To ITcVnImage [In]; nProjections: UDINT [In]; hrPrev: HRESULT [In]
F_VN_MatchTemplateWalshExp,Node_F_VN_MatchTemplateWalshExp,registered,TC3 Vision Matching,src/sln/lib/mobject-graph-vision-pack/Nodes/Image Analysis/Object Detection/Node_F_VN_MatchTemplateWalshExp.TcPOU,Vision/Image Analysis/Object Detection/F_VN_MatchTemplateWalshExp,ITcVnImage,,,,,,,ipSrcImage: ITcVnImage [In]; ipTemplateImage: ITcVnImage [In]; ipResultImage: Reference To ITcVnImage [In]; nProjections: UDINT [In]; eOptions: UDINT [In] = TCVN_MTWO_NONE; nRotations: UDINT [In] = 1; hrPrev: HRESULT [In]
F_VN_MaxContainer,Node_F_VN_MaxContainer,registered,TC3 Vision Base,src/sln/lib/mobject-graph-vision-pack/Nodes/Algebraic Container Ops/Node_F_VN_MaxContainer.TcPOU,Vision/Algebraic Container Operations/F_VN_MaxContainer,ITcVnContainer,,,,,,,ipSrcContainer1: ITcVnContainer [In]; ipSrcContainer2: ITcVnContainer [In]; ipDestContainer: Reference To ITcVnContainer [In]; hrPrev: HRESULT [In]
F_VN_MaxElement,Node_F_VN_MaxElement,registered,TC3 Vision Base,src/sln/lib/mobject-graph-vision-pack/Nodes/Container Statistics/Node_F_VN_MaxElement.TcPOU,Vision/Container Statistics/F_VN_MaxElement,ITcVnBidirectionalIterator; ITcVnContainer,ITcVnBidirectionalIterator,,,,,,ipSrcContainer: ITcVnContainer [In]; ipDestIterator: Reference To ITcVnBidirectionalIterator [In]; nIndex: ULINT [InOut]; hrPrev: HRESULT [In]
F_VN_MaxElementElementwise_DINT,Node_F_VN_MaxElementElementwise_DINT,registered,TC3 Vision Base,src/sln/lib/mobject-graph-vision-pack/Nodes/Container Statistics/MaxElementwise/Node_F_VN_MaxElementElementwise_DINT.TcPOU,Vision/Container Statistics/F_VN_MaxElementElementwise/F_VN_MaxElementElementwise_DINT,ITcVnContainer,,,,,,,ipContainer: ITcVnContainer [In]; nMax: DINT [InOut]; hrPrev: HRESULT [In]
F_VN_MaxElementElementwise_INT,Node_F_VN_MaxElementElementwise_INT,registered,TC3 Vision Base,src/sln/lib/mobject-graph-vision-pack/Nodes/Container Statistics/MaxElementwise/Node_F_VN_MaxElementElementwise_INT.TcPOU,Vision/Container Statistics/F_VN_MaxElementElementwise/F_VN_MaxElementElementwise_INT,ITcVnContainer,,,,,,,ipContainer: ITcVnContainer [In]; nMax: INT [InOut]; hrPrev: HRESULT [In]
F_VN_MaxElementElementwise_LREAL,Node_F_VN_MaxElementElementwise_LREAL,registered,TC3 Vision Base,src/sln/lib/mobject-graph-vision-pack/Nodes/Container Statistics/MaxElementwise/Node_F_VN_MaxElementElementwise_LREAL.TcPOU,Vision/Container Statistics/F_VN_MaxElementElementwise/F_VN_MaxElementElementwise_LREAL,ITcVnContainer,,,,,,,ipContainer: ITcVnContainer [In]; fMax: LREAL [InOut]; hrPrev: HRESULT [In]
F_VN_MaxElementElementwise_REAL,Node_F_VN_MaxElementElementwise_REAL,registered,TC3 Vision Base,src/sln/lib/mobject-graph-vision-pack/Nodes/Container Statistics/MaxElementwise/Node_F_VN_MaxElementElementwise_REAL.TcPOU,Vision/Container Statistics/F_VN_MaxElementElementwise/F_VN_MaxElementElementwise_REAL,ITcVnContainer,,,,,,,ipContainer: ITcVnContainer [In]; fMax: REAL [InOut]; hrPrev: HRESULT [In]
F_VN_MaxElementElementwise_SINT,Node_F_VN_MaxElementElementwise_SINT,registered,TC3 Vision Base,src/sln/lib/mobject-graph-vision-pack/Nodes/Container Statistics/MaxElementwise/Node_F_VN_MaxElementElementwise_SINT.TcPOU,Vision/Container Statistics/F_VN_MaxElementElementwise/F_VN_MaxElementElementwise_SINT,ITcVnContainer,,,,,,,ipContainer: ITcVnContainer [In]; nMax: SINT [InOut]; hrPrev: HRESULT [In]
F_VN_MaxElementElementwise_TcVnPoint2_DINT,Node_F_VN_MaxElementElementwise_TcVnPoint2_DINT,registered,TC3 Vision Base,src/sln/lib/mobject-graph-vision-pack/Nodes/Container Statistics/MaxElementwise/Node_F_VN_MaxElementElementwise_TcVnPoint2_DINT.TcPOU,Vision/Container Statistics/F_VN_MaxElementElementwise/F_VN_MaxElementElementwise_TcVnPoint2_DINT,ITcVnContainer; TcVnPoint2_DINT,,,,,,,ipContainer: ITcVnContainer [In]; aMax: TcVnPoint2_DINT [InOut]; hrPrev: HRESULT [In]
F_VN_MaxElementElementwise_TcVnPoint2_LREAL,Node_F_VN_MaxElementElementwise_TcVnPoint2_LREAL,registered,TC3 Vision Base,src/sln/lib/mobject-graph-vision-pack/Nodes/Container Statistics/MaxElementwise/Node_F_VN_MaxElementElementwise_TcVnPoint2_LREAL.TcPOU,Vision/Container Statistics/F_VN_MaxElementElementwise/F_VN_MaxElementElementwise_TcVnPoint2_LREAL,ITcVnContainer; TcVnPoint2_LREAL,,,,,,,ipContainer: ITcVnContainer [In]; aMax: TcVnPoint2_LREAL [InOut]; hrPrev: HRESULT [In]
F_VN_MaxElementElementwise_TcVnPoint2_REAL,Node_F_VN_MaxElementElementwise_TcVnPoint2_REAL,registered,TC3 Vision Base,src/sln/lib/mobject-graph-vision-pack/Nodes/Container Statistics/MaxElementwise/Node_F_VN_MaxElementElementwise_TcVnPoint2_REAL.TcPOU,Vision/Container Statistics/F_VN_MaxElementElementwise/F_VN_MaxElementElementwise_TcVnPoint2_REAL,ITcVnContainer; TcVnPoint2_REAL,,,,,,,ipContainer: ITcVnContainer [In]; aMax: TcVnPoint2_REAL [InOut]; hrPrev: HRESULT [In]
F_VN_MaxElementElementwise_TcVnPoint3_LREAL,Node_F_VN_MaxElementElementwise_TcVnPoint3_LREAL,registered,TC3 Vision Base,src/sln/lib/mobject-graph-vision-pack/Nodes/Container Statistics/MaxElementwise/Node_F_VN_MaxElementElementwise_TcVnPoint3_LREAL.TcPOU,Vision/Container Statistics/F_VN_MaxElementElementwise/F_VN_MaxElementElementwise_TcVnPoint3_LREAL,ITcVnContainer; TcVnPoint3_LREAL,,,,,,,ipContainer: ITcVnContainer [In]; aMax: TcVnPoint3_LREAL [InOut]; hrPrev: HRESULT [In]
F_VN_MaxElementElementwise_TcVnPoint3_REAL,Node_F_VN_MaxElementElementwise_TcVnPoint3_REAL,registered,TC3 Vision Base,src/sln/lib/mobject-graph-vision-pack/Nodes/Container Statistics/MaxElementwise/Node_F_VN_MaxElementElementwise_TcVnPoint3_REAL.TcPOU,Vision/Container Statistics/F_VN_MaxElementElementwise/F_VN_MaxElementElementwise_TcVnPoint3_REAL,ITcVnContainer; TcVnPoint3_REAL,,,,,,,ipContainer: ITcVnContainer [In]; aMax: TcVnPoint3_REAL [InOut]; hrPrev: HRESULT [In]
F_VN_MaxElementElementwise_TcVnVector2_DINT,Node_F_VN_MaxElementElementwise_TcVnVector2_DINT,registered,TC3 Vision Base,src/sln/lib/mobject-graph-vision-pack/Nodes/Container Statistics/MaxElementwise/Node_F_VN_MaxElementElementwise_TcVnVector2_DINT.TcPOU,Vision/Container Statistics/F_VN_MaxElementElementwise/F_VN_MaxElementElementwise_TcVnVector2_DINT,ITcVnContainer; TcVnVector2_DINT,,,,,,,ipContainer: ITcVnContainer [In]; aMax: TcVnVector2_DINT [InOut]; hrPrev: HRESULT [In]
F_VN_MaxElementElementwise_TcVnVector2_INT,Node_F_VN_MaxElementElementwise_TcVnVector2_INT,registered,TC3 Vision Base,src/sln/lib/mobject-graph-vision-pack/Nodes/Container Statistics/MaxElementwise/Node_F_VN_MaxElementElementwise_TcVnVector2_INT.TcPOU,Vision/Container Statistics/F_VN_MaxElementElementwise/F_VN_MaxElementElementwise_TcVnVector2_INT,ITcVnContainer; TcVnVector2_INT,,,,,,,ipContainer: ITcVnContainer [In]; aMax: TcVnVector2_INT [InOut]; hrPrev: HRESULT [In]
F_VN_MaxElementElementwise_TcVnVector2_REAL,Node_F_VN_MaxElementElementwise_TcVnVector2_REAL,registered,TC3 Vision Base,src/sln/lib/mobject-graph-vision-pack/Nodes/Container Statistics/MaxElementwise/Node_F_VN_MaxElementElementwise_TcVnVector2_REAL.TcPOU,Vision/Container Statistics/F_VN_MaxElementElementwise/F_VN_MaxElementElementwise_TcVnVector2_REAL,ITcVnContainer; TcVnVector2_REAL,,,,,,,ipContainer: ITcVnContainer [In]; aMax: TcVnVector2_REAL [InOut]; hrPrev: HRESULT [In]
F_VN_MaxElementElementwise_TcVnVector2_SINT,Node_F_VN_MaxElementElementwise_TcVnVector2_SINT,registered,TC3 Vision Base,src/sln/lib/mobject-graph-vision-pack/Nodes/Container Statistics/MaxElementwise/Node_F_VN_MaxElementElementwise_TcVnVector2_SINT.TcPOU,Vision/Container Statistics/F_VN_MaxElementElementwise/F_VN_MaxElementElementwise_TcVnVector2_SINT,ITcVnContainer; TcVnVector2_SINT,,,,,,,ipContainer: ITcVnContainer [In]; aMax: TcVnVector2_SINT [InOut]; hrPrev: HRESULT [In]
F_VN_MaxElementElementwise_TcVnVector2_UINT,Node_F_VN_MaxElementElementwise_TcVnVector2_UINT,registered,TC3 Vision Base,src/sln/lib/mobject-graph-vision-pack/Nodes/Container Statistics/MaxElementwise/Node_F_VN_MaxElementElementwise_TcVnVector2_UINT.TcPOU,Vision/Container Statistics/F_VN_MaxElementElementwise/F_VN_MaxElementElementwise_TcVnVector2_UINT,ITcVnContainer; TcVnVector2_UINT,,,,,,,ipContainer: ITcVnContainer [In]; aMax: TcVnVector2_UINT [InOut]; hrPrev: HRESULT [In]
F_VN_MaxElementElementwise_TcVnVector2_USINT,Node_F_VN_MaxElementElementwise_TcVnVector2_USINT,registered,TC3 Vision Base,src/sln/lib/mobject-graph-vision-pack/Nodes/Container Statistics/MaxElementwise/Node_F_VN_MaxElementElementwise_TcVnVector2_USINT.TcPOU,Vision/Container Statistics/F_VN_MaxElementElementwise/F_VN_MaxElementElementwise_TcVnVector2_USINT,ITcVnContainer; TcVnVector2_USINT,,,,,,,ipContainer: ITcVnContainer [In]; aMax: TcVnVector2_USINT [InOut]; hrPrev: HRESULT [In]
F_VN_MaxElementElementwise_TcVnVector3_INT,Node_F_VN_MaxElementElementwise_TcVnVector3_INT,registered,TC3 Vision Base,src/sln/lib/mobject-graph-vision-pack/Nodes/Container Statistics/MaxElementwise/Node_F_VN_MaxElementElementwise_TcVnVector3_INT.TcPOU,Vision/Container Statistics/F_VN_MaxElementElementwise/F_VN_MaxElementElementwise_TcVnVector3_INT,ITcVnContainer; TcVnVector3_INT,,,,,,,ipContainer: ITcVnContainer [In]; aMax: TcVnVector3_INT [InOut]; hrPrev: HRESULT [In]
F_VN_MaxElementElementwise_TcVnVector3_REAL,Node_F_VN_MaxElementElementwise_TcVnVector3_REAL,registered,TC3 Vision Base,src/sln/lib/mobject-graph-vision-pack/Nodes/Container Statistics/MaxElementwise/Node_F_VN_MaxElementElementwise_TcVnVector3_REAL.TcPOU,Vision/Container Statistics/F_VN_MaxElementElementwise/F_VN_MaxElementElementwise_TcVnVector3_REAL,ITcVnContainer; TcVnVector3_REAL,,,,,,,ipContainer: ITcVnContainer [In]; aMax: TcVnVector3_REAL [InOut]; hrPrev: HRESULT [In]
F_VN_MaxElementElementwise_TcVnVector3_SINT,Node_F_VN_MaxElementElementwise_TcVnVector3_SINT,registered,TC3 Vision Base,src/sln/lib/mobject-graph-vision-pack/Nodes/Container Statistics/MaxElementwise/Node_F_VN_MaxElementElementwise_TcVnVector3_SINT.TcPOU,Vision/Container Statistics/F_VN_MaxElementElementwise/F_VN_MaxElementElementwise_TcVnVector3_SINT,ITcVnContainer; TcVnVector3_SINT,,,,,,,ipContainer: ITcVnContainer [In]; aMax: TcVnVector3_SINT [InOut]; hrPrev: HRESULT [In]
F_VN_MaxElementElementwise_TcVnVector3_UINT,Node_F_VN_MaxElementElementwise_TcVnVector3_UINT,registered,TC3 Vision Base,src/sln/lib/mobject-graph-vision-pack/Nodes/Container Statistics/MaxElementwise/Node_F_VN_MaxElementElementwise_TcVnVector3_UINT.TcPOU,Vision/Container Statistics/F_VN_MaxElementElementwise/F_VN_MaxElementElementwise_TcVnVector3_UINT,ITcVnContainer; TcVnVector3_UINT,,,,,,,ipContainer: ITcVnContainer [In]; aMax: TcVnVector3_UINT [InOut]; hrPrev: HRESULT [In]
F_VN_MaxElementElementwise_TcVnVector3_USINT,Node_F_VN_MaxElementElementwise_TcVnVector3_USINT,registered,TC3 Vision Base,src/sln/lib/mobject-graph-vision-pack/Nodes/Container Statistics/MaxElementwise/Node_F_VN_MaxElementElementwise_TcVnVector3_USINT.TcPOU,Vision/Container Statistics/F_VN_MaxElementElementwise/F_VN_MaxElementElementwise_TcVnVector3_USINT,ITcVnContainer; TcVnVector3_USINT,,,,,,,ipContainer: ITcVnContainer [In]; aMax: TcVnVector3_USINT [InOut]; hrPrev: HRESULT [In]
F_VN_MaxElementElementwise_TcVnVector4_DINT,Node_F_VN_MaxElementElementwise_TcVnVector4_DINT,registered,TC3 Vision Base,src/sln/lib/mobject-graph-vision-pack/Nodes/Container Statistics/MaxElementwise/Node_F_VN_MaxElementElementwise_TcVnVector4_DINT.TcPOU,Vision/Container Statistics/F_VN_MaxElementElementwise/F_VN_MaxElementElementwise_TcVnVector4_DINT,ITcVnContainer; TcVnVector4_DINT,,,,,,,ipContainer: ITcVnContainer [In]; aMax: TcVnVector4_DINT [InOut]; hrPrev: HRESULT [In]
F_VN_MaxElementElementwise_TcVnVector4_INT,Node_F_VN_MaxElementElementwise_TcVnVector4_INT,registered,TC3 Vision Base,src/sln/lib/mobject-graph-vision-pack/Nodes/Container Statistics/MaxElementwise/Node_F_VN_MaxElementElementwise_TcVnVector4_INT.TcPOU,Vision/Container Statistics/F_VN_MaxElementElementwise/F_VN_MaxElementElementwise_TcVnVector4_INT,ITcVnContainer; TcVnVector4_INT,,,,,,,ipContainer: ITcVnContainer [In]; aMax: TcVnVector4_INT [InOut]; hrPrev: HRESULT [In]
F_VN_MaxElementElementwise_TcVnVector4_LREAL,Node_F_VN_MaxElementElementwise_TcVnVector4_LREAL,registered,TC3 Vision Base,src/sln/lib/mobject-graph-vision-pack/Nodes/Container Statistics/MaxElementwise/Node_F_VN_MaxElementElementwise_TcVnVector4_LREAL.TcPOU,Vision/Container Statistics/F_VN_MaxElementElementwise/F_VN_MaxElementElementwise_TcVnVector4_LREAL,ITcVnContainer; TcVnVector4_LREAL,,,,,,,ipContainer: ITcVnContainer [In]; aMax: TcVnVector4_LREAL [InOut]; hrPrev: HRESULT [In]
F_VN_MaxElementElementwise_TcVnVector4_REAL,Node_F_VN_MaxElementElementwise_TcVnVector4_REAL,registered,TC3 Vision Base,src/sln/lib/mobject-graph-vision-pack/Nodes/Container Statistics/MaxElementwise/Node_F_VN_MaxElementElementwise_TcVnVector4_REAL.TcPOU,Vision/Container Statistics/F_VN_MaxElementElementwise/F_VN_MaxElementElementwise_TcVnVector4_REAL,ITcVnContainer; TcVnVector4_REAL,,,,,,,ipContainer: ITcVnContainer [In]; aMax: TcVnVector4_REAL [InOut]; hrPrev: HRESULT [In]
F_VN_MaxElementElementwise_TcVnVector4_SINT,Node_F_VN_MaxElementElementwise_TcVnVector4_SINT,registered,TC3 Vision Base,src/sln/lib/mobject-graph-vision-pack/Nodes/Container Statistics/MaxElementwise/Node_F_VN_MaxElementElementwise_TcVnVector4_SINT.TcPOU,Vision/Container Statistics/F_VN_MaxElementElementwise/F_VN_MaxElementElementwise_TcVnVector4_SINT,ITcVnContainer; TcVnVector4_SINT,,,,,,,ipContainer: ITcVnContainer [In]; aMax: TcVnVector4_SINT [InOut]; hrPrev: HRESULT [In]
F_VN_MaxElementElementwise_TcVnVector4_UINT,Node_F_VN_MaxElementElementwise_TcVnVector4_UINT,registered,TC3 Vision Base,src/sln/lib/mobject-graph-vision-pack/Nodes/Container Statistics/MaxElementwise/Node_F_VN_MaxElementElementwise_TcVnVector4_UINT.TcPOU,Vision/Container Statistics/F_VN_MaxElementElementwise/F_VN_MaxElementElementwise_TcVnVector4_UINT,ITcVnContainer; TcVnVector4_UINT,,,,,,,ipContainer: ITcVnContainer [In]; aMax: TcVnVector4_UINT [InOut]; hrPrev: HRESULT [In]
F_VN_MaxElementElementwise_TcVnVector4_USINT,Node_F_VN_MaxElementElementwise_TcVnVector4_USINT,registered,TC3 Vision Base,src/sln/lib/mobject-graph-vision-pack/Nodes/Container Statistics/MaxElementwise/Node_F_VN_MaxElementElementwise_TcVnVector4_USINT.TcPOU,Vision/Container Statistics/F_VN_MaxElementElementwise/F_VN_MaxElementElementwise_TcVnVector4_USINT,ITcVnContainer; TcVnVector4_USINT,,,,,,,ipContainer: ITcVnContainer [In]; aMax: TcVnVector4_USINT [InOut]; hrPrev: HRESULT [In]
F_VN_MaxElementElementwise_UDINT,Node_F_VN_MaxElementElementwise_UDINT,registered,TC3 Vision Base,src/sln/lib/mobject-graph-vision-pack/Nodes/Container Statistics/MaxElementwise/Node_F_VN_MaxElementElementwise_UDINT.TcPOU,Vision/Container Statistics/F_VN_MaxElementElementwise/F_VN_MaxElementElementwise_UDINT,ITcVnContainer,,,,,,,ipContainer: ITcVnContainer [In]; nMax: UDINT [InOut]; hrPrev: HRESULT [In]
F_VN_MaxElementElementwise_UINT,Node_F_VN_MaxElementElementwise_UINT,registered,TC3 Vision Base,src/sln/lib/mobject-graph-vision-pack/Nodes/Container Statistics/MaxElementwise/Node_F_VN_MaxElementElementwise_UINT.TcPOU,Vision/Container Statistics/F_VN_MaxElementElementwise/F_VN_MaxElementElementwise_UINT,ITcVnContainer,,,,,,,ipContainer: ITcVnContainer [In]; nMax: UINT [InOut]; hrPrev: HRESULT [In]
F_VN_MaxElementElementwise_ULINT,Node_F_VN_MaxElementElementwise_ULINT,registered,TC3 Vision Base,src/sln/lib/mobject-graph-vision-pack/Nodes/Container Statistics/MaxElementwise/Node_F_VN_MaxElementElementwise_ULINT.TcPOU,Vision/Container Statistics/F_VN_MaxElementElementwise/F_VN_MaxElementElementwise_ULINT,ITcVnContainer,,,,,,,ipContainer: ITcVnContainer [In]; nMax: ULINT [InOut]; hrPrev: HRESULT [In]
F_VN_MaxElementElementwise_USINT,Node_F_VN_MaxElementElementwise_USINT,registered,TC3 Vision Base,src/sln/lib/mobject-graph-vision-pack/Nodes/Container Statistics/MaxElementwise/Node_F_VN_MaxElementElementwise_USINT.TcPOU,Vision/Container Statistics/F_VN_MaxElementElementwise/F_VN_MaxElementElementwise_USINT,ITcVnContainer,,,,,,,ipContainer: ITcVnContainer [In]; nMax: USINT [InOut]; hrPrev: HRESULT [In]
F_VN_MaxImage,Node_F_VN_MaxImage,registered,TC3 Vision Base,src/sln/lib/mobject-graph-vision-pack/Nodes/Algebraic Image Ops/Node_F_VN_MaxImage.TcPOU,Vision/Algebraic Image Operations/F_VN_MaxImage,ITcVnImage,,,,,,,ipSrcImage1: ITcVnImage [In]; ipSrcImage2: ITcVnImage [In]; ipDestImage: Reference To ITcVnImage [In]; hrPrev: HRESULT [In]
F_VN_MaxImageExp,Node_F_VN_MaxImageExp,registered,TC3 Vision Base,src/sln/lib/mobject-graph-vision-pack/Nodes/Algebraic Image Ops/Node_F_VN_MaxImageExp.TcPOU,Vision/Algebraic Image Operations/F_VN_MaxImageExp,ITcVnImage,,,,,,,ipSrcImage1: ITcVnImage [In]; ipSrcImage2: ITcVnImage [In]; ipDestImage: Reference To ITcVnImage [In]; ipMask: ITcVnImage [In]; hrPrev: HRESULT [In]
F_VN_MaxImageWithScalar,Node_F_VN_MaxImageWithScalar,registered,TC3 Vision Base,src/sln/lib/mobject-graph-vision-pack/Nodes/Algebraic Image Ops/Node_F_VN_MaxImageWithScalar.TcPOU,Vision/Algebraic Image Operations/F_VN_MaxImageWithScalar,ITcVnImage,,,,,,,fScalar: LREAL [In]; ipSrcImage: ITcVnImage [In]; ipDestImage: Reference To ITcVnImage [In]; hrPrev: HRESULT [In]
F_VN_MaxImageWithScalarExp,Node_F_VN_MaxImageWithScalarExp,registered,TC3 Vision Base,src/sln/lib/mobject-graph-vision-pack/Nodes/Algebraic Image Ops/Node_F_VN_MaxImageWithScalarExp.TcPOU,Vision/Algebraic Image Operations/F_VN_MaxImageWithScalarExp,ITcVnImage,,,,,,,fScalar: LREAL [In]; ipSrcImage: ITcVnImage [In]; ipDestImage: Reference To ITcVnImage [In]; ipMask: ITcVnImage [In]; hrPrev: HRESULT [In]
F_VN_MaxImageWithVector,Node_F_VN_MaxImageWithVector,registered,TC3 Vision Base,src/sln/lib/mobject-graph-vision-pack/Nodes/Algebraic Image Ops/Node_F_VN_MaxImageWithVector.TcPOU,Vision/Algebraic Image Operations/F_VN_MaxImageWithVector,ITcVnImage; TcVnVector4_LREAL,,,,,,,aVector: TcVnVector4_LREAL [InOut]; ipSrcImage: ITcVnImage [In]; ipDestImage: Reference To ITcVnImage [In]; hrPrev: HRESULT [In]
F_VN_MaxImageWithVectorExp,Node_F_VN_MaxImageWithVectorExp,registered,TC3 Vision Base,src/sln/lib/mobject-graph-vision-pack/Nodes/Algebraic Image Ops/Node_F_VN_MaxImageWithVectorExp.TcPOU,Vision/Algebraic Image Operations/F_VN_MaxImageWithVectorExp,ITcVnImage; TcVnVector4_LREAL,,,,,,,aVector: TcVnVector4_LREAL [InOut]; ipSrcImage: ITcVnImage [In]; ipDestImage: Reference To ITcVnImage [In]; ipMask: ITcVnImage [In]; hrPrev: HRESULT [In]
F_VN_MaxPixelValue,Node_F_VN_MaxPixelValue,registered,TC3 Vision Base,src/sln/lib/mobject-graph-vision-pack/Nodes/Image Analysis/Node_F_VN_MaxPixelValue.TcPOU,Vision/Image Analysis/F_VN_MaxPixelValue,ITcVnImage; TcVnPoint2_DINT; TcVnVector4_LREAL,,,,,,,ipImage: ITcVnImage [In]; aMaxValue: TcVnVector4_LREAL [InOut]; aPosition: TcVnPoint2_DINT [InOut]; hrPrev: HRESULT [In]
F_VN_MaxPixelValueExp,Node_F_VN_MaxPixelValueExp,registered,TC3 Vision Base,src/sln/lib/mobject-graph-vision-pack/Nodes/Image Analysis/Node_F_VN_MaxPixelValueExp.TcPOU,Vision/Image Analysis/F_VN_MaxPixelValueExp,ETcVnVectorCompareMethod; ITcVnImage; TcVnPoint2_DINT; TcVnVector4_LREAL,,,,,,,ipImage: ITcVnImage [In]; aMaxValue: TcVnVector4_LREAL [InOut]; aPosition: TcVnPoint2_DINT [InOut]; ipMask: ITcVnImage [In] = 0; eVectorCompareMethod: ETcVnVectorCompareMethod [In] = TCVN_VCM_EUCLIDEAN; hrPrev: HRESULT [In]
F_VN_MeasureAngleBetweenEdges,Node_F_VN_MeasureAngleBetweenEdges,registered,TC3 Vision Metrology 2D,src/sln/lib/mobject-graph-vision-pack/Nodes/Measurement/Node_F_VN_MeasureAngleBetweenEdges.TcPOU,Vision/Measurement/F_VN_MeasureAngleBetweenEdges,ETcVnEdgeDirection; ITcVnImage; TcVnPoint2_REAL,,,,,,,ipSrcImage: ITcVnImage [In]; fAngle: REAL [InOut]; aInnerPoint: TcVnPoint2_REAL [InOut]; aOuterPoint1: TcVnPoint2_REAL [InOut]; aOuterPoint2: TcVnPoint2_REAL [InOut]; eEdgeDirection: ETcVnEdgeDirection [In]; fMinStrength: REAL [In]; nSearchLines: UDINT [In]; hrPrev: HRESULT [In]
F_VN_MeasureAngleBetweenEdgesExp,Node_F_VN_MeasureAngleBetweenEdgesExp,missing,TC3 Vision Metrology 2D,,,ETcVnEdgeDetectionAlgorithm; ETcVnEdgeDirection; ITcVnContainer; ITcVnImage; TcVnPoint2_REAL,,,,,,,ipSrcImage: ITcVnImage [In]; fAngle: REAL [InOut]; aInnerPoint: TcVnPoint2_REAL [InOut]; aOuterPoint1: TcVnPoint2_REAL [InOut]; aOuterPoint2: TcVnPoint2_REAL [InOut]; eEdgeDirection: ETcVnEdgeDirection [In]; fMinStrength: REAL [In]; nSearchLines: UDINT [In]; fSearchLineDist: REAL [In] = 1; nMaxThickness: UDINT [In] = 10; bInvertSearchDirection: BOOL [In] = FALSE; nSubpixelsIterations: UDINT [In] = 10; bAngleInDegrees: BOOL [In] = FALSE; fApproxPrecision: REAL [In] = 0.001; eAlgorithm: ETcVnEdgeDetectionAlgorithm [In] = TCVN_EDA_INTERPOLATION; ipEdgePoints1: Reference To ITcVnContainer [In] = 0; ipEdgePoints2: Reference To ITcVnContainer [In] = 0; hrPrev: HRESULT [In]
F_VN_MeasureAngleBetweenEdgesExp2,Node_F_VN_MeasureAngleBetweenEdgesExp2,missing,TC3 Vision Metrology 2D,,,ETcVnEdgeDetectionAlgorithm; ETcVnEdgeDirection; ITcVnContainer; ITcVnImage; TcVnPoint2_REAL,,,,,,,ipSrcImage: ITcVnImage [In]; fAngle: REAL [InOut]; aInnerPoint: TcVnPoint2_REAL [InOut]; aOuterPoint1: TcVnPoint2_REAL [InOut]; aOuterPoint2: TcVnPoint2_REAL [InOut]; eEdgeDirection: ETcVnEdgeDirection [In]; fMinStrength: REAL [In]; nSearchLines: UDINT [In]; fSearchLineDist: REAL [In] = 1; nMaxThickness: UDINT [In] = 10; bInvertSearchDirection: BOOL [In] = FALSE; nSubpixelsIterations: UDINT [In] = 10; bAngleInDegrees: BOOL [In] = FALSE; fApproxPrecision: REAL [In] = 0.001; eAlgorithm: ETcVnEdgeDetectionAlgorithm [In] = TCVN_EDA_INTERPOLATION; ipEdgePoints1: Reference To ITcVnContainer [In] = 0; ipEdgePoints2: Reference To ITcVnContainer [In] = 0; fRangeCutoffFactor: REAL [In] = 0.135; hrPrev: HRESULT [In]
F_VN_MeasureEdgeDistance,Node_F_VN_MeasureEdgeDistance,registered,TC3 Vision Metrology 2D,src/sln/lib/mobject-graph-vision-pack/Nodes/Measurement/Node_F_VN_MeasureEdgeDistance.TcPOU,Vision/Measurement/F_VN_MeasureEdgeDistance,ETcVnEdgeDirection; ITcVnImage; TcVnPoint2_REAL,,,,,,,ipSrcImage: ITcVnImage [In]; fAvgDistance: REAL [InOut]; aStartPoint: TcVnPoint2_REAL [InOut]; aEndPoint: TcVnPoint2_REAL [InOut]; eEdgeDirection: ETcVnEdgeDirection [In]; fMinStrength: REAL [In]; nSearchLines: UDINT [In]; hrPrev: HRESULT [In]
F_VN_MeasureEdgeDistanceExp,Node_F_VN_MeasureEdgeDistanceExp,registered,TC3 Vision Metrology 2D,src/sln/lib/mobject-graph-vision-pack/Nodes/Measurement/Node_F_VN_MeasureEdgeDistanceExp.TcPOU,Vision/Measurement/F_VN_MeasureEdgeDistanceExp,ETcVnEdgeDetectionAlgorithm; ETcVnEdgeDirection; ITcVnContainer; ITcVnImage; TcVnPoint2_REAL,,,,,,,ipSrcImage: ITcVnImage [In]; fAvgDistance: REAL [InOut]; aStartPoint: TcVnPoint2_REAL [InOut]; aEndPoint: TcVnPoint2_REAL [InOut]; eEdgeDirection: ETcVnEdgeDirection [In]; fMinStrength: REAL [In]; nSearchLines: UDINT [In]; fSearchLineDist: REAL [In] = 1; nMaxThickness: UDINT [In] = 10; bInvertSearchDirection: BOOL [In] = FALSE; fSearchGap: REAL [In] = 0; nSubpixelsIterations: UDINT [In] = 10; fApproxPrecision: REAL [In] = 0.001; eAlgorithm: ETcVnEdgeDetectionAlgorithm [In] = TCVN_EDA_INTERPOLATION; ipEdgePoints1: Reference To ITcVnContainer [In] = 0; ipEdgePoints2: Reference To ITcVnContainer [In] = 0; ipDistances: Reference To ITcVnContainer [In] = 0; hrPrev: HRESULT [In]
F_VN_MeasureEdgeDistanceExp2,Node_F_VN_MeasureEdgeDistanceExp2,missing,TC3 Vision Metrology 2D,,,ETcVnEdgeDetectionAlgorithm; ETcVnEdgeDirection; ITcVnContainer; ITcVnImage; TcVnPoint2_REAL,,,,,,,ipSrcImage: ITcVnImage [In]; fAvgDistance: REAL [InOut]; aStartPoint: TcVnPoint2_REAL [InOut]; aEndPoint: TcVnPoint2_REAL [InOut]; eEdgeDirection: ETcVnEdgeDirection [In]; fMinStrength: REAL [In]; nSearchLines: UDINT [In]; fSearchLineDist: REAL [In] = 1; nMaxThickness: UDINT [In] = 10; bInvertSearchDirection: BOOL [In] = FALSE; fSearchGap: REAL [In] = 0; nSubpixelsIterations: UDINT [In] = 10; fApproxPrecision: REAL [In] = 0.001; eAlgorithm: ETcVnEdgeDetectionAlgorithm [In] = TCVN_EDA_INTERPOLATION; ipEdgePoints1: Reference To ITcVnContainer [In] = 0; ipEdgePoints2: Reference To ITcVnContainer [In] = 0; ipDistances: Reference To ITcVnContainer [In] = 0; fRangeCutoffFactor: REAL [In] = 0.135; hrPrev: HRESULT [In]
F_VN_MeasureMinEdgeDistance,Node_F_VN_MeasureMinEdgeDistance,registered,TC3 Vision Metrology 2D,src/sln/lib/mobject-graph-vision-pack/Nodes/Measurement/Node_F_VN_MeasureMinEdgeDistance.TcPOU,Vision/Measurement/F_VN_MeasureMinEdgeDistance,ETcVnEdgeDirection; ITcVnImage; TcVnPoint2_REAL,,,,,,,ipSrcImage: ITcVnImage [In]; fMinDistance: REAL [InOut]; aStartPoint: TcVnPoint2_REAL [InOut]; aEndPoint: TcVnPoint2_REAL [InOut]; eEdgeDirection: ETcVnEdgeDirection [In]; fMinStrength: REAL [In]; nSearchLines: UDINT [In]; hrPrev: HRESULT [In]
F_VN_MeasureMinEdgeDistanceExp,Node_F_VN_MeasureMinEdgeDistanceExp,missing,TC3 Vision Metrology 2D,,,ETcVnEdgeDetectionAlgorithm; ETcVnEdgeDirection; ITcVnContainer; ITcVnImage; TcVnPoint2_REAL,,,,,,,ipSrcImage: ITcVnImage [In]; fMinDistance: REAL [InOut]; aStartPoint: TcVnPoint2_REAL [InOut]; aEndPoint: TcVnPoint2_REAL [InOut]; eEdgeDirection: ETcVnEdgeDirection [In]; fMinStrength: REAL [In]; nSearchLines: UDINT [In]; fSearchLineDist: REAL [In] = 1; nMaxThickness: UDINT [In] = 10; bInvertSearchDirection: BOOL [In] = FALSE; fSearchGap: REAL [In] = 0; nSubpixelsIterations: UDINT [In] = 10; fApproxPrecision: REAL [In] = 0.001; eAlgorithm: ETcVnEdgeDetectionAlgorithm [In] = TCVN_EDA_INTERPOLATION; ipEdgePoints1: Reference To ITcVnContainer [In] = 0; ipEdgePoints2: Reference To ITcVnContainer [In] = 0; aPoint1: TcVnPoint2_REAL [InOut]; aPoint2: TcVnPoint2_REAL [InOut]; hrPrev: HRESULT [In]
F_VN_MeasureMinEdgeDistanceExp2,Node_F_VN_MeasureMinEdgeDistanceExp2,missing,TC3 Vision Metrology 2D,,,ETcVnEdgeDetectionAlgorithm; ETcVnEdgeDirection; ITcVnContainer; ITcVnImage; TcVnPoint2_REAL,,,,,,,ipSrcImage: ITcVnImage [In]; fMinDistance: REAL [InOut]; aStartPoint: TcVnPoint2_REAL [InOut]; aEndPoint: TcVnPoint2_REAL [InOut]; eEdgeDirection: ETcVnEdgeDirection [In]; fMinStrength: REAL [In]; nSearchLines: UDINT [In]; fSearchLineDist: REAL [In] = 1; nMaxThickness: UDINT [In] = 10; bInvertSearchDirection: BOOL [In] = FALSE; fSearchGap: REAL [In] = 0; nSubpixelsIterations: UDINT [In] = 10; fApproxPrecision: REAL [In] = 0.001; eAlgorithm: ETcVnEdgeDetectionAlgorithm [In] = TCVN_EDA_INTERPOLATION; ipEdgePoints1: Reference To ITcVnContainer [In] = 0; ipEdgePoints2: Reference To ITcVnContainer [In] = 0; aPoint1: TcVnPoint2_REAL [InOut]; aPoint2: TcVnPoint2_REAL [InOut]; fRangeCutoffFactor: REAL [In] = 0.135; hrPrev: HRESULT [In]
F_VN_MedianElement,Node_F_VN_MedianElement,registered,TC3 Vision Base,src/sln/lib/mobject-graph-vision-pack/Nodes/Container Statistics/Node_F_VN_MedianElement.TcPOU,Vision/Container Statistics/F_VN_MedianElement,ITcVnBidirectionalIterator; ITcVnContainer,ITcVnBidirectionalIterator,,,,,,ipSrcContainer: ITcVnContainer [In]; ipDestIterator: Reference To ITcVnBidirectionalIterator [In]; nIndex: ULINT [InOut]; hrPrev: HRESULT [In]
F_VN_MedianElementElementwise_DINT,Node_F_VN_MedianElementElementwise_DINT,registered,TC3 Vision Base,src/sln/lib/mobject-graph-vision-pack/Nodes/Container Statistics/MedianElementwise/Node_F_VN_MedianElementElementwise_DINT.TcPOU,Vision/Container Statistics/F_VN_MedianElementElementwise/F_VN_MedianElementElementwise_DINT,ITcVnContainer,,,,,,,ipContainer: ITcVnContainer [In]; nMedian: DINT [InOut]; hrPrev: HRESULT [In]
F_VN_MedianElementElementwise_INT,Node_F_VN_MedianElementElementwise_INT,registered,TC3 Vision Base,src/sln/lib/mobject-graph-vision-pack/Nodes/Container Statistics/MedianElementwise/Node_F_VN_MedianElementElementwise_INT.TcPOU,Vision/Container Statistics/F_VN_MedianElementElementwise/F_VN_MedianElementElementwise_INT,ITcVnContainer,,,,,,,ipContainer: ITcVnContainer [In]; nMedian: INT [InOut]; hrPrev: HRESULT [In]
F_VN_MedianElementElementwise_LREAL,Node_F_VN_MedianElementElementwise_LREAL,registered,TC3 Vision Base,src/sln/lib/mobject-graph-vision-pack/Nodes/Container Statistics/MedianElementwise/Node_F_VN_MedianElementElementwise_LREAL.TcPOU,Vision/Container Statistics/F_VN_MedianElementElementwise/F_VN_MedianElementElementwise_LREAL,ITcVnContainer,,,,,,,ipContainer: ITcVnContainer [In]; fMedian: LREAL [InOut]; hrPrev: HRESULT [In]
F_VN_MedianElementElementwise_REAL,Node_F_VN_MedianElementElementwise_REAL,registered,TC3 Vision Base,src/sln/lib/mobject-graph-vision-pack/Nodes/Container Statistics/MedianElementwise/Node_F_VN_MedianElementElementwise_REAL.TcPOU,Vision/Container Statistics/F_VN_MedianElementElementwise/F_VN_MedianElementElementwise_REAL,ITcVnContainer,,,,,,,ipContainer: ITcVnContainer [In]; fMedian: REAL [InOut]; hrPrev: HRESULT [In]
F_VN_MedianElementElementwise_SINT,Node_F_VN_MedianElementElementwise_SINT,registered,TC3 Vision Base,src/sln/lib/mobject-graph-vision-pack/Nodes/Container Statistics/MedianElementwise/Node_F_VN_MedianElementElementwise_SINT.TcPOU,Vision/Container Statistics/F_VN_MedianElementElementwise/F_VN_MedianElementElementwise_SINT,ITcVnContainer,,,,,,,ipContainer: ITcVnContainer [In]; nMedian: SINT [InOut]; hrPrev: HRESULT [In]
F_VN_MedianElementElementwise_TcVnPoint2_DINT,Node_F_VN_MedianElementElementwise_TcVnPoint2_DINT,registered,TC3 Vision Base,src/sln/lib/mobject-graph-vision-pack/Nodes/Container Statistics/MedianElementwise/Node_F_VN_MedianElementElementwise_TcVnPoint2_DINT.TcPOU,Vision/Container Statistics/F_VN_MedianElementElementwise/F_VN_MedianElementElementwise_TcVnPoint2_DINT,ITcVnContainer; TcVnPoint2_DINT,,,,,,,ipContainer: ITcVnContainer [In]; aMedian: TcVnPoint2_DINT [InOut]; hrPrev: HRESULT [In]
F_VN_MedianElementElementwise_TcVnPoint2_LREAL,Node_F_VN_MedianElementElementwise_TcVnPoint2_LREAL,registered,TC3 Vision Base,src/sln/lib/mobject-graph-vision-pack/Nodes/Container Statistics/MedianElementwise/Node_F_VN_MedianElementElementwise_TcVnPoint2_LREAL.TcPOU,Vision/Container Statistics/F_VN_MedianElementElementwise/F_VN_MedianElementElementwise_TcVnPoint2_LREAL,ITcVnContainer; TcVnPoint2_LREAL,,,,,,,ipContainer: ITcVnContainer [In]; aMedian: TcVnPoint2_LREAL [InOut]; hrPrev: HRESULT [In]
F_VN_MedianElementElementwise_TcVnPoint2_REAL,Node_F_VN_MedianElementElementwise_TcVnPoint2_REAL,registered,TC3 Vision Base,src/sln/lib/mobject-graph-vision-pack/Nodes/Container Statistics/MedianElementwise/Node_F_VN_MedianElementElementwise_TcVnPoint2_REAL.TcPOU,Vision/Container Statistics/F_VN_MedianElementElementwise/F_VN_MedianElementElementwise_TcVnPoint2_REAL,ITcVnContainer; TcVnPoint2_REAL,,,,,,,ipContainer: ITcVnContainer [In]; aMedian: TcVnPoint2_REAL [InOut]; hrPrev: HRESULT [In]
F_VN_MedianElementElementwise_TcVnPoint3_LREAL,Node_F_VN_MedianElementElementwise_TcVnPoint3_LREAL,registered,TC3 Vision Base,src/sln/lib/mobject-graph-vision-pack/Nodes/Container Statistics/MedianElementwise/Node_F_VN_MedianElementElementwise_TcVnPoint3_LREAL.TcPOU,Vision/Container Statistics/F_VN_MedianElementElementwise/F_VN_MedianElementElementwise_TcVnPoint3_LREAL,ITcVnContainer; TcVnPoint3_LREAL,,,,,,,ipContainer: ITcVnContainer [In]; aMedian: TcVnPoint3_LREAL [InOut]; hrPrev: HRESULT [In]
F_VN_MedianElementElementwise_TcVnPoint3_REAL,Node_F_VN_MedianElementElementwise_TcVnPoint3_REAL,registered,TC3 Vision Base,src/sln/lib/mobject-graph-vision-pack/Nodes/Container Statistics/MedianElementwise/Node_F_VN_MedianElementElementwise_TcVnPoint3_REAL.TcPOU,Vision/Container Statistics/F_VN_MedianElementElementwise/F_VN_MedianElementElementwise_TcVnPoint3_REAL,ITcVnContainer; TcVnPoint3_REAL,,,,,,,ipContainer: ITcVnContainer [In]; aMedian: TcVnPoint3_REAL [InOut]; hrPrev: HRESULT [In]
F_VN_MedianElementElementwise_TcVnVector2_DINT,Node_F_VN_MedianElementElementwise_TcVnVector2_DINT,registered,TC3 Vision Base,src/sln/lib/mobject-graph-vision-pack/Nodes/Container Statistics/MedianElementwise/Node_F_VN_MedianElementElementwise_TcVnVector2_DINT.TcPOU,Vision/Container Statistics/F_VN_MedianElementElementwise/F_VN_MedianElementElementwise_TcVnVector2_DINT,ITcVnContainer; TcVnVector2_DINT,,,,,,,ipContainer: ITcVnContainer [In]; aMedian: TcVnVector2_DINT [InOut]; hrPrev: HRESULT [In]
F_VN_MedianElementElementwise_TcVnVector2_INT,Node_F_VN_MedianElementElementwise_TcVnVector2_INT,registered,TC3 Vision Base,src/sln/lib/mobject-graph-vision-pack/Nodes/Container Statistics/MedianElementwise/Node_F_VN_MedianElementElementwise_TcVnVector2_INT.TcPOU,Vision/Container Statistics/F_VN_MedianElementElementwise/F_VN_MedianElementElementwise_TcVnVector2_INT,ITcVnContainer; TcVnVector2_INT,,,,,,,ipContainer: ITcVnContainer [In]; aMedian: TcVnVector2_INT [InOut]; hrPrev: HRESULT [In]
F_VN_MedianElementElementwise_TcVnVector2_REAL,Node_F_VN_MedianElementElementwise_TcVnVector2_REAL,registered,TC3 Vision Base,src/sln/lib/mobject-graph-vision-pack/Nodes/Container Statistics/MedianElementwise/Node_F_VN_MedianElementElementwise_TcVnVector2_REAL.TcPOU,Vision/Container Statistics/F_VN_MedianElementElementwise/F_VN_MedianElementElementwise_TcVnVector2_REAL,ITcVnContainer; TcVnVector2_REAL,,,,,,,ipContainer: ITcVnContainer [In]; aMedian: TcVnVector2_REAL [InOut]; hrPrev: HRESULT [In]
F_VN_MedianElementElementwise_TcVnVector2_SINT,Node_F_VN_MedianElementElementwise_TcVnVector2_SINT,registered,TC3 Vision Base,src/sln/lib/mobject-graph-vision-pack/Nodes/Container Statistics/MedianElementwise/Node_F_VN_MedianElementElementwise_TcVnVector2_SINT.TcPOU,Vision/Container Statistics/F_VN_MedianElementElementwise/F_VN_MedianElementElementwise_TcVnVector2_SINT,ITcVnContainer; TcVnVector2_SINT,,,,,,,ipContainer: ITcVnContainer [In]; aMedian: TcVnVector2_SINT [InOut]; hrPrev: HRESULT [In]
F_VN_MedianElementElementwise_TcVnVector2_UINT,Node_F_VN_MedianElementElementwise_TcVnVector2_UINT,registered,TC3 Vision Base,src/sln/lib/mobject-graph-vision-pack/Nodes/Container Statistics/MedianElementwise/Node_F_VN_MedianElementElementwise_TcVnVector2_UINT.TcPOU,Vision/Container Statistics/F_VN_MedianElementElementwise/F_VN_MedianElementElementwise_TcVnVector2_UINT,ITcVnContainer; TcVnVector2_UINT,,,,,,,ipContainer: ITcVnContainer [In]; aMedian: TcVnVector2_UINT [InOut]; hrPrev: HRESULT [In]
F_VN_MedianElementElementwise_TcVnVector2_USINT,Node_F_VN_MedianElementElementwise_TcVnVector2_USINT,registered,TC3 Vision Base,src/sln/lib/mobject-graph-vision-pack/Nodes/Container Statistics/MedianElementwise/Node_F_VN_MedianElementElementwise_TcVnVector2_USINT.TcPOU,Vision/Container Statistics/F_VN_MedianElementElementwise/F_VN_MedianElementElementwise_TcVnVector2_USINT,ITcVnContainer; TcVnVector2_USINT,,,,,,,ipContainer: ITcVnContainer [In]; aMedian: TcVnVector2_USINT [InOut]; hrPrev: HRESULT [In]
F_VN_MedianElementElementwise_TcVnVector3_INT,Node_F_VN_MedianElementElementwise_TcVnVector3_INT,registered,TC3 Vision Base,src/sln/lib/mobject-graph-vision-pack/Nodes/Container Statistics/MedianElementwise/Node_F_VN_MedianElementElementwise_TcVnVector3_INT.TcPOU,Vision/Container Statistics/F_VN_MedianElementElementwise/F_VN_MedianElementElementwise_TcVnVector3_INT,ITcVnContainer; TcVnVector3_INT,,,,,,,ipContainer: ITcVnContainer [In]; aMedian: TcVnVector3_INT [InOut]; hrPrev: HRESULT [In]
F_VN_MedianElementElementwise_TcVnVector3_REAL,Node_F_VN_MedianElementElementwise_TcVnVector3_REAL,registered,TC3 Vision Base,src/sln/lib/mobject-graph-vision-pack/Nodes/Container Statistics/MedianElementwise/Node_F_VN_MedianElementElementwise_TcVnVector3_REAL.TcPOU,Vision/Container Statistics/F_VN_MedianElementElementwise/F_VN_MedianElementElementwise_TcVnVector3_REAL,ITcVnContainer; TcVnVector3_REAL,,,,,,,ipContainer: ITcVnContainer [In]; aMedian: TcVnVector3_REAL [InOut]; hrPrev: HRESULT [In]
F_VN_MedianElementElementwise_TcVnVector3_SINT,Node_F_VN_MedianElementElementwise_TcVnVector3_SINT,registered,TC3 Vision Base,src/sln/lib/mobject-graph-vision-pack/Nodes/Container Statistics/MedianElementwise/Node_F_VN_MedianElementElementwise_TcVnVector3_SINT.TcPOU,Vision/Container Statistics/F_VN_MedianElementElementwise/F_VN_MedianElementElementwise_TcVnVector3_SINT,ITcVnContainer; TcVnVector3_SINT,,,,,,,ipContainer: ITcVnContainer [In]; aMedian: TcVnVector3_SINT [InOut]; hrPrev: HRESULT [In]
F_VN_MedianElementElementwise_TcVnVector3_UINT,Node_F_VN_MedianElementElementwise_TcVnVector3_UINT,registered,TC3 Vision Base,src/sln/lib/mobject-graph-vision-pack/Nodes/Container Statistics/MedianElementwise/Node_F_VN_MedianElementElementwise_TcVnVector3_UINT.TcPOU,Vision/Container Statistics/F_VN_MedianElementElementwise/F_VN_MedianElementElementwise_TcVnVector3_UINT,ITcVnContainer; TcVnVector3_UINT,,,,,,,ipContainer: ITcVnContainer [In]; aMedian: TcVnVector3_UINT [InOut]; hrPrev: HRESULT [In]
F_VN_MedianElementElementwise_TcVnVector3_USINT,Node_F_VN_MedianElementElementwise_TcVnVector3_USINT,registered,TC3 Vision Base,src/sln/lib/mobject-graph-vision-pack/Nodes/Container Statistics/MedianElementwise/Node_F_VN_MedianElementElementwise_TcVnVector3_USINT.TcPOU,Vision/Container Statistics/F_VN_MedianElementElementwise/F_VN_MedianElementElementwise_TcVnVector3_USINT,ITcVnContainer; TcVnVector3_USINT,,,,,,,ipContainer: ITcVnContainer [In]; aMedian: TcVnVector3_USINT [InOut]; hrPrev: HRESULT [In]
F_VN_MedianElementElementwise_TcVnVector4_DINT,Node_F_VN_MedianElementElementwise_TcVnVector4_DINT,registered,TC3 Vision Base,src/sln/lib/mobject-graph-vision-pack/Nodes/Container Statistics/MedianElementwise/Node_F_VN_MedianElementElementwise_TcVnVector4_DINT.TcPOU,Vision/Container Statistics/F_VN_MedianElementElementwise/F_VN_MedianElementElementwise_TcVnVector4_DINT,ITcVnContainer; TcVnVector4_DINT,,,,,,,ipContainer: ITcVnContainer [In]; aMedian: TcVnVector4_DINT [InOut]; hrPrev: HRESULT [In]
F_VN_MedianElementElementwise_TcVnVector4_INT,Node_F_VN_MedianElementElementwise_TcVnVector4_INT,registered,TC3 Vision Base,src/sln/lib/mobject-graph-vision-pack/Nodes/Container Statistics/MedianElementwise/Node_F_VN_MedianElementElementwise_TcVnVector4_INT.TcPOU,Vision/Container Statistics/F_VN_MedianElementElementwise/F_VN_MedianElementElementwise_TcVnVector4_INT,ITcVnContainer; TcVnVector4_INT,,,,,,,ipContainer: ITcVnContainer [In]; aMedian: TcVnVector4_INT [InOut]; hrPrev: HRESULT [In]
F_VN_MedianElementElementwise_TcVnVector4_LREAL,Node_F_VN_MedianElementElementwise_TcVnVector4_LREAL,registered,TC3 Vision Base,src/sln/lib/mobject-graph-vision-pack/Nodes/Container Statistics/MedianElementwise/Node_F_VN_MedianElementElementwise_TcVnVector4_LREAL.TcPOU,Vision/Container Statistics/F_VN_MedianElementElementwise/F_VN_MedianElementElementwise_TcVnVector4_LREAL,ITcVnContainer; TcVnVector4_LREAL,,,,,,,ipContainer: ITcVnContainer [In]; aMedian: TcVnVector4_LREAL [InOut]; hrPrev: HRESULT [In]
F_VN_MedianElementElementwise_TcVnVector4_REAL,Node_F_VN_MedianElementElementwise_TcVnVector4_REAL,registered,TC3 Vision Base,src/sln/lib/mobject-graph-vision-pack/Nodes/Container Statistics/MedianElementwise/Node_F_VN_MedianElementElementwise_TcVnVector4_REAL.TcPOU,Vision/Container Statistics/F_VN_MedianElementElementwise/F_VN_MedianElementElementwise_TcVnVector4_REAL,ITcVnContainer; TcVnVector4_REAL,,,,,,,ipContainer: ITcVnContainer [In]; aMedian: TcVnVector4_REAL [InOut]; hrPrev: HRESULT [In]
F_VN_MedianElementElementwise_TcVnVector4_SINT,Node_F_VN_MedianElementElementwise_TcVnVector4_SINT,registered,TC3 Vision Base,src/sln/lib/mobject-graph-vision-pack/Nodes/Container Statistics/MedianElementwise/Node_F_VN_MedianElementElementwise_TcVnVector4_SINT.TcPOU,Vision/Container Statistics/F_VN_MedianElementElementwise/F_VN_MedianElementElementwise_TcVnVector4_SINT,ITcVnContainer; TcVnVector4_SINT,,,,,,,ipContainer: ITcVnContainer [In]; aMedian: TcVnVector4_SINT [InOut]; hrPrev: HRESULT [In]
F_VN_MedianElementElementwise_TcVnVector4_UINT,Node_F_VN_MedianElementElementwise_TcVnVector4_UINT,registered,TC3 Vision Base,src/sln/lib/mobject-graph-vision-pack/Nodes/Container Statistics/MedianElementwise/Node_F_VN_MedianElementElementwise_TcVnVector4_UINT.TcPOU,Vision/Container Statistics/F_VN_MedianElementElementwise/F_VN_MedianElementElementwise_TcVnVector4_UINT,ITcVnContainer; TcVnVector4_UINT,,,,,,,ipContainer: ITcVnContainer [In]; aMedian: TcVnVector4_UINT [InOut]; hrPrev: HRESULT [In]
F_VN_MedianElementElementwise_TcVnVector4_USINT,Node_F_VN_MedianElementElementwise_TcVnVector4_USINT,registered,TC3 Vision Base,src/sln/lib/mobject-graph-vision-pack/Nodes/Container Statistics/MedianElementwise/Node_F_VN_MedianElementElementwise_TcVnVector4_USINT.TcPOU,Vision/Container Statistics/F_VN_MedianElementElementwise/F_VN_MedianElementElementwise_TcVnVector4_USINT,ITcVnContainer; TcVnVector4_USINT,,,,,,,ipContainer: ITcVnContainer [In]; aMedian: TcVnVector4_USINT [InOut]; hrPrev: HRESULT [In]
F_VN_MedianElementElementwise_UDINT,Node_F_VN_MedianElementElementwise_UDINT,registered,TC3 Vision Base,src/sln/lib/mobject-graph-vision-pack/Nodes/Container Statistics/MedianElementwise/Node_F_VN_MedianElementElementwise_UDINT.TcPOU,Vision/Container Statistics/F_VN_MedianElementElementwise/F_VN_MedianElementElementwise_UDINT,ITcVnContainer,,,,,,,ipContainer: ITcVnContainer [In]; nMedian: UDINT [InOut]; hrPrev: HRESULT [In]
F_VN_MedianElementElementwise_UINT,Node_F_VN_MedianElementElementwise_UINT,registered,TC3 Vision Base,src/sln/lib/mobject-graph-vision-pack/Nodes/Container Statistics/MedianElementwise/Node_F_VN_MedianElementElementwise_UINT.TcPOU,Vision/Container Statistics/F_VN_MedianElementElementwise/F_VN_MedianElementElementwise_UINT,ITcVnContainer,,,,,,,ipContainer: ITcVnContainer [In]; nMedian: UINT [InOut]; hrPrev: HRESULT [In]
F_VN_MedianElementElementwise_ULINT,Node_F_VN_MedianElementElementwise_ULINT,registered,TC3 Vision Base,src/sln/lib/mobject-graph-vision-pack/Nodes/Container Statistics/MedianElementwise/Node_F_VN_MedianElementElementwise_ULINT.TcPOU,Vision/Container Statistics/F_VN_MedianElementElementwise/F_VN_MedianElementElementwise_ULINT,ITcVnContainer,,,,,,,ipContainer: ITcVnContainer [In]; nMedian: ULINT [InOut]; hrPrev: HRESULT [In]
F_VN_MedianElementElementwise_USINT,Node_F_VN_MedianElementElementwise_USINT,registered,TC3 Vision Base,src/sln/lib/mobject-graph-vision-pack/Nodes/Container Statistics/MedianElementwise/Node_F_VN_MedianElementElementwise_USINT.TcPOU,Vision/Container Statistics/F_VN_MedianElementElementwise/F_VN_MedianElementElementwise_USINT,ITcVnContainer,,,,,,,ipContainer: ITcVnContainer [In]; nMedian: USINT [InOut]; hrPrev: HRESULT [In]
F_VN_MedianFilter,Node_F_VN_MedianFilter,registered,TC3 Vision Base,src/sln/lib/mobject-graph-vision-pack/Nodes/Image Filtering/Node_F_VN_MedianFilter.TcPOU,Vision/Image Filtering/F_VN_MedianFilter,ITcVnImage,,,,,,,ipSrcImage: ITcVnImage [In]; ipDestImage: Reference To ITcVnImage [In]; nFilterSize: UDINT [In]; hrPrev: HRESULT [In]
F_VN_MergeRegions,Node_F_VN_MergeRegions,registered,TC3 Vision Base,src/sln/lib/mobject-graph-vision-pack/Nodes/Image Analysis/Object Detection/Node_F_VN_MergeRegions.TcPOU,Vision/Image Analysis/Object Detection/F_VN_MergeRegions,ITcVnContainer,,,,,,,ipSrcContainer: ITcVnContainer [In]; ipDestContainer: Reference To ITcVnContainer [In]; nDistance: UDINT [In]; nOptions: ULINT [In]; hrPrev: HRESULT [In]
F_VN_MinContainer,Node_F_VN_MinContainer,registered,TC3 Vision Base,src/sln/lib/mobject-graph-vision-pack/Nodes/Algebraic Container Ops/Node_F_VN_MinContainer.TcPOU,Vision/Algebraic Container Operations/F_VN_MinContainer,ITcVnContainer,,,,,,,ipSrcContainer1: ITcVnContainer [In]; ipSrcContainer2: ITcVnContainer [In]; ipDestContainer: Reference To ITcVnContainer [In]; hrPrev: HRESULT [In]
F_VN_MinElement,Node_F_VN_MinElement,registered,TC3 Vision Base,src/sln/lib/mobject-graph-vision-pack/Nodes/Container Statistics/Node_F_VN_MinElement.TcPOU,Vision/Container Statistics/F_VN_MinElement,ITcVnBidirectionalIterator; ITcVnContainer,ITcVnBidirectionalIterator,,,,,,ipSrcContainer: ITcVnContainer [In]; ipDestIterator: Reference To ITcVnBidirectionalIterator [In]; nIndex: ULINT [InOut]; hrPrev: HRESULT [In]
F_VN_MinElementElementwise_DINT,Node_F_VN_MinElementElementwise_DINT,registered,TC3 Vision Base,src/sln/lib/mobject-graph-vision-pack/Nodes/Container Statistics/MinElementwise/Node_F_VN_MinElementElementwise_DINT.TcPOU,Vision/Container Statistics/F_VN_MinElementElementwise/F_VN_MinElementElementwise_DINT,ITcVnContainer,,,,,,,ipContainer: ITcVnContainer [In]; nMin: DINT [InOut]; hrPrev: HRESULT [In]
F_VN_MinElementElementwise_INT,Node_F_VN_MinElementElementwise_INT,registered,TC3 Vision Base,src/sln/lib/mobject-graph-vision-pack/Nodes/Container Statistics/MinElementwise/Node_F_VN_MinElementElementwise_INT.TcPOU,Vision/Container Statistics/F_VN_MinElementElementwise/F_VN_MinElementElementwise_INT,ITcVnContainer,,,,,,,ipContainer: ITcVnContainer [In]; nMin: INT [InOut]; hrPrev: HRESULT [In]
F_VN_MinElementElementwise_LREAL,Node_F_VN_MinElementElementwise_LREAL,registered,TC3 Vision Base,src/sln/lib/mobject-graph-vision-pack/Nodes/Container Statistics/MinElementwise/Node_F_VN_MinElementElementwise_LREAL.TcPOU,Vision/Container Statistics/F_VN_MinElementElementwise/F_VN_MinElementElementwise_LREAL,ITcVnContainer,,,,,,,ipContainer: ITcVnContainer [In]; fMin: LREAL [InOut]; hrPrev: HRESULT [In]
F_VN_MinElementElementwise_REAL,Node_F_VN_MinElementElementwise_REAL,registered,TC3 Vision Base,src/sln/lib/mobject-graph-vision-pack/Nodes/Container Statistics/MinElementwise/Node_F_VN_MinElementElementwise_REAL.TcPOU,Vision/Container Statistics/F_VN_MinElementElementwise/F_VN_MinElementElementwise_REAL,ITcVnContainer,,,,,,,ipContainer: ITcVnContainer [In]; fMin: REAL [InOut]; hrPrev: HRESULT [In]
F_VN_MinElementElementwise_SINT,Node_F_VN_MinElementElementwise_SINT,registered,TC3 Vision Base,src/sln/lib/mobject-graph-vision-pack/Nodes/Container Statistics/MinElementwise/Node_F_VN_MinElementElementwise_SINT.TcPOU,Vision/Container Statistics/F_VN_MinElementElementwise/F_VN_MinElementElementwise_SINT,ITcVnContainer,,,,,,,ipContainer: ITcVnContainer [In]; nMin: SINT [InOut]; hrPrev: HRESULT [In]
F_VN_MinElementElementwise_TcVnPoint2_DINT,Node_F_VN_MinElementElementwise_TcVnPoint2_DINT,registered,TC3 Vision Base,src/sln/lib/mobject-graph-vision-pack/Nodes/Container Statistics/MinElementwise/Node_F_VN_MinElementElementwise_TcVnPoint2_DINT.TcPOU,Vision/Container Statistics/F_VN_MinElementElementwise/F_VN_MinElementElementwise_TcVnPoint2_DINT,ITcVnContainer; TcVnPoint2_DINT,,,,,,,ipContainer: ITcVnContainer [In]; aMin: TcVnPoint2_DINT [InOut]; hrPrev: HRESULT [In]
F_VN_MinElementElementwise_TcVnPoint2_LREAL,Node_F_VN_MinElementElementwise_TcVnPoint2_LREAL,registered,TC3 Vision Base,src/sln/lib/mobject-graph-vision-pack/Nodes/Container Statistics/MinElementwise/Node_F_VN_MinElementElementwise_TcVnPoint2_LREAL.TcPOU,Vision/Container Statistics/F_VN_MinElementElementwise/F_VN_MinElementElementwise_TcVnPoint2_LREAL,ITcVnContainer; TcVnPoint2_LREAL,,,,,,,ipContainer: ITcVnContainer [In]; aMin: TcVnPoint2_LREAL [InOut]; hrPrev: HRESULT [In]
F_VN_MinElementElementwise_TcVnPoint2_REAL,Node_F_VN_MinElementElementwise_TcVnPoint2_REAL,registered,TC3 Vision Base,src/sln/lib/mobject-graph-vision-pack/Nodes/Container Statistics/MinElementwise/Node_F_VN_MinElementElementwise_TcVnPoint2_REAL.TcPOU,Vision/Container Statistics/F_VN_MinElementElementwise/F_VN_MinElementElementwise_TcVnPoint2_REAL,ITcVnContainer; TcVnPoint2_REAL,,,,,,,ipContainer: ITcVnContainer [In]; aMin: TcVnPoint2_REAL [InOut]; hrPrev: HRESULT [In]
F_VN_MinElementElementwise_TcVnPoint3_LREAL,Node_F_VN_MinElementElementwise_TcVnPoint3_LREAL,registered,TC3 Vision Base,src/sln/lib/mobject-graph-vision-pack/Nodes/Container Statistics/MinElementwise/Node_F_VN_MinElementElementwise_TcVnPoint3_LREAL.TcPOU,Vision/Container Statistics/F_VN_MinElementElementwise/F_VN_MinElementElementwise_TcVnPoint3_LREAL,ITcVnContainer; TcVnPoint3_LREAL,,,,,,,ipContainer: ITcVnContainer [In]; aMin: TcVnPoint3_LREAL [InOut]; hrPrev: HRESULT [In]
F_VN_MinElementElementwise_TcVnPoint3_REAL,Node_F_VN_MinElementElementwise_TcVnPoint3_REAL,registered,TC3 Vision Base,src/sln/lib/mobject-graph-vision-pack/Nodes/Container Statistics/MinElementwise/Node_F_VN_MinElementElementwise_TcVnPoint3_REAL.TcPOU,Vision/Container Statistics/F_VN_MinElementElementwise/F_VN_MinElementElementwise_TcVnPoint3_REAL,ITcVnContainer; TcVnPoint3_REAL,,,,,,,ipContainer: ITcVnContainer [In]; aMin: TcVnPoint3_REAL [InOut]; hrPrev: HRESULT [In]
F_VN_MinElementElementwise_TcVnVector2_DINT,Node_F_VN_MinElementElementwise_TcVnVector2_DINT,registered,TC3 Vision Base,src/sln/lib/mobject-graph-vision-pack/Nodes/Container Statistics/MinElementwise/Node_F_VN_MinElementElementwise_TcVnVector2_DINT.TcPOU,Vision/Container Statistics/F_VN_MinElementElementwise/F_VN_MinElementElementwise_TcVnVector2_DINT,ITcVnContainer; TcVnVector2_DINT,,,,,,,ipContainer: ITcVnContainer [In]; aMin: TcVnVector2_DINT [InOut]; hrPrev: HRESULT [In]
F_VN_MinElementElementwise_TcVnVector2_INT,Node_F_VN_MinElementElementwise_TcVnVector2_INT,registered,TC3 Vision Base,src/sln/lib/mobject-graph-vision-pack/Nodes/Container Statistics/MinElementwise/Node_F_VN_MinElementElementwise_TcVnVector2_INT.TcPOU,Vision/Container Statistics/F_VN_MinElementElementwise/F_VN_MinElementElementwise_TcVnVector2_INT,ITcVnContainer; TcVnVector2_INT,,,,,,,ipContainer: ITcVnContainer [In]; aMin: TcVnVector2_INT [InOut]; hrPrev: HRESULT [In]
F_VN_MinElementElementwise_TcVnVector2_REAL,Node_F_VN_MinElementElementwise_TcVnVector2_REAL,registered,TC3 Vision Base,src/sln/lib/mobject-graph-vision-pack/Nodes/Container Statistics/MinElementwise/Node_F_VN_MinElementElementwise_TcVnVector2_REAL.TcPOU,Vision/Container Statistics/F_VN_MinElementElementwise/F_VN_MinElementElementwise_TcVnVector2_REAL,ITcVnContainer; TcVnVector2_REAL,,,,,,,ipContainer: ITcVnContainer [In]; aMin: TcVnVector2_REAL [InOut]; hrPrev: HRESULT [In]
F_VN_MinElementElementwise_TcVnVector2_SINT,Node_F_VN_MinElementElementwise_TcVnVector2_SINT,registered,TC3 Vision Base,src/sln/lib/mobject-graph-vision-pack/Nodes/Container Statistics/MinElementwise/Node_F_VN_MinElementElementwise_TcVnVector2_SINT.TcPOU,Vision/Container Statistics/F_VN_MinElementElementwise/F_VN_MinElementElementwise_TcVnVector2_SINT,ITcVnContainer; TcVnVector2_SINT,,,,,,,ipContainer: ITcVnContainer [In]; aMin: TcVnVector2_SINT [InOut]; hrPrev: HRESULT [In]
F_VN_MinElementElementwise_TcVnVector2_UINT,Node_F_VN_MinElementElementwise_TcVnVector2_UINT,registered,TC3 Vision Base,src/sln/lib/mobject-graph-vision-pack/Nodes/Container Statistics/MinElementwise/Node_F_VN_MinElementElementwise_TcVnVector2_UINT.TcPOU,Vision/Container Statistics/F_VN_MinElementElementwise/F_VN_MinElementElementwise_TcVnVector2_UINT,ITcVnContainer; TcVnVector2_UINT,,,,,,,ipContainer: ITcVnContainer [In]; aMin: TcVnVector2_UINT [InOut]; hrPrev: HRESULT [In]
F_VN_MinElementElementwise_TcVnVector2_USINT,Node_F_VN_MinElementElementwise_TcVnVector2_USINT,registered,TC3 Vision Base,src/sln/lib/mobject-graph-vision-pack/Nodes/Container Statistics/MinElementwise/Node_F_VN_MinElementElementwise_TcVnVector2_USINT.TcPOU,Vision/Container Statistics/F_VN_MinElementElementwise/F_VN_MinElementElementwise_TcVnVector2_USINT,ITcVnContainer; TcVnVector2_USINT,,,,,,,ipContainer: ITcVnContainer [In]; aMin: TcVnVector2_USINT [InOut]; hrPrev: HRESULT [In]
F_VN_MinElementElementwise_TcVnVector3_INT,Node_F_VN_MinElementElementwise_TcVnVector3_INT,registered,TC3 Vision Base,src/sln/lib/mobject-graph-vision-pack/Nodes/Container Statistics/MinElementwise/Node_F_VN_MinElementElementwise_TcVnVector3_INT.TcPOU,Vision/Container Statistics/F_VN_MinElementElementwise/F_VN_MinElementElementwise_TcVnVector3_INT,ITcVnContainer; TcVnVector3_INT,,,,,,,ipContainer: ITcVnContainer [In]; aMin: TcVnVector3_INT [InOut]; hrPrev: HRESULT [In]
F_VN_MinElementElementwise_TcVnVector3_REAL,Node_F_VN_MinElementElementwise_TcVnVector3_REAL,registered,TC3 Vision Base,src/sln/lib/mobject-graph-vision-pack/Nodes/Container Statistics/MinElementwise/Node_F_VN_MinElementElementwise_TcVnVector3_REAL.TcPOU,Vision/Container Statistics/F_VN_MinElementElementwise/F_VN_MinElementElementwise_TcVnVector3_REAL,ITcVnContainer; TcVnVector3_REAL,,,,,,,ipContainer: ITcVnContainer [In]; aMin: TcVnVector3_REAL [InOut]; hrPrev: HRESULT [In]
F_VN_MinElementElementwise_TcVnVector3_SINT,Node_F_VN_MinElementElementwise_TcVnVector3_SINT,registered,TC3 Vision Base,src/sln/lib/mobject-graph-vision-pack/Nodes/Container Statistics/MinElementwise/Node_F_VN_MinElementElementwise_TcVnVector3_SINT.TcPOU,Vision/Container Statistics/F_VN_MinElementElementwise/F_VN_MinElementElementwise_TcVnVector3_SINT,ITcVnContainer; TcVnVector3_SINT,,,,,,,ipContainer: ITcVnContainer [In]; aMin: TcVnVector3_SINT [InOut]; hrPrev: HRESULT [In]
F_VN_MinElementElementwise_TcVnVector3_UINT,Node_F_VN_MinElementElementwise_TcVnVector3_UINT,registered,TC3 Vision Base,src/sln/lib/mobject-graph-vision-pack/Nodes/Container Statistics/MinElementwise/Node_F_VN_MinElementElementwise_TcVnVector3_UINT.TcPOU,Vision/Container Statistics/F_VN_MinElementElementwise/F_VN_MinElementElementwise_TcVnVector3_UINT,ITcVnContainer; TcVnVector3_UINT,,,,,,,ipContainer: ITcVnContainer [In]; aMin: TcVnVector3_UINT [InOut]; hrPrev: HRESULT [In]
F_VN_MinElementElementwise_TcVnVector3_USINT,Node_F_VN_MinElementElementwise_TcVnVector3_USINT,registered,TC3 Vision Base,src/sln/lib/mobject-graph-vision-pack/Nodes/Container Statistics/MinElementwise/Node_F_VN_MinElementElementwise_TcVnVector3_USINT.TcPOU,Vision/Container Statistics/F_VN_MinElementElementwise/F_VN_MinElementElementwise_TcVnVector3_USINT,ITcVnContainer; TcVnVector3_USINT,,,,,,,ipContainer: ITcVnContainer [In]; aMin: TcVnVector3_USINT [InOut]; hrPrev: HRESULT [In]
F_VN_MinElementElementwise_TcVnVector4_DINT,Node_F_VN_MinElementElementwise_TcVnVector4_DINT,registered,TC3 Vision Base,src/sln/lib/mobject-graph-vision-pack/Nodes/Container Statistics/MinElementwise/Node_F_VN_MinElementElementwise_TcVnVector4_DINT.TcPOU,Vision/Container Statistics/F_VN_MinElementElementwise/F_VN_MinElementElementwise_TcVnVector4_DINT,ITcVnContainer; TcVnVector4_DINT,,,,,,,ipContainer: ITcVnContainer [In]; aMin: TcVnVector4_DINT [InOut]; hrPrev: HRESULT [In]
F_VN_MinElementElementwise_TcVnVector4_INT,Node_F_VN_MinElementElementwise_TcVnVector4_INT,registered,TC3 Vision Base,src/sln/lib/mobject-graph-vision-pack/Nodes/Container Statistics/MinElementwise/Node_F_VN_MinElementElementwise_TcVnVector4_INT.TcPOU,Vision/Container Statistics/F_VN_MinElementElementwise/F_VN_MinElementElementwise_TcVnVector4_INT,ITcVnContainer; TcVnVector4_INT,,,,,,,ipContainer: ITcVnContainer [In]; aMin: TcVnVector4_INT [InOut]; hrPrev: HRESULT [In]
F_VN_MinElementElementwise_TcVnVector4_LREAL,Node_F_VN_MinElementElementwise_TcVnVector4_LREAL,registered,TC3 Vision Base,src/sln/lib/mobject-graph-vision-pack/Nodes/Container Statistics/MinElementwise/Node_F_VN_MinElementElementwise_TcVnVector4_LREAL.TcPOU,Vision/Container Statistics/F_VN_MinElementElementwise/F_VN_MinElementElementwise_TcVnVector4_LREAL,ITcVnContainer; TcVnVector4_LREAL,,,,,,,ipContainer: ITcVnContainer [In]; aMin: TcVnVector4_LREAL [InOut]; hrPrev: HRESULT [In]
F_VN_MinElementElementwise_TcVnVector4_REAL,Node_F_VN_MinElementElementwise_TcVnVector4_REAL,registered,TC3 Vision Base,src/sln/lib/mobject-graph-vision-pack/Nodes/Container Statistics/MinElementwise/Node_F_VN_MinElementElementwise_TcVnVector4_REAL.TcPOU,Vision/Container Statistics/F_VN_MinElementElementwise/F_VN_MinElementElementwise_TcVnVector4_REAL,ITcVnContainer; TcVnVector4_REAL,,,,,,,ipContainer: ITcVnContainer [In]; aMin: TcVnVector4_REAL [InOut]; hrPrev: HRESULT [In]
F_VN_MinElementElementwise_TcVnVector4_SINT,Node_F_VN_MinElementElementwise_TcVnVector4_SINT,registered,TC3 Vision Base,src/sln/lib/mobject-graph-vision-pack/Nodes/Container Statistics/MinElementwise/Node_F_VN_MinElementElementwise_TcVnVector4_SINT.TcPOU,Vision/Container Statistics/F_VN_MinElementElementwise/F_VN_MinElementElementwise_TcVnVector4_SINT,ITcVnContainer; TcVnVector4_SINT,,,,,,,ipContainer: ITcVnContainer [In]; aMin: TcVnVector4_SINT [InOut]; hrPrev: HRESULT [In]
F_VN_MinElementElementwise_TcVnVector4_UINT,Node_F_VN_MinElementElementwise_TcVnVector4_UINT,registered,TC3 Vision Base,src/sln/lib/mobject-graph-vision-pack/Nodes/Container Statistics/MinElementwise/Node_F_VN_MinElementElementwise_TcVnVector4_UINT.TcPOU,Vision/Container Statistics/F_VN_MinElementElementwise/F_VN_MinElementElementwise_TcVnVector4_UINT,ITcVnContainer; TcVnVector4_UINT,,,,,,,ipContainer: ITcVnContainer [In]; aMin: TcVnVector4_UINT [InOut]; hrPrev: HRESULT [In]
F_VN_MinElementElementwise_TcVnVector4_USINT,Node_F_VN_MinElementElementwise_TcVnVector4_USINT,registered,TC3 Vision Base,src/sln/lib/mobject-graph-vision-pack/Nodes/Container Statistics/MinElementwise/Node_F_VN_MinElementElementwise_TcVnVector4_USINT.TcPOU,Vision/Container Statistics/F_VN_MinElementElementwise/F_VN_MinElementElementwise_TcVnVector4_USINT,ITcVnContainer; TcVnVector4_USINT,,,,,,,ipContainer: ITcVnContainer [In]; aMin: TcVnVector4_USINT [InOut]; hrPrev: HRESULT [In]
F_VN_MinElementElementwise_UDINT,Node_F_VN_MinElementElementwise_UDINT,registered,TC3 Vision Base,src/sln/lib/mobject-graph-vision-pack/Nodes/Container Statistics/MinElementwise/Node_F_VN_MinElementElementwise_UDINT.TcPOU,Vision/Container Statistics/F_VN_MinElementElementwise/F_VN_MinElementElementwise_UDINT,ITcVnContainer,,,,,,,ipContainer: ITcVnContainer [In]; nMin: UDINT [InOut]; hrPrev: HRESULT [In]
F_VN_MinElementElementwise_UINT,Node_F_VN_MinElementElementwise_UINT,registered,TC3 Vision Base,src/sln/lib/mobject-graph-vision-pack/Nodes/Container Statistics/MinElementwise/Node_F_VN_MinElementElementwise_UINT.TcPOU,Vision/Container Statistics/F_VN_MinElementElementwise/F_VN_MinElementElementwise_UINT,ITcVnContainer,,,,,,,ipContainer: ITcVnContainer [In]; nMin: UINT [InOut]; hrPrev: HRESULT [In]
F_VN_MinElementElementwise_ULINT,Node_F_VN_MinElementElementwise_ULINT,registered,TC3 Vision Base,src/sln/lib/mobject-graph-vision-pack/Nodes/Container Statistics/MinElementwise/Node_F_VN_MinElementElementwise_ULINT.TcPOU,Vision/Container Statistics/F_VN_MinElementElementwise/F_VN_MinElementElementwise_ULINT,ITcVnContainer,,,,,,,ipContainer: ITcVnContainer [In]; nMin: ULINT [InOut]; hrPrev: HRESULT [In]
F_VN_MinElementElementwise_USINT,Node_F_VN_MinElementElementwise_USINT,registered,TC3 Vision Base,src/sln/lib/mobject-graph-vision-pack/Nodes/Container Statistics/MinElementwise/Node_F_VN_MinElementElementwise_USINT.TcPOU,Vision/Container Statistics/F_VN_MinElementElementwise/F_VN_MinElementElementwise_USINT,ITcVnContainer,,,,,,,ipContainer: ITcVnContainer [In]; nMin: USINT [InOut]; hrPrev: HRESULT [In]
F_VN_MinImage,Node_F_VN_MinImage,registered,TC3 Vision Base,src/sln/lib/mobject-graph-vision-pack/Nodes/Algebraic Image Ops/Node_F_VN_MinImage.TcPOU,Vision/Algebraic Image Operations/F_VN_MinImage,ITcVnImage,,,,,,,ipSrcImage1: ITcVnImage [In]; ipSrcImage2: ITcVnImage [In]; ipDestImage: Reference To ITcVnImage [In]; hrPrev: HRESULT [In]
F_VN_MinImageExp,Node_F_VN_MinImageExp,registered,TC3 Vision Base,src/sln/lib/mobject-graph-vision-pack/Nodes/Algebraic Image Ops/Node_F_VN_MinImageExp.TcPOU,Vision/Algebraic Image Operations/F_VN_MinImageExp,ITcVnImage,,,,,,,ipSrcImage1: ITcVnImage [In]; ipSrcImage2: ITcVnImage [In]; ipDestImage: Reference To ITcVnImage [In]; ipMask: ITcVnImage [In]; hrPrev: HRESULT [In]
F_VN_MinImageWithScalar,Node_F_VN_MinImageWithScalar,registered,TC3 Vision Base,src/sln/lib/mobject-graph-vision-pack/Nodes/Algebraic Image Ops/Node_F_VN_MinImageWithScalar.TcPOU,Vision/Algebraic Image Operations/F_VN_MinImageWithScalar,ITcVnImage,,,,,,,fScalar: LREAL [In]; ipSrcImage: ITcVnImage [In]; ipDestImage: Reference To ITcVnImage [In]; hrPrev: HRESULT [In]
F_VN_MinImageWithScalarExp,Node_F_VN_MinImageWithScalarExp,registered,TC3 Vision Base,src/sln/lib/mobject-graph-vision-pack/Nodes/Algebraic Image Ops/Node_F_VN_MinImageWithScalarExp.TcPOU,Vision/Algebraic Image Operations/F_VN_MinImageWithScalarExp,ITcVnImage,,,,,,,fScalar: LREAL [In]; ipSrcImage: ITcVnImage [In]; ipDestImage: Reference To ITcVnImage [In]; ipMask: ITcVnImage [In]; hrPrev: HRESULT [In]
F_VN_MinImageWithVector,Node_F_VN_MinImageWithVector,registered,TC3 Vision Base,src/sln/lib/mobject-graph-vision-pack/Nodes/Algebraic Image Ops/Node_F_VN_MinImageWithVector.TcPOU,Vision/Algebraic Image Operations/F_VN_MinImageWithVector,ITcVnImage; TcVnVector4_LREAL,,,,,,,aVector: TcVnVector4_LREAL [InOut]; ipSrcImage: ITcVnImage [In]; ipDestImage: Reference To ITcVnImage [In]; hrPrev: HRESULT [In]
F_VN_MinImageWithVectorExp,Node_F_VN_MinImageWithVectorExp,registered,TC3 Vision Base,src/sln/lib/mobject-graph-vision-pack/Nodes/Algebraic Image Ops/Node_F_VN_MinImageWithVectorExp.TcPOU,Vision/Algebraic Image Operations/F_VN_MinImageWithVectorExp,ITcVnImage; TcVnVector4_LREAL,,,,,,,aVector: TcVnVector4_LREAL [InOut]; ipSrcImage: ITcVnImage [In]; ipDestImage: Reference To ITcVnImage [In]; ipMask: ITcVnImage [In]; hrPrev: HRESULT [In]
F_VN_MinPixelValue,Node_F_VN_MinPixelValue,registered,TC3 Vision Base,src/sln/lib/mobject-graph-vision-pack/Nodes/Image Analysis/Node_F_VN_MinPixelValue.TcPOU,Vision/Image Analysis/F_VN_MinPixelValue,ITcVnImage; TcVnPoint2_DINT; TcVnVector4_LREAL,,,,,,,ipImage: ITcVnImage [In]; aMinValue: TcVnVector4_LREAL [InOut]; aPosition: TcVnPoint2_DINT [InOut]; hrPrev: HRESULT [In]
F_VN_MinPixelValueExp,Node_F_VN_MinPixelValueExp,registered,TC3 Vision Base,src/sln/lib/mobject-graph-vision-pack/Nodes/Image Analysis/Node_F_VN_MinPixelValueExp.TcPOU,Vision/Image Analysis/F_VN_MinPixelValueExp,ETcVnVectorCompareMethod; ITcVnImage; TcVnPoint2_DINT; TcVnVector4_LREAL,,,,,,,ipImage: ITcVnImage [In]; aMinValue: TcVnVector4_LREAL [InOut]; aPosition: TcVnPoint2_DINT [InOut]; ipMask: ITcVnImage [In] = 0; eVectorCompareMethod: ETcVnVectorCompareMethod [In] = TCVN_VCM_EUCLIDEAN; hrPrev: HRESULT [In]
F_VN_MixImageChannels,Node_F_VN_MixImageChannels,registered,TC3 Vision Base,src/sln/lib/mobject-graph-vision-pack/Nodes/Basic Image Ops/Node_F_VN_MixImageChannels.TcPOU,Vision/Basic Image Operations/F_VN_MixImageChannels,ITcVnContainer; ITcVnImage,,,,,,,ipSrcImage: ITcVnImage [In]; ipDestImage: Reference To ITcVnImage [In]; ipIndicesFromTo: ITcVnContainer [In]; hrPrev: HRESULT [In]
F_VN_MorphologicalOperator,Node_F_VN_MorphologicalOperator,registered,TC3 Vision Base,src/sln/lib/mobject-graph-vision-pack/Nodes/Image Filtering/Node_F_VN_MorphologicalOperator.TcPOU,Vision/Image Filtering/F_VN_MorphologicalOperator,ETcVnMorphologicalOperator; ITcVnImage,,,,,,,ipSrcImage: ITcVnImage [In]; ipDestImage: Reference To ITcVnImage [In]; eOperator: ETcVnMorphologicalOperator [In]; ipStructuringElement: ITcVnImage [In]; hrPrev: HRESULT [In]
F_VN_MultiplyContainers,Node_F_VN_MultiplyContainers,registered,TC3 Vision Base,src/sln/lib/mobject-graph-vision-pack/Nodes/Algebraic Container Ops/Node_F_VN_MultiplyContainers.TcPOU,Vision/Algebraic Container Operations/F_VN_MultiplyContainers,ITcVnContainer,,,,,,,ipSrcContainer1: ITcVnContainer [In]; ipSrcContainer2: ITcVnContainer [In]; ipDestContainer: Reference To ITcVnContainer [In]; hrPrev: HRESULT [In]
F_VN_MultiplyImageWithScalar,Node_F_VN_MultiplyImageWithScalar,registered,TC3 Vision Base,src/sln/lib/mobject-graph-vision-pack/Nodes/Algebraic Image Ops/Node_F_VN_MultiplyImageWithScalar.TcPOU,Vision/Algebraic Image Operations/F_VN_MultiplyImageWithScalar,ITcVnImage,,,,,,,fScalar: LREAL [In]; ipSrcImage: ITcVnImage [In]; ipDestImage: Reference To ITcVnImage [In]; hrPrev: HRESULT [In]
F_VN_MultiplyImageWithVector,Node_F_VN_MultiplyImageWithVector,registered,TC3 Vision Base,src/sln/lib/mobject-graph-vision-pack/Nodes/Algebraic Image Ops/Node_F_VN_MultiplyImageWithVector.TcPOU,Vision/Algebraic Image Operations/F_VN_MultiplyImageWithVector,ITcVnImage; TcVnVector4_LREAL,,,,,,,aVector: TcVnVector4_LREAL [InOut]; ipSrcImage: ITcVnImage [In]; ipDestImage: Reference To ITcVnImage [In]; hrPrev: HRESULT [In]
F_VN_MultiplyImages,Node_F_VN_MultiplyImages,registered,TC3 Vision Base,src/sln/lib/mobject-graph-vision-pack/Nodes/Algebraic Image Ops/Node_F_VN_MultiplyImages.TcPOU,Vision/Algebraic Image Operations/F_VN_MultiplyImages,ITcVnImage,,,,,,,ipSrcImage1: ITcVnImage [In]; ipSrcImage2: ITcVnImage [In]; ipDestImage: Reference To ITcVnImage [In]; hrPrev: HRESULT [In]
F_VN_MultiplyMatrices,Node_F_VN_MultiplyMatrices,excluded_from_build,TC3 Vision Base,src/sln/lib/mobject-graph-vision-pack/Nodes/Miscellaneous/Node_F_VN_MultiplyMatrices.TcPOU,,TcVnMatrix,TcVnMatrix,,,,,,stSrcMatrix1: TcVnMatrix [InOut]; stSrcMatrix2: TcVnMatrix [InOut]; stDestMatrix: TcVnMatrix [InOut]; hrPrev: HRESULT [In]
F_VN_MultiplyWithContainerElements1,Node_F_VN_MultiplyWithContainerElements1,missing,TC3 Vision Base,,,ITcVnContainer,,,,,,,fValue: LREAL [In]; ipContainer: ITcVnContainer [In]; hrPrev: HRESULT [In]
F_VN_MultiplyWithContainerElements2,Node_F_VN_MultiplyWithContainerElements2,missing,TC3 Vision Base,,,ITcVnContainer; TcVnVector2_LREAL,,,,,,,aValue: TcVnVector2_LREAL [InOut]; ipContainer: ITcVnContainer [In]; hrPrev: HRESULT [In]
F_VN_MultiplyWithContainerElements3,Node_F_VN_MultiplyWithContainerElements3,missing,TC3 Vision Base,,,ITcVnContainer; TcVnVector3_LREAL,,,,,,,aValue: TcVnVector3_LREAL [InOut]; ipContainer: ITcVnContainer [In]; hrPrev: HRESULT [In]
F_VN_MultiplyWithContainerElements4,Node_F_VN_MultiplyWithContainerElements4,missing,TC3 Vision Base,,,ITcVnContainer; TcVnVector4_LREAL,,,,,,,aValue: TcVnVector4_LREAL [InOut]; ipContainer: ITcVnContainer [In]; hrPrev: HRESULT [In]
F_VN_NegateContainer,Node_F_VN_NegateContainer,registered,TC3 Vision Base,src/sln/lib/mobject-graph-vision-pack/Nodes/Algebraic Container Ops/Node_F_VN_NegateContainer.TcPOU,Vision/Algebraic Container Operations/F_VN_NegateContainer,ITcVnContainer,,,,,,,ipSrcContainer: ITcVnContainer [In]; ipDestContainer: Reference To ITcVnContainer [In]; hrPrev: HRESULT [In]
F_VN_NonMaxSuppression,Node_F_VN_NonMaxSuppression,missing,TC3 Vision Base,,,ITcVnContainer,,,,,,,ipBoundingBoxes: ITcVnContainer [In]; ipScores: ITcVnContainer [In]; ipDestIndcies: Reference To ITcVnContainer [In]; fScoreThreshold: REAL [In]; fOverlapThreshold: REAL [In]; hrPrev: HRESULT [In]
F_VN_NonMaxSuppressionExp,Node_F_VN_NonMaxSuppressionExp,missing,TC3 Vision Base,,,ITcVnContainer,,,,,,,ipBoundingBoxes: ITcVnContainer [In]; ipScores: ITcVnContainer [In]; ipDestIndcies: Reference To ITcVnContainer [In]; fScoreThreshold: REAL [In]; fOverlapThreshold: REAL [In]; ipClassIndcies: ITcVnContainer [In] = 0; fEta: REAL [In] = 1.0; nTopK: DINT [In] = 0; hrPrev: HRESULT [In]
F_VN_NormalizeImage,Node_F_VN_NormalizeImage,registered,TC3 Vision Base,src/sln/lib/mobject-graph-vision-pack/Nodes/Image Color and Contrast Processing/Node_F_VN_NormalizeImage.TcPOU,Vision/Image Color and Contrast Processing/F_VN_NormalizeImage,ITcVnImage,,,,,,,ipSrcImage: ITcVnImage [In]; ipDestImage: Reference To ITcVnImage [In]; hrPrev: HRESULT [In]
F_VN_NormalizeImageExp,Node_F_VN_NormalizeImageExp,registered,TC3 Vision Base,src/sln/lib/mobject-graph-vision-pack/Nodes/Image Color and Contrast Processing/Node_F_VN_NormalizeImageExp.TcPOU,Vision/Image Color and Contrast Processing/F_VN_NormalizeImageExp,ETcVnElementType; ETcVnNormalizationType; ITcVnImage,,,,,,,ipSrcImage: ITcVnImage [In]; ipDestImage: Reference To ITcVnImage [In]; fAlpha: LREAL [In] = 0; fBeta: LREAL [In] = 255; eNormType: ETcVnNormalizationType [In] = TCVN_NT_MINMAX; eDestType: ETcVnElementType [In] = TCVN_ET_SAME_AS_SOURCE; ipMask: ITcVnImage [In] = 0; hrPrev: HRESULT [In]
F_VN_NormalizeImageForDisplay,Node_F_VN_NormalizeImageForDisplay,registered,TC3 Vision Base,src/sln/lib/mobject-graph-vision-pack/Nodes/Image Color and Contrast Processing/Node_F_VN_NormalizeImageForDisplay.TcPOU,Vision/Image Color and Contrast Processing/F_VN_NormalizeImageForDisplay,ETcVnSignedNormalization; ITcVnImage,,,,,,,ipSrcImage: ITcVnImage [In]; ipDestImage: Reference To ITcVnImage [In]; eSignedNormalization: ETcVnSignedNormalization [In]; hrPrev: HRESULT [In]
F_VN_OCR,Node_F_VN_OCR,registered,TC3 Vision OCR,src/sln/lib/mobject-graph-vision-pack/Nodes/OCR/Node_F_VN_OCR.TcPOU,Vision/OCR/F_VN_OCR,ITcVnContainer; ITcVnImage,,,,,,,ipSrcImage: ITcVnImage [In]; eModel: ULINT [In]; ipCharacters: Reference To ITcVnContainer [In]; hrPrev: HRESULT [In]
F_VN_OCRExp,Node_F_VN_OCRExp,registered,TC3 Vision OCR,src/sln/lib/mobject-graph-vision-pack/Nodes/OCR/Node_F_VN_OCRExp.TcPOU,Vision/OCR/F_VN_OCRExp,ITcVnContainer; ITcVnImage,,,,,,,"ipSrcImage: ITcVnImage [In]; eModel: ULINT [In]; ipCharacters: Reference To ITcVnContainer [In]; sPattern: STRING [In] = """"; eOcrOptions: UDINT [In] = TCVN_OO_NONE; ipBoundingBoxes: Reference To ITcVnContainer [In] = 0; ipConfidences: Reference To ITcVnContainer [In] = 0; hrPrev: HRESULT [In]; fMinConfidence: REAL [Out]"
F_VN_OptimalDftSize,Node_F_VN_OptimalDftSize,registered,TC3 Vision Base,src/sln/lib/mobject-graph-vision-pack/Nodes/Fourier Analysis/Node_F_VN_OptimalDftSize.TcPOU,Vision/Fourier Analysis/F_VN_OptimalDftSize,ITcVnImage,,,,,,,ipImage: ITcVnImage [In]; nOptWidth: UDINT [InOut]; nOptHeight: UDINT [InOut]; hrPrev: HRESULT [In]
F_VN_OrthogonalVector_TcVnVector2_DINT,Node_F_VN_OrthogonalVector_TcVnVector2_DINT,registered,TC3 Vision Base,src/sln/lib/mobject-graph-vision-pack/Nodes/Miscellaneous/Node_F_VN_OrthogonalVector_TcVnVector2_DINT.TcPOU,Vision/Miscellaneous/F_VN_OrthogonalVector_TcVnVector2_DINT,TcVnVector2_DINT; TcVnVector2_LREAL,,,,,,,aSrc: TcVnVector2_DINT [InOut]; aOrthogonal: TcVnVector2_LREAL [InOut]; bNormalize: BOOL [In]; hrPrev: HRESULT [In]
F_VN_OrthogonalVector_TcVnVector2_LREAL,Node_F_VN_OrthogonalVector_TcVnVector2_LREAL,registered,TC3 Vision Base,src/sln/lib/mobject-graph-vision-pack/Nodes/Miscellaneous/Node_F_VN_OrthogonalVector_TcVnVector2_LREAL.TcPOU,Vision/Miscellaneous/F_VN_OrthogonalVector_TcVnVector2_LREAL,TcVnVector2_LREAL,,,,,,,aSrc: TcVnVector2_LREAL [InOut]; aOrthogonal: TcVnVector2_LREAL [InOut]; bNormalize: BOOL [In]; hrPrev: HRESULT [In]
F_VN_OrthogonalVector_TcVnVector2_REAL,Node_F_VN_OrthogonalVector_TcVnVector2_REAL,registered,TC3 Vision Base,src/sln/lib/mobject-graph-vision-pack/Nodes/Miscellaneous/Node_F_VN_OrthogonalVector_TcVnVector2_REAL.TcPOU,Vision/Miscellaneous/F_VN_OrthogonalVector_TcVnVector2_REAL,TcVnVector2_REAL,,,,,,,aSrc: TcVnVector2_REAL [InOut]; aOrthogonal: TcVnVector2_REAL [InOut]; bNormalize: BOOL [In]; hrPrev: HRESULT [In]
F_VN_PadImageBorder,Node_F_VN_PadImageBorder,registered,TC3 Vision Base,src/sln/lib/mobject-graph-vision-pack/Nodes/Basic Image Ops/Node_F_VN_PadImageBorder.TcPOU,Vision/Basic Image Operations/F_VN_PadImageBorder,ITcVnImage,,,,,,,ipSrcImage: ITcVnImage [In]; ipPaddedImage: Reference To ITcVnImage [In]; nTopBorder: UDINT [In]; nBottomBorder: UDINT [In]; nLeftBorder: UDINT [In]; nRightBorder: UDINT [In]; hrPrev: HRESULT [In]
F_VN_PadImageBorderExp,Node_F_VN_PadImageBorderExp,registered,TC3 Vision Base,src/sln/lib/mobject-graph-vision-pack/Nodes/Basic Image Ops/Node_F_VN_PadImageBorderExp.TcPOU,Vision/Basic Image Operations/F_VN_PadImageBorderExp,ETcVnBorderInterpolationMethod; ITcVnImage; TcVnVector4_LREAL,,,,,,,"ipSrcImage: ITcVnImage [In]; ipPaddedImage: Reference To ITcVnImage [In]; nTopBorder: UDINT [In]; nBottomBorder: UDINT [In]; nLeftBorder: UDINT [In]; nRightBorder: UDINT [In]; ePaddingType: ETcVnBorderInterpolationMethod [In] = TCVN_BIM_CONSTANT; aPaddingValue: TcVnVector4_LREAL [InOut] = {0, 0, 0, 0}; hrPrev: HRESULT [In]"
F_VN_PerspectiveTransformation,Node_F_VN_PerspectiveTransformation,registered,TC3 Vision Base,src/sln/lib/mobject-graph-vision-pack/Nodes/Geometric and Coord Transform/Node_F_VN_PerspectiveTransformation.TcPOU,Vision/Geometric and Coordinate Transformations/F_VN_PerspectiveTransformation,ITcVnContainer; TcVnMatrix3x3_LREAL; TcVnVector3_LREAL,,,,,,,ipSrcPoints: ITcVnContainer [In]; ipDestPoints: Reference To ITcVnContainer [In]; aRotationMatrix: TcVnMatrix3x3_LREAL [InOut]; aTranslationVector: TcVnVector3_LREAL [InOut]; hrPrev: HRESULT [In]
F_VN_PlotIntensityProfile,Node_F_VN_PlotIntensityProfile,registered,TC3 Vision Base,src/sln/lib/mobject-graph-vision-pack/Nodes/Drawing/Node_F_VN_PlotIntensityProfile.TcPOU,Vision/Drawing/F_VN_PlotIntensityProfile,ITcVnImage; TcVnPoint2_REAL,,,,,,,ipSrcImage: ITcVnImage [In]; ipDestImage: Reference To ITcVnImage [In]; aStartPoint: TcVnPoint2_REAL [InOut]; aEndPoint: TcVnPoint2_REAL [InOut]; hrPrev: HRESULT [In]
F_VN_PlotIntensityProfileExp,Node_F_VN_PlotIntensityProfileExp,registered,TC3 Vision Base,src/sln/lib/mobject-graph-vision-pack/Nodes/Drawing/Node_F_VN_PlotIntensityProfileExp.TcPOU,Vision/Drawing/F_VN_PlotIntensityProfileExp,ITcVnImage; TcVnPoint2_REAL; TcVnVector4_LREAL,,,,,,,"ipSrcImage: ITcVnImage [In]; ipDestImage: Reference To ITcVnImage [In]; aStartPoint: TcVnPoint2_REAL [InOut]; aEndPoint: TcVnPoint2_REAL [InOut]; aBackgroundColor: TcVnVector4_LREAL [InOut] = {0, 0, 0, 0}; aLineColor: TcVnVector4_LREAL [InOut] = {255, 255, 255, 255}; aGridColor: TcVnVector4_LREAL [InOut] = {64, 64, 64, 64}; nScaleX: DINT [In] = 2; nScaleY: DINT [In] = 2; nThickness: DINT [In] = 1; nDestChannels: DINT [In] = 1; hrPrev: HRESULT [In]"
F_VN_PointToLineDistance_TcVnPoint2_DINT,Node_F_VN_PointToLineDistance_TcVnPoint2_DINT,registered,TC3 Vision Base,src/sln/lib/mobject-graph-vision-pack/Nodes/Miscellaneous/Node_F_VN_PointToLineDistance_TcVnPoint2_DINT.TcPOU,Vision/Miscellaneous/F_VN_PointToLineDistance_TcVnPoint2_DINT,TcVnPoint2_DINT,,,,,,,aPoint: TcVnPoint2_DINT [InOut]; aLinePoint1: TcVnPoint2_DINT [InOut]; aLinePoint2: TcVnPoint2_DINT [InOut]; fDistance: LREAL [InOut]; hrPrev: HRESULT [In]
F_VN_PointToLineDistance_TcVnPoint2_LREAL,Node_F_VN_PointToLineDistance_TcVnPoint2_LREAL,registered,TC3 Vision Base,src/sln/lib/mobject-graph-vision-pack/Nodes/Miscellaneous/Node_F_VN_PointToLineDistance_TcVnPoint2_LREAL.TcPOU,Vision/Miscellaneous/F_VN_PointToLineDistance_TcVnPoint2_LREAL,TcVnPoint2_LREAL,,,,,,,aPoint: TcVnPoint2_LREAL [InOut]; aLinePoint1: TcVnPoint2_LREAL [InOut]; aLinePoint2: TcVnPoint2_LREAL [InOut]; fDistance: LREAL [InOut]; hrPrev: HRESULT [In]
F_VN_PointToLineDistance_TcVnPoint2_REAL,Node_F_VN_PointToLineDistance_TcVnPoint2_REAL,registered,TC3 Vision Base,src/sln/lib/mobject-graph-vision-pack/Nodes/Miscellaneous/Node_F_VN_PointToLineDistance_TcVnPoint2_REAL.TcPOU,Vision/Miscellaneous/F_VN_PointToLineDistance_TcVnPoint2_REAL,TcVnPoint2_REAL,,,,,,,aPoint: TcVnPoint2_REAL [InOut]; aLinePoint1: TcVnPoint2_REAL [InOut]; aLinePoint2: TcVnPoint2_REAL [InOut]; fDistance: LREAL [InOut]; hrPrev: HRESULT [In]
F_VN_PointToPointDirection_TcVnPoint2_DINT,Node_F_VN_PointToPointDirection_TcVnPoint2_DINT,registered,TC3 Vision Base,src/sln/lib/mobject-graph-vision-pack/Nodes/Miscellaneous/Node_F_VN_PointToPointDirection_TcVnPoint2_DINT.TcPOU,Vision/Miscellaneous/F_VN_PointToPointDirection_TcVnPoint2_DINT,TcVnPoint2_DINT; TcVnVector2_LREAL,,,,,,,aPoint1: TcVnPoint2_DINT [InOut]; aPoint2: TcVnPoint2_DINT [InOut]; aDirection: TcVnVector2_LREAL [InOut]; bNormalize: BOOL [In]; hrPrev: HRESULT [In]
F_VN_PointToPointDirection_TcVnPoint2_LREAL,Node_F_VN_PointToPointDirection_TcVnPoint2_LREAL,registered,TC3 Vision Base,src/sln/lib/mobject-graph-vision-pack/Nodes/Miscellaneous/Node_F_VN_PointToPointDirection_TcVnPoint2_LREAL.TcPOU,Vision/Miscellaneous/F_VN_PointToPointDirection_TcVnPoint2_LREAL,TcVnPoint2_LREAL; TcVnVector2_LREAL,,,,,,,aPoint1: TcVnPoint2_LREAL [InOut]; aPoint2: TcVnPoint2_LREAL [InOut]; aDirection: TcVnVector2_LREAL [InOut]; bNormalize: BOOL [In]; hrPrev: HRESULT [In]
F_VN_PointToPointDirection_TcVnPoint2_REAL,Node_F_VN_PointToPointDirection_TcVnPoint2_REAL,registered,TC3 Vision Base,src/sln/lib/mobject-graph-vision-pack/Nodes/Miscellaneous/Node_F_VN_PointToPointDirection_TcVnPoint2_REAL.TcPOU,Vision/Miscellaneous/F_VN_PointToPointDirection_TcVnPoint2_REAL,TcVnPoint2_REAL; TcVnVector2_REAL,,,,,,,aPoint1: TcVnPoint2_REAL [InOut]; aPoint2: TcVnPoint2_REAL [InOut]; aDirection: TcVnVector2_REAL [InOut]; bNormalize: BOOL [In]; hrPrev: HRESULT [In]
F_VN_PointToPointDistance_TcVnPoint2_DINT,Node_F_VN_PointToPointDistance_TcVnPoint2_DINT,registered,TC3 Vision Base,src/sln/lib/mobject-graph-vision-pack/Nodes/Miscellaneous/Node_F_VN_PointToPointDistance_TcVnPoint2_DINT.TcPOU,Vision/Miscellaneous/F_VN_PointToPointDistance_TcVnPoint2_DINT,TcVnPoint2_DINT,,,,,,,aPoint1: TcVnPoint2_DINT [InOut]; aPoint2: TcVnPoint2_DINT [InOut]; fDistance: LREAL [InOut]; hrPrev: HRESULT [In]
F_VN_PointToPointDistance_TcVnPoint2_LREAL,Node_F_VN_PointToPointDistance_TcVnPoint2_LREAL,registered,TC3 Vision Base,src/sln/lib/mobject-graph-vision-pack/Nodes/Miscellaneous/Node_F_VN_PointToPointDistance_TcVnPoint2_LREAL.TcPOU,Vision/Miscellaneous/F_VN_PointToPointDistance_TcVnPoint2_LREAL,TcVnPoint2_LREAL,,,,,,,aPoint1: TcVnPoint2_LREAL [InOut]; aPoint2: TcVnPoint2_LREAL [InOut]; fDistance: LREAL [InOut]; hrPrev: HRESULT [In]
F_VN_PointToPointDistance_TcVnPoint2_REAL,Node_F_VN_PointToPointDistance_TcVnPoint2_REAL,registered,TC3 Vision Base,src/sln/lib/mobject-graph-vision-pack/Nodes/Miscellaneous/Node_F_VN_PointToPointDistance_TcVnPoint2_REAL.TcPOU,Vision/Miscellaneous/F_VN_PointToPointDistance_TcVnPoint2_REAL,TcVnPoint2_REAL,,,,,,,aPoint1: TcVnPoint2_REAL [InOut]; aPoint2: TcVnPoint2_REAL [InOut]; fDistance: LREAL [InOut]; hrPrev: HRESULT [In]
F_VN_PolarizedImageGlareReduction,Node_F_VN_PolarizedImageGlareReduction,registered,TC3 Vision Base,src/sln/lib/mobject-graph-vision-pack/Nodes/Polarization/Node_F_VN_PolarizedImageGlareReduction.TcPOU,Vision/Polarization/F_VN_PolarizedImageGlareReduction,ETcVnPixelEncoding; ITcVnImage,,,,,,,ipPolarizedImage: ITcVnImage [In]; ipDestImage: Reference To ITcVnImage [In]; eEncoding: ETcVnPixelEncoding [In]; fIndex: REAL [In]; hrPrev: HRESULT [In]
F_VN_PredictBatch,Node_F_VN_PredictBatch,missing,TC3 Machine Learning Realtime Inference,,,ITcVnContainer; ITcVnMlModel,ITcVnMlModel,,ITcUnknown,,,,ipMlModel: ITcVnMlModel [In]; ipSamples: ITcUnknown [In]; ipPredictions: Reference To ITcVnContainer [In]; hrPrev: HRESULT [In]
F_VN_PredictBatchExp,Node_F_VN_PredictBatchExp,missing,TC3 Machine Learning Realtime Inference,,,ITcVnContainer; ITcVnMlModel,ITcVnMlModel,,ITcUnknown,,,,ipMlModel: ITcVnMlModel [In]; ipSamples: ITcUnknown [In]; ipPredictions: Reference To ITcVnContainer [In]; ipNovelties: Reference To ITcVnContainer [In] = 0; hrPrev: HRESULT [In]
F_VN_PredictSampleClass,Node_F_VN_PredictSampleClass,missing,TC3 Machine Learning Realtime Inference,,,ITcVnMlModel,ITcVnMlModel,,ITcUnknown,,,,ipClassifier: ITcVnMlModel [In]; ipSample: ITcUnknown [In]; nClass: DINT [InOut]; hrPrev: HRESULT [In]
F_VN_PredictSampleClassExp,Node_F_VN_PredictSampleClassExp,missing,TC3 Machine Learning Realtime Inference,,,ITcVnMlModel,ITcVnMlModel,,ITcUnknown,,,,ipClassifier: ITcVnMlModel [In]; ipSample: ITcUnknown [In]; nClass: DINT [InOut]; fNovelty: Reference To REAL [In] = 0; hrPrev: HRESULT [In]
F_VN_PredictSampleScalar,Node_F_VN_PredictSampleScalar,missing,TC3 Machine Learning Realtime Inference,,,ITcVnMlModel,ITcVnMlModel,,ITcUnknown,,,,ipRegressor: ITcVnMlModel [In]; ipSample: ITcUnknown [In]; fPrediction: REAL [InOut]; hrPrev: HRESULT [In]
F_VN_PredictSampleScalarExp,Node_F_VN_PredictSampleScalarExp,missing,TC3 Machine Learning Realtime Inference,,,ITcVnMlModel,ITcVnMlModel,,ITcUnknown,,,,ipRegressor: ITcVnMlModel [In]; ipSample: ITcUnknown [In]; fPrediction: REAL [InOut]; fNovelty: Reference To REAL [In] = 0; hrPrev: HRESULT [In]
F_VN_PredictSampleVector,Node_F_VN_PredictSampleVector,missing,TC3 Machine Learning Realtime Inference,,,ITcVnContainer; ITcVnMlModel,ITcVnMlModel,,ITcUnknown,,,,ipRegressor: ITcVnMlModel [In]; ipSample: ITcUnknown [In]; ipPrediction: Reference To ITcVnContainer [In]; hrPrev: HRESULT [In]
F_VN_PredictSampleVectorExp,Node_F_VN_PredictSampleVectorExp,missing,TC3 Machine Learning Realtime Inference,,,ITcVnContainer; ITcVnMlModel,ITcVnMlModel,,ITcUnknown,,,,ipRegressor: ITcVnMlModel [In]; ipSample: ITcUnknown [In]; ipPrediction: Reference To ITcVnContainer [In]; fNovelty: Reference To REAL [In] = 0; hrPrev: HRESULT [In]
F_VN_PutLabel,Node_F_VN_PutLabel,registered,TC3 Vision Base,src/sln/lib/mobject-graph-vision-pack/Nodes/Drawing/Node_F_VN_PutLabel.TcPOU,Vision/Drawing/F_VN_PutLabel,ITcVnImage,,,,,,,sText: STRING [In]; ipDestImage: ITcVnImage [In]; nX: UDINT [In]; nY: UDINT [In]; fFontScale: LREAL [In]; hrPrev: HRESULT [In]
F_VN_PutLabelExp,Node_F_VN_PutLabelExp,registered,TC3 Vision Base,src/sln/lib/mobject-graph-vision-pack/Nodes/Drawing/Node_F_VN_PutLabelExp.TcPOU,Vision/Drawing/F_VN_PutLabelExp,ETcVnFontType; ETcVnLineType; ITcVnImage; TcVnVector4_LREAL,,,,,,,"sText: STRING [In]; ipDestImage: ITcVnImage [In]; nX: UDINT [In]; nY: UDINT [In]; fFontScale: LREAL [In]; nThickness: UDINT [In] = 1; eFontType: ETcVnFontType [In] = TCVN_FT_HERSHEY_SIMPLEX; aFontColor: TcVnVector4_LREAL [InOut] = {0, 0, 0, 0}; aBackgroundColor: TcVnVector4_LREAL [InOut] = {255, 255, 255, 255}; eLineType: ETcVnLineType [In] = TCVN_LT_4_CONNECTED; hrPrev: HRESULT [In]"
F_VN_PutText,Node_F_VN_PutText,registered,TC3 Vision Base,src/sln/lib/mobject-graph-vision-pack/Nodes/Drawing/Node_F_VN_PutText.TcPOU,Vision/Drawing/F_VN_PutText,ETcVnFontType; ITcVnImage; TcVnVector4_LREAL,,,,,,,sText: STRING [In]; ipDestImage: ITcVnImage [In]; nX: UDINT [In]; nY: UDINT [In]; eFontType: ETcVnFontType [In]; fFontScale: LREAL [In]; aColor: TcVnVector4_LREAL [InOut]; hrPrev: HRESULT [In]
F_VN_PutTextExp,Node_F_VN_PutTextExp,registered,TC3 Vision Base,src/sln/lib/mobject-graph-vision-pack/Nodes/Drawing/Node_F_VN_PutTextExp.TcPOU,Vision/Drawing/F_VN_PutTextExp,ETcVnFontType; ETcVnLineType; ITcVnImage; TcVnVector4_LREAL,,,,,,,sText: STRING [In]; ipDestImage: ITcVnImage [In]; nX: UDINT [In]; nY: UDINT [In]; eFontType: ETcVnFontType [In]; fFontScale: LREAL [In]; aColor: TcVnVector4_LREAL [InOut]; nThickness: DINT [In] = 1; eLineType: ETcVnLineType [In] = TCVN_LT_8_CONNECTED; bBottomLeftOrigin: BOOL [In] = FALSE; hrPrev: HRESULT [In]
F_VN_PyramidDown,Node_F_VN_PyramidDown,registered,TC3 Vision Base,src/sln/lib/mobject-graph-vision-pack/Nodes/Geometric and Coord Transform/Node_F_VN_PyramidDown.TcPOU,Vision/Geometric and Coordinate Transformations/F_VN_PyramidDown,ITcVnImage,,,,,,,ipSrcImage: ITcVnImage [In]; ipDestImage: Reference To ITcVnImage [In]; hrPrev: HRESULT [In]
F_VN_PyramidUp,Node_F_VN_PyramidUp,registered,TC3 Vision Base,src/sln/lib/mobject-graph-vision-pack/Nodes/Geometric and Coord Transform/Node_F_VN_PyramidUp.TcPOU,Vision/Geometric and Coordinate Transformations/F_VN_PyramidUp,ITcVnImage,,,,,,,ipSrcImage: ITcVnImage [In]; ipDestImage: Reference To ITcVnImage [In]; hrPrev: HRESULT [In]
F_VN_ReadBarcode,Node_F_VN_ReadBarcode,registered,TC3 Vision Code Reading,src/sln/lib/mobject-graph-vision-pack/Nodes/Code Reading/Node_F_VN_ReadBarcode.TcPOU,Vision/Code Reading/F_VN_ReadBarcode,ITcVnContainer; ITcVnImage,,,,,,,ipSrcImage: ITcVnImage [In]; ipDecodedData: Reference To ITcVnContainer [In]; eBarcodeType: UDINT [In]; hrPrev: HRESULT [In]
F_VN_ReadBarcodeExp,Node_F_VN_ReadBarcodeExp,registered,TC3 Vision Code Reading,src/sln/lib/mobject-graph-vision-pack/Nodes/Code Reading/Node_F_VN_ReadBarcodeExp.TcPOU,Vision/Code Reading/F_VN_ReadBarcodeExp,ETcVnBarcodeSearchDirection; ITcVnContainer; ITcVnImage,,,,,,,ipSrcImage: ITcVnImage [In]; ipDecodedData: Reference To ITcVnContainer [In]; ipContours: Reference To ITcVnContainer [In]; eBarcodeType: UDINT [In]; nCodeNumber: DINT [In]; eSearchDirection: ETcVnBarcodeSearchDirection [In]; hrPrev: HRESULT [In]
F_VN_ReadBarcodeExp2,Node_F_VN_ReadBarcodeExp2,registered,TC3 Vision Code Reading,src/sln/lib/mobject-graph-vision-pack/Nodes/Code Reading/Node_F_VN_ReadBarcodeExp2.TcPOU,Vision/Code Reading/F_VN_ReadBarcodeExp2,ETcVnBarcodeSearchDirection; ITcVnContainer; ITcVnImage,,,,,,,ipSrcImage: ITcVnImage [In]; ipDecodedData: Reference To ITcVnContainer [In]; ipContours: Reference To ITcVnContainer [In]; eBarcodeType: UDINT [In]; nCodeNumber: DINT [In]; eSearchDirection: ETcVnBarcodeSearchDirection [In]; ipAngles: Reference To ITcVnContainer [In] = 0; hrPrev: HRESULT [In]
F_VN_ReadBarcodeRoi,Node_F_VN_ReadBarcodeRoi,missing,TC3 Vision Code Reading,,,ETcVnBarcodeType; ITcVnContainer; ITcVnImage,,,,,,,ipSrcImage: ITcVnImage [In]; ipDecodedData: Reference To ITcVnContainer [In]; eBarcodeType: ETcVnBarcodeType [In]; hrPrev: HRESULT [In]; fAngleDeg: REAL [Out]
F_VN_ReadBarcodeRoiExp,Node_F_VN_ReadBarcodeRoiExp,missing,TC3 Vision Code Reading,,,ETcVnBarcodeSearchDirection; ETcVnBarcodeType; ITcVnContainer; ITcVnImage,,,,,,,ipSrcImage: ITcVnImage [In]; ipDecodedData: Reference To ITcVnContainer [In]; eBarcodeType: ETcVnBarcodeType [In]; eSearchDirection: ETcVnBarcodeSearchDirection [In] = TCVN_BSD_ANY; ipContour: Reference To ITcVnContainer [In] = 0; nMaxScans: DINT [In] = 30; hrPrev: HRESULT [In]; fAngleDeg: REAL [Out]
F_VN_ReadDataMatrixCode,Node_F_VN_ReadDataMatrixCode,registered,TC3 Vision Code Reading,src/sln/lib/mobject-graph-vision-pack/Nodes/Code Reading/Node_F_VN_ReadDataMatrixCode.TcPOU,Vision/Code Reading/F_VN_ReadDataMatrixCode,ITcVnContainer; ITcVnImage,,,,,,,ipSrcImage: ITcVnImage [In]; ipDecodedData: Reference To ITcVnContainer [In]; hrPrev: HRESULT [In]
F_VN_ReadDataMatrixCodeExp,Node_F_VN_ReadDataMatrixCodeExp,registered,TC3 Vision Code Reading,src/sln/lib/mobject-graph-vision-pack/Nodes/Code Reading/Node_F_VN_ReadDataMatrixCodeExp.TcPOU,Vision/Code Reading/F_VN_ReadDataMatrixCodeExp,ITcVnContainer; ITcVnImage,,,,,,,ipSrcImage: ITcVnImage [In]; ipDecodedData: Reference To ITcVnContainer [In]; ipContours: Reference To ITcVnContainer [In] = 0; nCodeNumber: DINT [In] = 1; eSearchStrategy: UDINT [In] = TCVN_CSS_DEFAULT; hrPrev: HRESULT [In]
F_VN_ReadDataMatrixCodeExp2,Node_F_VN_ReadDataMatrixCodeExp2,registered,TC3 Vision Code Reading,src/sln/lib/mobject-graph-vision-pack/Nodes/Code Reading/Node_F_VN_ReadDataMatrixCodeExp2.TcPOU,Vision/Code Reading/F_VN_ReadDataMatrixCodeExp2,ITcVnContainer; ITcVnImage,,,,,,,ipSrcImage: ITcVnImage [In]; ipDecodedData: Reference To ITcVnContainer [In]; ipContours: Reference To ITcVnContainer [In] = 0; nCodeNumber: DINT [In] = 1; eSearchStrategy: UDINT [In] = TCVN_CSS_DEFAULT; ipAngles: Reference To ITcVnContainer [In] = 0; hrPrev: HRESULT [In]
F_VN_ReadDataMatrixCodeRoi,Node_F_VN_ReadDataMatrixCodeRoi,registered,TC3 Vision Code Reading,src/sln/lib/mobject-graph-vision-pack/Nodes/Code Reading/Node_F_VN_ReadDataMatrixCodeRoi.TcPOU,Vision/Code Reading/F_VN_ReadDataMatrixCodeRoi,ITcVnContainer; ITcVnImage,,,,,,,ipSrcImage: ITcVnImage [In]; ipDecodedData: Reference To ITcVnContainer [In]; fModuleWidth: REAL [In]; hrPrev: HRESULT [In]; fAngleDeg: REAL [Out]
F_VN_ReadDataMatrixCodeRoiExp,Node_F_VN_ReadDataMatrixCodeRoiExp,missing,TC3 Vision Code Reading,,,ITcVnContainer; ITcVnImage,,,,,,,ipSrcImage: ITcVnImage [In]; ipDecodedData: Reference To ITcVnContainer [In]; fModuleWidth: REAL [In]; ipContour: Reference To ITcVnContainer [In] = 0; eOptions: ULINT [In] = TCVN_DMO_DEFAULT; nRows: USINT [In] = 0; nCols: USINT [In] = 0; bExtensiveSearch: BOOL [In] = TRUE; hrPrev: HRESULT [In]; fAngleDeg: REAL [Out]
F_VN_ReadDotCodeRoi,Node_F_VN_ReadDotCodeRoi,registered,TC3 Vision Code Reading,src/sln/lib/mobject-graph-vision-pack/Nodes/Code Reading/Node_F_VN_ReadDotCodeRoi.TcPOU,Vision/Code Reading/F_VN_ReadDotCodeRoi,ITcVnContainer; ITcVnImage,,,,,,,ipSrcImage: ITcVnImage [In]; ipDecodedData: Reference To ITcVnContainer [In]; fModuleWidth: REAL [In]; hrPrev: HRESULT [In]; fAngleDeg: REAL [Out]
F_VN_ReadDotCodeRoiExp,Node_F_VN_ReadDotCodeRoiExp,registered,TC3 Vision Code Reading,src/sln/lib/mobject-graph-vision-pack/Nodes/Code Reading/Node_F_VN_ReadDotCodeRoiExp.TcPOU,Vision/Code Reading/F_VN_ReadDotCodeRoiExp,ITcVnContainer; ITcVnImage,,,,,,,ipSrcImage: ITcVnImage [In]; ipDecodedData: Reference To ITcVnContainer [In]; fModuleWidth: REAL [In]; ipContour: Reference To ITcVnContainer [In] = 0; eOptions: ULINT [In] = TCVN_DCO_DEFAULT; hrPrev: HRESULT [In]; fAngleDeg: REAL [Out]
F_VN_ReadPharmaCode,Node_F_VN_ReadPharmaCode,registered,TC3 Vision Code Reading,src/sln/lib/mobject-graph-vision-pack/Nodes/Code Reading/Node_F_VN_ReadPharmaCode.TcPOU,Vision/Code Reading/F_VN_ReadPharmaCode,ITcVnContainer; ITcVnImage,,,,,,,ipSrcImage: ITcVnImage [In]; ipDecodedData: Reference To ITcVnContainer [In]; hrPrev: HRESULT [In]
F_VN_ReadPharmaCodeExp,Node_F_VN_ReadPharmaCodeExp,registered,TC3 Vision Code Reading,src/sln/lib/mobject-graph-vision-pack/Nodes/Code Reading/Node_F_VN_ReadPharmaCodeExp.TcPOU,Vision/Code Reading/F_VN_ReadPharmaCodeExp,ITcVnContainer; ITcVnImage,,,,,,,ipSrcImage: ITcVnImage [In]; ipDecodedData: Reference To ITcVnContainer [In]; ipContours: Reference To ITcVnContainer [In] = 0; nCodeNumber: DINT [In] = 1; nMinBarNumber: INT [In] = 4; hrPrev: HRESULT [In]
F_VN_ReadPharmaCodeExp2,Node_F_VN_ReadPharmaCodeExp2,registered,TC3 Vision Code Reading,src/sln/lib/mobject-graph-vision-pack/Nodes/Code Reading/Node_F_VN_ReadPharmaCodeExp2.TcPOU,Vision/Code Reading/F_VN_ReadPharmaCodeExp2,ITcVnContainer; ITcVnImage,,,,,,,ipSrcImage: ITcVnImage [In]; ipDecodedData: Reference To ITcVnContainer [In]; ipContours: Reference To ITcVnContainer [In] = 0; nCodeNumber: DINT [In] = 1; nMinBarNumber: INT [In] = 4; ipAngles: Reference To ITcVnContainer [In] = 0; hrPrev: HRESULT [In]
F_VN_ReadQRCode,Node_F_VN_ReadQRCode,registered,TC3 Vision Code Reading,src/sln/lib/mobject-graph-vision-pack/Nodes/Code Reading/Node_F_VN_ReadQRCode.TcPOU,Vision/Code Reading/F_VN_ReadQRCode,ITcVnContainer; ITcVnImage,,,,,,,ipSrcImage: ITcVnImage [In]; ipDecodedData: Reference To ITcVnContainer [In]; hrPrev: HRESULT [In]
F_VN_ReadQRCodeExp,Node_F_VN_ReadQRCodeExp,registered,TC3 Vision Code Reading,src/sln/lib/mobject-graph-vision-pack/Nodes/Code Reading/Node_F_VN_ReadQRCodeExp.TcPOU,Vision/Code Reading/F_VN_ReadQRCodeExp,ITcVnContainer; ITcVnImage,,,,,,,ipSrcImage: ITcVnImage [In]; ipDecodedData: Reference To ITcVnContainer [In]; ipContours: Reference To ITcVnContainer [In] = 0; nCodeNumber: DINT [In] = 1; eSearchStrategy: UDINT [In] = TCVN_CSS_DEFAULT; hrPrev: HRESULT [In]
F_VN_ReadQRCodeExp2,Node_F_VN_ReadQRCodeExp2,registered,TC3 Vision Code Reading,src/sln/lib/mobject-graph-vision-pack/Nodes/Code Reading/Node_F_VN_ReadQRCodeExp2.TcPOU,Vision/Code Reading/F_VN_ReadQRCodeExp2,ITcVnContainer; ITcVnImage,,,,,,,ipSrcImage: ITcVnImage [In]; ipDecodedData: Reference To ITcVnContainer [In]; ipContours: Reference To ITcVnContainer [In] = 0; nCodeNumber: DINT [In] = 1; eSearchStrategy: UDINT [In] = TCVN_CSS_DEFAULT; ipAngles: Reference To ITcVnContainer [In] = 0; hrPrev: HRESULT [In]
F_VN_Reduce,Node_F_VN_Reduce,registered,TC3 Vision Base,src/sln/lib/mobject-graph-vision-pack/Nodes/Neural Network/Node_F_VN_Reduce.TcPOU,Vision/Neural Network/F_VN_Reduce,ETcVnReduceType; ITcVnImage,,,,,,,ipSrcImage: ITcVnImage [In]; ipDestImage: Reference To ITcVnImage [In]; nDim: DINT [In]; eReduceType: ETcVnReduceType [In]; hrPrev: HRESULT [In]
F_VN_ReduceArg,Node_F_VN_ReduceArg,registered,TC3 Vision Base,src/sln/lib/mobject-graph-vision-pack/Nodes/Neural Network/Node_F_VN_ReduceArg.TcPOU,Vision/Neural Network/F_VN_ReduceArg,ITcVnImage,,,,,,,ipSrcImage: ITcVnImage [In]; ipDestImage: Reference To ITcVnImage [In]; nDim: DINT [In]; eReduceType: DINT [In]; hrPrev: HRESULT [In]
F_VN_ReferenceColorSimilarityExp_ITcVnColorModel,Node_F_VN_ReferenceColorSimilarityExp_ITcVnColorModel,missing,TC3 Vision Base,,,ITcVnColorModel; ITcVnImage,ITcVnColorModel,,,,,,ipSrcImage: ITcVnImage [In]; ipDestImage: Reference To ITcVnImage [In]; ipColorModel: ITcVnColorModel [In]; fVariance: REAL [In] = 0.15; fLuminanceWeight: REAL [In] = 0; hrPrev: HRESULT [In]
F_VN_ReferenceColorSimilarityExp_ITcVnMlModel,Node_F_VN_ReferenceColorSimilarityExp_ITcVnMlModel,missing,TC3 Vision Base,,,ITcVnImage; ITcVnMlModel,ITcVnMlModel,,,,,,ipSrcImage: ITcVnImage [In]; ipDestImage: Reference To ITcVnImage [In]; ipColorModel: ITcVnMlModel [In]; fVariance: REAL [In] = 0.15; fLuminanceWeight: REAL [In] = 0; hrPrev: HRESULT [In]
F_VN_ReferenceColorSimilarityExp_TcVnVector3_LREAL,Node_F_VN_ReferenceColorSimilarityExp_TcVnVector3_LREAL,registered,TC3 Vision Base,src/sln/lib/mobject-graph-vision-pack/Nodes/Image Color and Contrast Processing/Node_F_VN_ReferenceColorSimilarityExp_TcVnVector3_LREAL.TcPOU,Vision/Image Color and Contrast Processing/F_VN_ReferenceColorSimilarityExp_TcVnVector3_LREAL,ITcVnImage; TcVnVector3_LREAL,,,,,,,ipSrcImage: ITcVnImage [In]; ipDestImage: Reference To ITcVnImage [In]; aRefColor: TcVnVector3_LREAL [InOut]; fVariance: REAL [In] = 0.15; fLuminanceWeight: REAL [In] = 0; hrPrev: HRESULT [In]
F_VN_ReferenceColorSimilarity_ITcVnColorModel,Node_F_VN_ReferenceColorSimilarity_ITcVnColorModel,missing,TC3 Vision Base,,,ITcVnColorModel; ITcVnImage,ITcVnColorModel,,,,,,ipSrcImage: ITcVnImage [In]; ipDestImage: Reference To ITcVnImage [In]; ipColorModel: ITcVnColorModel [In]; hrPrev: HRESULT [In]
F_VN_ReferenceColorSimilarity_ITcVnMlModel,Node_F_VN_ReferenceColorSimilarity_ITcVnMlModel,missing,TC3 Vision Base,,,ITcVnImage; ITcVnMlModel,ITcVnMlModel,,,,,,ipSrcImage: ITcVnImage [In]; ipDestImage: Reference To ITcVnImage [In]; ipColorModel: ITcVnMlModel [In]; hrPrev: HRESULT [In]
F_VN_ReferenceColorSimilarity_TcVnVector3_LREAL,Node_F_VN_ReferenceColorSimilarity_TcVnVector3_LREAL,registered,TC3 Vision Base,src/sln/lib/mobject-graph-vision-pack/Nodes/Image Color and Contrast Processing/Node_F_VN_ReferenceColorSimilarity_TcVnVector3_LREAL.TcPOU,Vision/Image Color and Contrast Processing/F_VN_ReferenceColorSimilarity_TcVnVector3_LREAL,ITcVnImage; TcVnVector3_LREAL,,,,,,,ipSrcImage: ITcVnImage [In]; ipDestImage: Reference To ITcVnImage [In]; aRefColor: TcVnVector3_LREAL [InOut]; hrPrev: HRESULT [In]
F_VN_RegionOrientation,Node_F_VN_RegionOrientation,registered,TC3 Vision Base,src/sln/lib/mobject-graph-vision-pack/Nodes/Image Analysis/Node_F_VN_RegionOrientation.TcPOU,Vision/Image Analysis/F_VN_RegionOrientation,ITcVnImage; TcVnRotatedRectangle,,,,,,,ipSrcImage: ITcVnImage [In]; stOrientation: TcVnRotatedRectangle [InOut]; hrPrev: HRESULT [In]
F_VN_RegionOrientationExp,Node_F_VN_RegionOrientationExp,registered,TC3 Vision Base,src/sln/lib/mobject-graph-vision-pack/Nodes/Image Analysis/Node_F_VN_RegionOrientationExp.TcPOU,Vision/Image Analysis/F_VN_RegionOrientationExp,ETcVnOrientationMethod; ITcVnImage; TcVnRotatedRectangle,,,,,,,ipSrcImage: ITcVnImage [In]; stOrientation: TcVnRotatedRectangle [InOut]; eMethod: ETcVnOrientationMethod [In] = TCVN_OM_PCA; hrPrev: HRESULT [In]
F_VN_RegionsMSER,Node_F_VN_RegionsMSER,registered,TC3 Vision Matching,src/sln/lib/mobject-graph-vision-pack/Nodes/Keypoint Features/Node_F_VN_RegionsMSER.TcPOU,Vision/Keypoint Features/F_VN_RegionsMSER,ITcVnContainer; ITcVnImage,,,,,,,ipSrcImage: ITcVnImage [In]; ipRegions: Reference To ITcVnContainer [In]; ipBoundingBoxes: Reference To ITcVnContainer [In]; hrPrev: HRESULT [In]
F_VN_RegionsMSERExp,Node_F_VN_RegionsMSERExp,registered,TC3 Vision Matching,src/sln/lib/mobject-graph-vision-pack/Nodes/Keypoint Features/Node_F_VN_RegionsMSERExp.TcPOU,Vision/Keypoint Features/F_VN_RegionsMSERExp,ITcVnContainer; ITcVnImage; TcVnParamsMSER,,,,,,,"ipSrcImage: ITcVnImage [In]; ipRegions: Reference To ITcVnContainer [In]; ipBoundingBoxes: Reference To ITcVnContainer [In]; stParams: TcVnParamsMSER [InOut] = {5, 60, 14400, 0.25, 0.2, 200, 1.01, 0.003, 5}; hrPrev: HRESULT [In]"
F_VN_ReinterpretUnsupportedImage,Node_F_VN_ReinterpretUnsupportedImage,missing,TC3 Vision Base,,,ETcVnElementType; ITcVnImage,,,,,,,ipImage: ITcVnImage [In]; ePixelType: ETcVnElementType [In]; hrPrev: HRESULT [In]
F_VN_RemapImage,Node_F_VN_RemapImage,registered,TC3 Vision Base,src/sln/lib/mobject-graph-vision-pack/Nodes/Geometric and Coord Transform/Node_F_VN_RemapImage.TcPOU,Vision/Geometric and Coordinate Transformations/F_VN_RemapImage,ITcVnImage,,,,,,,ipSrcImage: ITcVnImage [In]; ipDestImage: Reference To ITcVnImage [In]; ipMap1: ITcVnImage [In]; ipMap2: ITcVnImage [In]; hrPrev: HRESULT [In]
F_VN_RemapImageExp,Node_F_VN_RemapImageExp,registered,TC3 Vision Base,src/sln/lib/mobject-graph-vision-pack/Nodes/Geometric and Coord Transform/Node_F_VN_RemapImageExp.TcPOU,Vision/Geometric and Coordinate Transformations/F_VN_RemapImageExp,ETcVnBorderInterpolationMethod; ETcVnInterpolationType; ITcVnImage; TcVnVector4_LREAL,,,,,,,"ipSrcImage: ITcVnImage [In]; ipDestImage: Reference To ITcVnImage [In]; ipMap1: ITcVnImage [In]; ipMap2: ITcVnImage [In]; bRelativeMap: BOOL [In] = FALSE; eInterpolationType: ETcVnInterpolationType [In] = TCVN_IT_BILINEAR; eBorderInterpolation: ETcVnBorderInterpolationMethod [In] = TCVN_BIM_CONSTANT; aBorderValue: TcVnVector4_LREAL [InOut] = {0, 0, 0, 0}; hrPrev: HRESULT [In]"
F_VN_RemapImageToLogPolarSpace,Node_F_VN_RemapImageToLogPolarSpace,registered,TC3 Vision Base,src/sln/lib/mobject-graph-vision-pack/Nodes/Geometric and Coord Transform/Node_F_VN_RemapImageToLogPolarSpace.TcPOU,Vision/Geometric and Coordinate Transformations/F_VN_RemapImageToLogPolarSpace,ITcVnImage; TcVnPoint2_REAL,,,,,,,ipSrcImage: ITcVnImage [In]; ipDestImage: Reference To ITcVnImage [In]; aCenter: TcVnPoint2_REAL [InOut]; hrPrev: HRESULT [In]
F_VN_RemapImageToLogPolarSpaceExp,Node_F_VN_RemapImageToLogPolarSpaceExp,registered,TC3 Vision Base,src/sln/lib/mobject-graph-vision-pack/Nodes/Geometric and Coord Transform/Node_F_VN_RemapImageToLogPolarSpaceExp.TcPOU,Vision/Geometric and Coordinate Transformations/F_VN_RemapImageToLogPolarSpaceExp,ETcVnInterpolationType; ITcVnImage; TcVnPoint2_REAL,,,,,,,ipSrcImage: ITcVnImage [In]; ipDestImage: Reference To ITcVnImage [In]; aCenter: TcVnPoint2_REAL [InOut]; fScale: LREAL [In] = 0; eInterpolationType: ETcVnInterpolationType [In] = TCVN_IT_BILINEAR; hrPrev: HRESULT [In]
F_VN_RemapImageToLogPolarSpaceExp2,Node_F_VN_RemapImageToLogPolarSpaceExp2,registered,TC3 Vision Base,src/sln/lib/mobject-graph-vision-pack/Nodes/Geometric and Coord Transform/Node_F_VN_RemapImageToLogPolarSpaceExp2.TcPOU,Vision/Geometric and Coordinate Transformations/F_VN_RemapImageToLogPolarSpaceExp2,ETcVnInterpolationType; ITcVnImage; TcVnPoint2_REAL,,,,,,,ipSrcImage: ITcVnImage [In]; ipDestImage: Reference To ITcVnImage [In]; aCenter: TcVnPoint2_REAL [InOut]; fScale: LREAL [In] = 0; eInterpolationType: ETcVnInterpolationType [In] = TCVN_IT_BILINEAR; nDestWidth: DINT [In] = -1; nDestHeight: DINT [In] = -1; hrPrev: HRESULT [In]
F_VN_RemapImageToPolarSpace,Node_F_VN_RemapImageToPolarSpace,registered,TC3 Vision Base,src/sln/lib/mobject-graph-vision-pack/Nodes/Geometric and Coord Transform/Node_F_VN_RemapImageToPolarSpace.TcPOU,Vision/Geometric and Coordinate Transformations/F_VN_RemapImageToPolarSpace,ITcVnImage; TcVnPoint2_REAL,,,,,,,ipSrcImage: ITcVnImage [In]; ipDestImage: Reference To ITcVnImage [In]; aCenter: TcVnPoint2_REAL [InOut]; hrPrev: HRESULT [In]
F_VN_RemapImageToPolarSpaceExp,Node_F_VN_RemapImageToPolarSpaceExp,registered,TC3 Vision Base,src/sln/lib/mobject-graph-vision-pack/Nodes/Geometric and Coord Transform/Node_F_VN_RemapImageToPolarSpaceExp.TcPOU,Vision/Geometric and Coordinate Transformations/F_VN_RemapImageToPolarSpaceExp,ETcVnInterpolationType; ITcVnImage; TcVnPoint2_REAL,,,,,,,ipSrcImage: ITcVnImage [In]; ipDestImage: Reference To ITcVnImage [In]; aCenter: TcVnPoint2_REAL [InOut]; fMaxRadius: LREAL [In] = 0; eInterpolationType: ETcVnInterpolationType [In] = TCVN_IT_BILINEAR; hrPrev: HRESULT [In]
F_VN_RemapImageToPolarSpaceExp2,Node_F_VN_RemapImageToPolarSpaceExp2,registered,TC3 Vision Base,src/sln/lib/mobject-graph-vision-pack/Nodes/Geometric and Coord Transform/Node_F_VN_RemapImageToPolarSpaceExp2.TcPOU,Vision/Geometric and Coordinate Transformations/F_VN_RemapImageToPolarSpaceExp2,ETcVnInterpolationType; ITcVnImage; TcVnPoint2_REAL,,,,,,,ipSrcImage: ITcVnImage [In]; ipDestImage: Reference To ITcVnImage [In]; aCenter: TcVnPoint2_REAL [InOut]; fMaxRadius: LREAL [In] = 0; eInterpolationType: ETcVnInterpolationType [In] = TCVN_IT_BILINEAR; nDestWidth: DINT [In] = -1; nDestHeight: DINT [In] = -1; hrPrev: HRESULT [In]
F_VN_RemoveLocalMaxima,Node_F_VN_RemoveLocalMaxima,registered,TC3 Vision Base,src/sln/lib/mobject-graph-vision-pack/Nodes/Image Filtering/Node_F_VN_RemoveLocalMaxima.TcPOU,Vision/Image Filtering/F_VN_RemoveLocalMaxima,ITcVnImage,,,,,,,ipSrcImage: ITcVnImage [In]; ipDestImage: Reference To ITcVnImage [In]; fHeight: LREAL [In]; hrPrev: HRESULT [In]
F_VN_RemoveLocalMinima,Node_F_VN_RemoveLocalMinima,registered,TC3 Vision Base,src/sln/lib/mobject-graph-vision-pack/Nodes/Image Filtering/Node_F_VN_RemoveLocalMinima.TcPOU,Vision/Image Filtering/F_VN_RemoveLocalMinima,ITcVnImage,,,,,,,ipSrcImage: ITcVnImage [In]; ipDestImage: Reference To ITcVnImage [In]; fHeight: LREAL [In]; hrPrev: HRESULT [In]
F_VN_ReserveContainerMemory,Node_F_VN_ReserveContainerMemory,missing,TC3 Vision Base,,,ITcVnContainer,,,,,,,ipContainer: ITcVnContainer [In]; nElements: ULINT [In]; hrPrev: HRESULT [In]
F_VN_ResetRoi,Node_F_VN_ResetRoi,registered,TC3 Vision Base,src/sln/lib/mobject-graph-vision-pack/Nodes/Basic Image Ops/Node_F_VN_ResetRoi.TcPOU,Vision/Basic Image Operations/F_VN_ResetRoi,ITcVnImage,,,,,,,ipImage: ITcVnImage [In]; hrPrev: HRESULT [In]
F_VN_ReshapeImage,Node_F_VN_ReshapeImage,missing,TC3 Vision Base,,,ITcVnImage; TcVnArray33_UDINT,,,,,,,ipSrcImage: ITcVnImage [In]; ipDestImage: Reference To ITcVnImage [In]; aNewShape: TcVnArray33_UDINT [InOut]; hrPrev: HRESULT [In]
F_VN_ResizeImage,Node_F_VN_ResizeImage,registered,TC3 Vision Base,src/sln/lib/mobject-graph-vision-pack/Nodes/Geometric and Coord Transform/Node_F_VN_ResizeImage.TcPOU,Vision/Geometric and Coordinate Transformations/F_VN_ResizeImage,ETcVnInterpolationType; ITcVnImage,,,,,,,ipSrcImage: ITcVnImage [In]; ipDestImage: Reference To ITcVnImage [In]; nWidth: UDINT [In]; nHeight: UDINT [In]; eInterpolationType: ETcVnInterpolationType [In]; hrPrev: HRESULT [In]
F_VN_ResizeImageExp,Node_F_VN_ResizeImageExp,registered,TC3 Vision Base,src/sln/lib/mobject-graph-vision-pack/Nodes/Geometric and Coord Transform/Node_F_VN_ResizeImageExp.TcPOU,Vision/Geometric and Coordinate Transformations/F_VN_ResizeImageExp,ETcVnInterpolationType; ETcVnPaddingMode; ITcVnImage; TcVnVector4_LREAL,,,,,,,"ipSrcImage: ITcVnImage [In]; ipDestImage: Reference To ITcVnImage [In]; nWidth: UDINT [In]; nHeight: UDINT [In]; eInterpolationType: ETcVnInterpolationType [In]; ePaddingMode: ETcVnPaddingMode [In] = TCVN_PM_NONE; aBorderValue: TcVnVector4_LREAL [InOut] = {0, 0, 0, 0}; hrPrev: HRESULT [In]"
F_VN_ResizeRegion_TcVnRectangle_DINT,Node_F_VN_ResizeRegion_TcVnRectangle_DINT,registered,TC3 Vision Base,src/sln/lib/mobject-graph-vision-pack/Nodes/Geometric and Coord Transform/Node_F_VN_ResizeRegion_TcVnRectangle_DINT.TcPOU,Vision/Geometric and Coordinate Transformations/F_VN_ResizeRegion_TcVnRectangle_DINT,ITcVnImage; TcVnRectangle_DINT,,,,,,,stSrcRect: TcVnRectangle_DINT [InOut]; stDestRect: TcVnRectangle_DINT [InOut]; fWidthRatio: REAL [In]; fHeightRatio: REAL [In]; nMinWidthOffset: DINT [In]; nMinHeightOffset: DINT [In]; ipImage: ITcVnImage [In]; hrPrev: HRESULT [In]
F_VN_ReverseContainer,Node_F_VN_ReverseContainer,registered,TC3 Vision Base,src/sln/lib/mobject-graph-vision-pack/Nodes/Basic Container Ops/Node_F_VN_ReverseContainer.TcPOU,Vision/Basic Container Operations/F_VN_ReverseContainer,ITcVnContainer,,,,,,,ipContainer: ITcVnContainer [In]; hrPrev: HRESULT [In]
F_VN_RotateImage,Node_F_VN_RotateImage,registered,TC3 Vision Base,src/sln/lib/mobject-graph-vision-pack/Nodes/Geometric and Coord Transform/Node_F_VN_RotateImage.TcPOU,Vision/Geometric and Coordinate Transformations/F_VN_RotateImage,ETcVnRotationAngle; ITcVnImage,,,,,,,ipSrcImage: ITcVnImage [In]; ipDestImage: Reference To ITcVnImage [In]; eAngle: ETcVnRotationAngle [In]; hrPrev: HRESULT [In]
F_VN_RotateImageExp,Node_F_VN_RotateImageExp,registered,TC3 Vision Base,src/sln/lib/mobject-graph-vision-pack/Nodes/Geometric and Coord Transform/Node_F_VN_RotateImageExp.TcPOU,Vision/Geometric and Coordinate Transformations/F_VN_RotateImageExp,ITcVnImage,,,,,,,ipSrcImage: ITcVnImage [In]; ipDestImage: Reference To ITcVnImage [In]; fAngleDeg: LREAL [In]; bAdjustDestSize: BOOL [In]; hrPrev: HRESULT [In]
F_VN_RotateImageExp2,Node_F_VN_RotateImageExp2,registered,TC3 Vision Base,src/sln/lib/mobject-graph-vision-pack/Nodes/Geometric and Coord Transform/Node_F_VN_RotateImageExp2.TcPOU,Vision/Geometric and Coordinate Transformations/F_VN_RotateImageExp2,ETcVnBorderInterpolationMethod; ETcVnInterpolationType; ITcVnImage; TcVnVector4_LREAL,,,,,,,"ipSrcImage: ITcVnImage [In]; ipDestImage: Reference To ITcVnImage [In]; fAngleDeg: LREAL [In]; bAdjustDestSize: BOOL [In]; eInterpolationType: ETcVnInterpolationType [In] = TCVN_IT_BILINEAR; eBorderInterpolation: ETcVnBorderInterpolationMethod [In] = TCVN_BIM_CONSTANT; aBorderValue: TcVnVector4_LREAL [InOut] = {0, 0, 0, 0}; hrPrev: HRESULT [In]"
F_VN_RotatedRectangleCorners,Node_F_VN_RotatedRectangleCorners,registered,TC3 Vision Base,src/sln/lib/mobject-graph-vision-pack/Nodes/Miscellaneous/Node_F_VN_RotatedRectangleCorners.TcPOU,Vision/Miscellaneous/F_VN_RotatedRectangleCorners,TcVnArray4_Point2_REAL; TcVnRotatedRectangle,,,,,,,stRect: TcVnRotatedRectangle [InOut]; aCorners: TcVnArray4_Point2_REAL [InOut]; hrPrev: HRESULT [In]
F_VN_RotatedRectangleIntersection,Node_F_VN_RotatedRectangleIntersection,registered,TC3 Vision Base,src/sln/lib/mobject-graph-vision-pack/Nodes/Miscellaneous/Node_F_VN_RotatedRectangleIntersection.TcPOU,Vision/Miscellaneous/F_VN_RotatedRectangleIntersection,ETcVnRectangleIntersection; ITcVnContainer; TcVnRotatedRectangle,,,,,,,stRect1: TcVnRotatedRectangle [InOut]; stRect2: TcVnRotatedRectangle [InOut]; ipIntersection: Reference To ITcVnContainer [In]; eIntersection: ETcVnRectangleIntersection [InOut]; hrPrev: HRESULT [In]
F_VN_SalientFeatures,Node_F_VN_SalientFeatures,registered,TC3 Vision Base,src/sln/lib/mobject-graph-vision-pack/Nodes/Image Analysis/Object Detection/Node_F_VN_SalientFeatures.TcPOU,Vision/Image Analysis/Object Detection/F_VN_SalientFeatures,ETcVnSalientFeaturesMethod; ITcVnImage,,,,,,,ipSrcImage: ITcVnImage [In]; ipDestImage: Reference To ITcVnImage [In]; eMethod: ETcVnSalientFeaturesMethod [In]; hrPrev: HRESULT [In]
F_VN_SauvolaThreshold,Node_F_VN_SauvolaThreshold,registered,TC3 Vision Base,src/sln/lib/mobject-graph-vision-pack/Nodes/Image Segmentation/Node_F_VN_SauvolaThreshold.TcPOU,Vision/Image Segmentation/F_VN_SauvolaThreshold,ETcVnThresholdType; ITcVnImage,,,,,,,ipSrcImage: ITcVnImage [In]; pipDestImage: Reference To ITcVnImage [In]; nBlockSize: UDINT [In]; fParamK: LREAL [In]; fMaxSigma: LREAL [In]; eThresholdType: ETcVnThresholdType [In]; hrPrev: HRESULT [In]
F_VN_ScharrFilter,Node_F_VN_ScharrFilter,registered,TC3 Vision Base,src/sln/lib/mobject-graph-vision-pack/Nodes/Image Filtering/Node_F_VN_ScharrFilter.TcPOU,Vision/Image Filtering/F_VN_ScharrFilter,ETcVnElementType; ETcVnFilterDirection; ITcVnImage,,,,,,,ipSrcImage: ITcVnImage [In]; ipDestImage: Reference To ITcVnImage [In]; eDestDepth: ETcVnElementType [In]; eFilterDirection: ETcVnFilterDirection [In]; hrPrev: HRESULT [In]
F_VN_ScharrFilterExp,Node_F_VN_ScharrFilterExp,registered,TC3 Vision Base,src/sln/lib/mobject-graph-vision-pack/Nodes/Image Filtering/Node_F_VN_ScharrFilterExp.TcPOU,Vision/Image Filtering/F_VN_ScharrFilterExp,ETcVnBorderInterpolationMethod; ETcVnElementType; ETcVnFilterDirection; ITcVnImage,,,,,,,ipSrcImage: ITcVnImage [In]; ipDestImage: Reference To ITcVnImage [In]; eDestDepth: ETcVnElementType [In]; eFilterDirection: ETcVnFilterDirection [In]; fScale: LREAL [In] = 1; fDelta: LREAL [In] = 0; eBorderType: ETcVnBorderInterpolationMethod [In] = TCVN_BIM_DEFAULT; hrPrev: HRESULT [In]
F_VN_SeparableCustomFilter,Node_F_VN_SeparableCustomFilter,missing,TC3 Vision Base,,,ETcVnElementType; ITcVnImage; TcVnMatrix,TcVnMatrix,,,,,,ipSrcImage: ITcVnImage [In]; ipDestImage: Reference To ITcVnImage [In]; eDestDepth: ETcVnElementType [In]; stKernelX: TcVnMatrix [InOut]; stKernelY: TcVnMatrix [InOut]; hrPrev: HRESULT [In]
F_VN_SeparableCustomFilterExp,Node_F_VN_SeparableCustomFilterExp,missing,TC3 Vision Base,,,ETcVnBorderInterpolationMethod; ETcVnElementType; ITcVnImage; TcVnMatrix; TcVnPoint,TcVnMatrix,,,,,,"ipSrcImage: ITcVnImage [In]; ipDestImage: Reference To ITcVnImage [In]; eDestDepth: ETcVnElementType [In]; stKernelX: TcVnMatrix [InOut]; stKernelY: TcVnMatrix [InOut]; aAnchor: TcVnPoint [InOut] = {-1, -1}; fDelta: LREAL [In] = 0; eBorderType: ETcVnBorderInterpolationMethod [In] = TCVN_BIM_DEFAULT; hrPrev: HRESULT [In]"
F_VN_SetAt_DINT,Node_F_VN_SetAt_DINT,registered,TC3 Vision Base,src/sln/lib/mobject-graph-vision-pack/Nodes/Basic Container Ops/SetAt/Node_F_VN_SetAt_DINT.TcPOU,Vision/Basic Container Operations/F_VN_SetAt/F_VN_SetAt_DINT,ITcVnContainer,,,,,,,nElement: DINT [In]; ipContainer: ITcVnContainer [In]; nIndex: ULINT [In]; hrPrev: HRESULT [In]
F_VN_SetAt_INT,Node_F_VN_SetAt_INT,registered,TC3 Vision Base,src/sln/lib/mobject-graph-vision-pack/Nodes/Basic Container Ops/SetAt/Node_F_VN_SetAt_INT.TcPOU,Vision/Basic Container Operations/F_VN_SetAt/F_VN_SetAt_INT,ITcVnContainer,,,,,,,nElement: INT [In]; ipContainer: ITcVnContainer [In]; nIndex: ULINT [In]; hrPrev: HRESULT [In]
F_VN_SetAt_ITcVnContainer,Node_F_VN_SetAt_ITcVnContainer,registered,TC3 Vision Base,src/sln/lib/mobject-graph-vision-pack/Nodes/Basic Container Ops/SetAt/Node_F_VN_SetAt_ITcVnContainer.TcPOU,Vision/Basic Container Operations/F_VN_SetAt/F_VN_SetAt_ITcVnContainer,ITcVnContainer,,,,,,,ipElement: ITcVnContainer [In]; ipContainer: ITcVnContainer [In]; nIndex: ULINT [In]; hrPrev: HRESULT [In]
F_VN_SetAt_ITcVnImage,Node_F_VN_SetAt_ITcVnImage,registered,TC3 Vision Base,src/sln/lib/mobject-graph-vision-pack/Nodes/Basic Container Ops/SetAt/Node_F_VN_SetAt_ITcVnImage.TcPOU,Vision/Basic Container Operations/F_VN_SetAt/F_VN_SetAt_ITcVnImage,ITcVnContainer; ITcVnImage,,,,,,,ipElement: ITcVnImage [In]; ipContainer: ITcVnContainer [In]; nIndex: ULINT [In]; hrPrev: HRESULT [In]
F_VN_SetAt_LREAL,Node_F_VN_SetAt_LREAL,registered,TC3 Vision Base,src/sln/lib/mobject-graph-vision-pack/Nodes/Basic Container Ops/SetAt/Node_F_VN_SetAt_LREAL.TcPOU,Vision/Basic Container Operations/F_VN_SetAt/F_VN_SetAt_LREAL,ITcVnContainer,,,,,,,fElement: LREAL [In]; ipContainer: ITcVnContainer [In]; nIndex: ULINT [In]; hrPrev: HRESULT [In]
F_VN_SetAt_REAL,Node_F_VN_SetAt_REAL,registered,TC3 Vision Base,src/sln/lib/mobject-graph-vision-pack/Nodes/Basic Container Ops/SetAt/Node_F_VN_SetAt_REAL.TcPOU,Vision/Basic Container Operations/F_VN_SetAt/F_VN_SetAt_REAL,ITcVnContainer,,,,,,,fElement: REAL [In]; ipContainer: ITcVnContainer [In]; nIndex: ULINT [In]; hrPrev: HRESULT [In]
F_VN_SetAt_SINT,Node_F_VN_SetAt_SINT,registered,TC3 Vision Base,src/sln/lib/mobject-graph-vision-pack/Nodes/Basic Container Ops/SetAt/Node_F_VN_SetAt_SINT.TcPOU,Vision/Basic Container Operations/F_VN_SetAt/F_VN_SetAt_SINT,ITcVnContainer,,,,,,,nElement: SINT [In]; ipContainer: ITcVnContainer [In]; nIndex: ULINT [In]; hrPrev: HRESULT [In]
F_VN_SetAt_TcVnDMatch,Node_F_VN_SetAt_TcVnDMatch,registered,TC3 Vision Base,src/sln/lib/mobject-graph-vision-pack/Nodes/Basic Container Ops/SetAt/Node_F_VN_SetAt_TcVnDMatch.TcPOU,Vision/Basic Container Operations/F_VN_SetAt/F_VN_SetAt_TcVnDMatch,ITcVnContainer; TcVnDMatch,,,,,,,stElement: TcVnDMatch [InOut]; ipContainer: ITcVnContainer [In]; nIndex: ULINT [In]; hrPrev: HRESULT [In]
F_VN_SetAt_TcVnKeyPoint,Node_F_VN_SetAt_TcVnKeyPoint,registered,TC3 Vision Base,src/sln/lib/mobject-graph-vision-pack/Nodes/Basic Container Ops/SetAt/Node_F_VN_SetAt_TcVnKeyPoint.TcPOU,Vision/Basic Container Operations/F_VN_SetAt/F_VN_SetAt_TcVnKeyPoint,ITcVnContainer; TcVnKeyPoint,,,,,,,stElement: TcVnKeyPoint [InOut]; ipContainer: ITcVnContainer [In]; nIndex: ULINT [In]; hrPrev: HRESULT [In]
F_VN_SetAt_TcVnPoint2_DINT,Node_F_VN_SetAt_TcVnPoint2_DINT,registered,TC3 Vision Base,src/sln/lib/mobject-graph-vision-pack/Nodes/Basic Container Ops/SetAt/Node_F_VN_SetAt_TcVnPoint2_DINT.TcPOU,Vision/Basic Container Operations/F_VN_SetAt/F_VN_SetAt_TcVnPoint2_DINT,ITcVnContainer; TcVnPoint2_DINT,,,,,,,aElement: TcVnPoint2_DINT [InOut]; ipContainer: ITcVnContainer [In]; nIndex: ULINT [In]; hrPrev: HRESULT [In]
F_VN_SetAt_TcVnPoint2_LREAL,Node_F_VN_SetAt_TcVnPoint2_LREAL,registered,TC3 Vision Base,src/sln/lib/mobject-graph-vision-pack/Nodes/Basic Container Ops/SetAt/Node_F_VN_SetAt_TcVnPoint2_LREAL.TcPOU,Vision/Basic Container Operations/F_VN_SetAt/F_VN_SetAt_TcVnPoint2_LREAL,ITcVnContainer; TcVnPoint2_LREAL,,,,,,,aElement: TcVnPoint2_LREAL [InOut]; ipContainer: ITcVnContainer [In]; nIndex: ULINT [In]; hrPrev: HRESULT [In]
F_VN_SetAt_TcVnPoint2_REAL,Node_F_VN_SetAt_TcVnPoint2_REAL,registered,TC3 Vision Base,src/sln/lib/mobject-graph-vision-pack/Nodes/Basic Container Ops/SetAt/Node_F_VN_SetAt_TcVnPoint2_REAL.TcPOU,Vision/Basic Container Operations/F_VN_SetAt/F_VN_SetAt_TcVnPoint2_REAL,ITcVnContainer; TcVnPoint2_REAL,,,,,,,aElement: TcVnPoint2_REAL [InOut]; ipContainer: ITcVnContainer [In]; nIndex: ULINT [In]; hrPrev: HRESULT [In]
F_VN_SetAt_TcVnPoint3_LREAL,Node_F_VN_SetAt_TcVnPoint3_LREAL,registered,TC3 Vision Base,src/sln/lib/mobject-graph-vision-pack/Nodes/Basic Container Ops/SetAt/Node_F_VN_SetAt_TcVnPoint3_LREAL.TcPOU,Vision/Basic Container Operations/F_VN_SetAt/F_VN_SetAt_TcVnPoint3_LREAL,ITcVnContainer; TcVnPoint3_LREAL,,,,,,,aElement: TcVnPoint3_LREAL [InOut]; ipContainer: ITcVnContainer [In]; nIndex: ULINT [In]; hrPrev: HRESULT [In]
F_VN_SetAt_TcVnPoint3_REAL,Node_F_VN_SetAt_TcVnPoint3_REAL,registered,TC3 Vision Base,src/sln/lib/mobject-graph-vision-pack/Nodes/Basic Container Ops/SetAt/Node_F_VN_SetAt_TcVnPoint3_REAL.TcPOU,Vision/Basic Container Operations/F_VN_SetAt/F_VN_SetAt_TcVnPoint3_REAL,ITcVnContainer; TcVnPoint3_REAL,,,,,,,aElement: TcVnPoint3_REAL [InOut]; ipContainer: ITcVnContainer [In]; nIndex: ULINT [In]; hrPrev: HRESULT [In]
F_VN_SetAt_TcVnRectangle_DINT,Node_F_VN_SetAt_TcVnRectangle_DINT,registered,TC3 Vision Base,src/sln/lib/mobject-graph-vision-pack/Nodes/Basic Container Ops/SetAt/Node_F_VN_SetAt_TcVnRectangle_DINT.TcPOU,Vision/Basic Container Operations/F_VN_SetAt/F_VN_SetAt_TcVnRectangle_DINT,ITcVnContainer; TcVnRectangle_DINT,,,,,,,stElement: TcVnRectangle_DINT [InOut]; ipContainer: ITcVnContainer [In]; nIndex: ULINT [In]; hrPrev: HRESULT [In]
F_VN_SetAt_TcVnRotatedRectangle,Node_F_VN_SetAt_TcVnRotatedRectangle,registered,TC3 Vision Base,src/sln/lib/mobject-graph-vision-pack/Nodes/Basic Container Ops/SetAt/Node_F_VN_SetAt_TcVnRotatedRectangle.TcPOU,Vision/Basic Container Operations/F_VN_SetAt/F_VN_SetAt_TcVnRotatedRectangle,ITcVnContainer; TcVnRotatedRectangle,,,,,,,stElement: TcVnRotatedRectangle [InOut]; ipContainer: ITcVnContainer [In]; nIndex: ULINT [In]; hrPrev: HRESULT [In]
F_VN_SetAt_TcVnVector2_DINT,Node_F_VN_SetAt_TcVnVector2_DINT,registered,TC3 Vision Base,src/sln/lib/mobject-graph-vision-pack/Nodes/Basic Container Ops/SetAt/Node_F_VN_SetAt_TcVnVector2_DINT.TcPOU,Vision/Basic Container Operations/F_VN_SetAt/F_VN_SetAt_TcVnVector2_DINT,ITcVnContainer; TcVnVector2_DINT,,,,,,,aElement: TcVnVector2_DINT [InOut]; ipContainer: ITcVnContainer [In]; nIndex: ULINT [In]; hrPrev: HRESULT [In]
F_VN_SetAt_TcVnVector2_INT,Node_F_VN_SetAt_TcVnVector2_INT,registered,TC3 Vision Base,src/sln/lib/mobject-graph-vision-pack/Nodes/Basic Container Ops/SetAt/Node_F_VN_SetAt_TcVnVector2_INT.TcPOU,Vision/Basic Container Operations/F_VN_SetAt/F_VN_SetAt_TcVnVector2_INT,ITcVnContainer; TcVnVector2_INT,,,,,,,aElement: TcVnVector2_INT [InOut]; ipContainer: ITcVnContainer [In]; nIndex: ULINT [In]; hrPrev: HRESULT [In]
F_VN_SetAt_TcVnVector2_REAL,Node_F_VN_SetAt_TcVnVector2_REAL,registered,TC3 Vision Base,src/sln/lib/mobject-graph-vision-pack/Nodes/Basic Container Ops/SetAt/Node_F_VN_SetAt_TcVnVector2_REAL.TcPOU,Vision/Basic Container Operations/F_VN_SetAt/F_VN_SetAt_TcVnVector2_REAL,ITcVnContainer; TcVnVector2_REAL,,,,,,,aElement: TcVnVector2_REAL [InOut]; ipContainer: ITcVnContainer [In]; nIndex: ULINT [In]; hrPrev: HRESULT [In]
F_VN_SetAt_TcVnVector2_SINT,Node_F_VN_SetAt_TcVnVector2_SINT,registered,TC3 Vision Base,src/sln/lib/mobject-graph-vision-pack/Nodes/Basic Container Ops/SetAt/Node_F_VN_SetAt_TcVnVector2_SINT.TcPOU,Vision/Basic Container Operations/F_VN_SetAt/F_VN_SetAt_TcVnVector2_SINT,ITcVnContainer; TcVnVector2_SINT,,,,,,,aElement: TcVnVector2_SINT [InOut]; ipContainer: ITcVnContainer [In]; nIndex: ULINT [In]; hrPrev: HRESULT [In]
F_VN_SetAt_TcVnVector2_UINT,Node_F_VN_SetAt_TcVnVector2_UINT,registered,TC3 Vision Base,src/sln/lib/mobject-graph-vision-pack/Nodes/Basic Container Ops/SetAt/Node_F_VN_SetAt_TcVnVector2_UINT.TcPOU,Vision/Basic Container Operations/F_VN_SetAt/F_VN_SetAt_TcVnVector2_UINT,ITcVnContainer; TcVnVector2_UINT,,,,,,,aElement: TcVnVector2_UINT [InOut]; ipContainer: ITcVnContainer [In]; nIndex: ULINT [In]; hrPrev: HRESULT [In]
F_VN_SetAt_TcVnVector2_USINT,Node_F_VN_SetAt_TcVnVector2_USINT,registered,TC3 Vision Base,src/sln/lib/mobject-graph-vision-pack/Nodes/Basic Container Ops/SetAt/Node_F_VN_SetAt_TcVnVector2_USINT.TcPOU,Vision/Basic Container Operations/F_VN_SetAt/F_VN_SetAt_TcVnVector2_USINT,ITcVnContainer; TcVnVector2_USINT,,,,,,,aElement: TcVnVector2_USINT [InOut]; ipContainer: ITcVnContainer [In]; nIndex: ULINT [In]; hrPrev: HRESULT [In]
F_VN_SetAt_TcVnVector3_INT,Node_F_VN_SetAt_TcVnVector3_INT,registered,TC3 Vision Base,src/sln/lib/mobject-graph-vision-pack/Nodes/Basic Container Ops/SetAt/Node_F_VN_SetAt_TcVnVector3_INT.TcPOU,Vision/Basic Container Operations/F_VN_SetAt/F_VN_SetAt_TcVnVector3_INT,ITcVnContainer; TcVnVector3_INT,,,,,,,aElement: TcVnVector3_INT [InOut]; ipContainer: ITcVnContainer [In]; nIndex: ULINT [In]; hrPrev: HRESULT [In]
F_VN_SetAt_TcVnVector3_REAL,Node_F_VN_SetAt_TcVnVector3_REAL,registered,TC3 Vision Base,src/sln/lib/mobject-graph-vision-pack/Nodes/Basic Container Ops/SetAt/Node_F_VN_SetAt_TcVnVector3_REAL.TcPOU,Vision/Basic Container Operations/F_VN_SetAt/F_VN_SetAt_TcVnVector3_REAL,ITcVnContainer; TcVnVector3_REAL,,,,,,,aElement: TcVnVector3_REAL [InOut]; ipContainer: ITcVnContainer [In]; nIndex: ULINT [In]; hrPrev: HRESULT [In]
F_VN_SetAt_TcVnVector3_SINT,Node_F_VN_SetAt_TcVnVector3_SINT,registered,TC3 Vision Base,src/sln/lib/mobject-graph-vision-pack/Nodes/Basic Container Ops/SetAt/Node_F_VN_SetAt_TcVnVector3_SINT.TcPOU,Vision/Basic Container Operations/F_VN_SetAt/F_VN_SetAt_TcVnVector3_SINT,ITcVnContainer; TcVnVector3_SINT,,,,,,,aElement: TcVnVector3_SINT [InOut]; ipContainer: ITcVnContainer [In]; nIndex: ULINT [In]; hrPrev: HRESULT [In]
F_VN_SetAt_TcVnVector3_UINT,Node_F_VN_SetAt_TcVnVector3_UINT,registered,TC3 Vision Base,src/sln/lib/mobject-graph-vision-pack/Nodes/Basic Container Ops/SetAt/Node_F_VN_SetAt_TcVnVector3_UINT.TcPOU,Vision/Basic Container Operations/F_VN_SetAt/F_VN_SetAt_TcVnVector3_UINT,ITcVnContainer; TcVnVector3_UINT,,,,,,,aElement: TcVnVector3_UINT [InOut]; ipContainer: ITcVnContainer [In]; nIndex: ULINT [In]; hrPrev: HRESULT [In]
F_VN_SetAt_TcVnVector3_USINT,Node_F_VN_SetAt_TcVnVector3_USINT,registered,TC3 Vision Base,src/sln/lib/mobject-graph-vision-pack/Nodes/Basic Container Ops/SetAt/Node_F_VN_SetAt_TcVnVector3_USINT.TcPOU,Vision/Basic Container Operations/F_VN_SetAt/F_VN_SetAt_TcVnVector3_USINT,ITcVnContainer; TcVnVector3_USINT,,,,,,,aElement: TcVnVector3_USINT [InOut]; ipContainer: ITcVnContainer [In]; nIndex: ULINT [In]; hrPrev: HRESULT [In]
F_VN_SetAt_TcVnVector4_DINT,Node_F_VN_SetAt_TcVnVector4_DINT,registered,TC3 Vision Base,src/sln/lib/mobject-graph-vision-pack/Nodes/Basic Container Ops/SetAt/Node_F_VN_SetAt_TcVnVector4_DINT.TcPOU,Vision/Basic Container Operations/F_VN_SetAt/F_VN_SetAt_TcVnVector4_DINT,ITcVnContainer; TcVnVector4_DINT,,,,,,,aElement: TcVnVector4_DINT [InOut]; ipContainer: ITcVnContainer [In]; nIndex: ULINT [In]; hrPrev: HRESULT [In]
F_VN_SetAt_TcVnVector4_INT,Node_F_VN_SetAt_TcVnVector4_INT,registered,TC3 Vision Base,src/sln/lib/mobject-graph-vision-pack/Nodes/Basic Container Ops/SetAt/Node_F_VN_SetAt_TcVnVector4_INT.TcPOU,Vision/Basic Container Operations/F_VN_SetAt/F_VN_SetAt_TcVnVector4_INT,ITcVnContainer; TcVnVector4_INT,,,,,,,aElement: TcVnVector4_INT [InOut]; ipContainer: ITcVnContainer [In]; nIndex: ULINT [In]; hrPrev: HRESULT [In]
F_VN_SetAt_TcVnVector4_LREAL,Node_F_VN_SetAt_TcVnVector4_LREAL,registered,TC3 Vision Base,src/sln/lib/mobject-graph-vision-pack/Nodes/Basic Container Ops/SetAt/Node_F_VN_SetAt_TcVnVector4_LREAL.TcPOU,Vision/Basic Container Operations/F_VN_SetAt/F_VN_SetAt_TcVnVector4_LREAL,ITcVnContainer; TcVnVector4_LREAL,,,,,,,aElement: TcVnVector4_LREAL [InOut]; ipContainer: ITcVnContainer [In]; nIndex: ULINT [In]; hrPrev: HRESULT [In]
F_VN_SetAt_TcVnVector4_REAL,Node_F_VN_SetAt_TcVnVector4_REAL,registered,TC3 Vision Base,src/sln/lib/mobject-graph-vision-pack/Nodes/Basic Container Ops/SetAt/Node_F_VN_SetAt_TcVnVector4_REAL.TcPOU,Vision/Basic Container Operations/F_VN_SetAt/F_VN_SetAt_TcVnVector4_REAL,ITcVnContainer; TcVnVector4_REAL,,,,,,,aElement: TcVnVector4_REAL [InOut]; ipContainer: ITcVnContainer [In]; nIndex: ULINT [In]; hrPrev: HRESULT [In]
F_VN_SetAt_TcVnVector4_SINT,Node_F_VN_SetAt_TcVnVector4_SINT,registered,TC3 Vision Base,src/sln/lib/mobject-graph-vision-pack/Nodes/Basic Container Ops/SetAt/Node_F_VN_SetAt_TcVnVector4_SINT.TcPOU,Vision/Basic Container Operations/F_VN_SetAt/F_VN_SetAt_TcVnVector4_SINT,ITcVnContainer; TcVnVector4_SINT,,,,,,,aElement: TcVnVector4_SINT [InOut]; ipContainer: ITcVnContainer [In]; nIndex: ULINT [In]; hrPrev: HRESULT [In]
F_VN_SetAt_TcVnVector4_UINT,Node_F_VN_SetAt_TcVnVector4_UINT,registered,TC3 Vision Base,src/sln/lib/mobject-graph-vision-pack/Nodes/Basic Container Ops/SetAt/Node_F_VN_SetAt_TcVnVector4_UINT.TcPOU,Vision/Basic Container Operations/F_VN_SetAt/F_VN_SetAt_TcVnVector4_UINT,ITcVnContainer; TcVnVector4_UINT,,,,,,,aElement: TcVnVector4_UINT [InOut]; ipContainer: ITcVnContainer [In]; nIndex: ULINT [In]; hrPrev: HRESULT [In]
F_VN_SetAt_TcVnVector4_USINT,Node_F_VN_SetAt_TcVnVector4_USINT,registered,TC3 Vision Base,src/sln/lib/mobject-graph-vision-pack/Nodes/Basic Container Ops/SetAt/Node_F_VN_SetAt_TcVnVector4_USINT.TcPOU,Vision/Basic Container Operations/F_VN_SetAt/F_VN_SetAt_TcVnVector4_USINT,ITcVnContainer; TcVnVector4_USINT,,,,,,,aElement: TcVnVector4_USINT [InOut]; ipContainer: ITcVnContainer [In]; nIndex: ULINT [In]; hrPrev: HRESULT [In]
F_VN_SetAt_UDINT,Node_F_VN_SetAt_UDINT,registered,TC3 Vision Base,src/sln/lib/mobject-graph-vision-pack/Nodes/Basic Container Ops/SetAt/Node_F_VN_SetAt_UDINT.TcPOU,Vision/Basic Container Operations/F_VN_SetAt/F_VN_SetAt_UDINT,ITcVnContainer,,,,,,,nElement: UDINT [In]; ipContainer: ITcVnContainer [In]; nIndex: ULINT [In]; hrPrev: HRESULT [In]
F_VN_SetAt_UINT,Node_F_VN_SetAt_UINT,registered,TC3 Vision Base,src/sln/lib/mobject-graph-vision-pack/Nodes/Basic Container Ops/SetAt/Node_F_VN_SetAt_UINT.TcPOU,Vision/Basic Container Operations/F_VN_SetAt/F_VN_SetAt_UINT,ITcVnContainer,,,,,,,nElement: UINT [In]; ipContainer: ITcVnContainer [In]; nIndex: ULINT [In]; hrPrev: HRESULT [In]
F_VN_SetAt_ULINT,Node_F_VN_SetAt_ULINT,registered,TC3 Vision Base,src/sln/lib/mobject-graph-vision-pack/Nodes/Basic Container Ops/SetAt/Node_F_VN_SetAt_ULINT.TcPOU,Vision/Basic Container Operations/F_VN_SetAt/F_VN_SetAt_ULINT,ITcVnContainer,,,,,,,nElement: ULINT [In]; ipContainer: ITcVnContainer [In]; nIndex: ULINT [In]; hrPrev: HRESULT [In]
F_VN_SetAt_USINT,Node_F_VN_SetAt_USINT,registered,TC3 Vision Base,src/sln/lib/mobject-graph-vision-pack/Nodes/Basic Container Ops/SetAt/Node_F_VN_SetAt_USINT.TcPOU,Vision/Basic Container Operations/F_VN_SetAt/F_VN_SetAt_USINT,ITcVnContainer,,,,,,,nElement: USINT [In]; ipContainer: ITcVnContainer [In]; nIndex: ULINT [In]; hrPrev: HRESULT [In]
F_VN_SetContainer,Node_F_VN_SetContainer,missing,TC3 Vision Base,,,ITcVnContainer; ITcVnForwardIterator,ITcVnForwardIterator,,,,,,ipIterator: ITcVnForwardIterator [In]; ipContainer: ITcVnContainer [In]; hrPrev: HRESULT [In]
F_VN_SetImageChannel,Node_F_VN_SetImageChannel,registered,TC3 Vision Base,src/sln/lib/mobject-graph-vision-pack/Nodes/Basic Image Ops/Node_F_VN_SetImageChannel.TcPOU,Vision/Basic Image Operations/F_VN_SetImageChannel,ITcVnImage,,,,,,,ipSrcImage: ITcVnImage [In]; ipDestImage: Reference To ITcVnImage [In]; nSrcChannelIndex: UINT [In]; nDestChannelIndex: UINT [In]; hrPrev: HRESULT [In]
F_VN_SetIteratorToBegin,Node_F_VN_SetIteratorToBegin,missing,TC3 Vision Base,,,ITcVnForwardIterator,ITcVnForwardIterator,,,,,,ipIterator: ITcVnForwardIterator [In]; hrPrev: HRESULT [In]
F_VN_SetPixel,Node_F_VN_SetPixel,registered,TC3 Vision Base,src/sln/lib/mobject-graph-vision-pack/Nodes/Basic Image Ops/Node_F_VN_SetPixel.TcPOU,Vision/Basic Image Operations/F_VN_SetPixel,ITcVnImage; TcVnVector4_LREAL,,,,,,,ipSrcImage: ITcVnImage [In]; aValue: TcVnVector4_LREAL [InOut]; nX: UDINT [In]; nY: UDINT [In]; hrPrev: HRESULT [In]
F_VN_SetPixels,Node_F_VN_SetPixels,registered,TC3 Vision Base,src/sln/lib/mobject-graph-vision-pack/Nodes/Basic Image Ops/Node_F_VN_SetPixels.TcPOU,Vision/Basic Image Operations/F_VN_SetPixels,ITcVnImage; TcVnVector4_LREAL,,,,,,,ipDestImage: ITcVnImage [In]; aValue: TcVnVector4_LREAL [InOut]; hrPrev: HRESULT [In]
F_VN_SetPixelsExp,Node_F_VN_SetPixelsExp,registered,TC3 Vision Base,src/sln/lib/mobject-graph-vision-pack/Nodes/Basic Image Ops/Node_F_VN_SetPixelsExp.TcPOU,Vision/Basic Image Operations/F_VN_SetPixelsExp,ITcVnImage; TcVnVector4_LREAL,,,,,,,ipDestImage: ITcVnImage [In]; aValue: TcVnVector4_LREAL [InOut]; ipMask: ITcVnImage [In] = 0; hrPrev: HRESULT [In]
F_VN_SetRngSeed,Node_F_VN_SetRngSeed,missing,TC3 Vision Base,,,,,,,,,,nSeed: DINT [In]; hrPrev: HRESULT [In]
F_VN_SetRoi,Node_F_VN_SetRoi,registered,TC3 Vision Base,src/sln/lib/mobject-graph-vision-pack/Nodes/Basic Image Ops/Node_F_VN_SetRoi.TcPOU,Vision/Basic Image Operations/F_VN_SetRoi,ITcVnImage,,,,,,,nX: UDINT [In]; nY: UDINT [In]; nWidth: UDINT [In]; nHeight: UDINT [In]; ipDestImage: ITcVnImage [In]; hrPrev: HRESULT [In]
F_VN_SetRoi_TcVnRectangle_DINT,Node_F_VN_SetRoi_TcVnRectangle_DINT,registered,TC3 Vision Base,src/sln/lib/mobject-graph-vision-pack/Nodes/Basic Image Ops/Node_F_VN_SetRoi_TcVnRectangle_DINT.TcPOU,Vision/Basic Image Operations/F_VN_SetRoi_TcVnRectangle_DINT,ITcVnImage; TcVnRectangle_DINT,,,,,,,stRoi: TcVnRectangle_DINT [InOut]; ipDestImage: ITcVnImage [In]; hrPrev: HRESULT [In]
F_VN_SetRoi_TcVnRectangle_UDINT,Node_F_VN_SetRoi_TcVnRectangle_UDINT,registered,TC3 Vision Base,src/sln/lib/mobject-graph-vision-pack/Nodes/Basic Image Ops/Node_F_VN_SetRoi_TcVnRectangle_UDINT.TcPOU,Vision/Basic Image Operations/F_VN_SetRoi_TcVnRectangle_UDINT,ITcVnImage; TcVnRectangle_UDINT,,,,,,,stRoi: TcVnRectangle_UDINT [InOut]; ipDestImage: ITcVnImage [In]; hrPrev: HRESULT [In]
F_VN_Sigmoid,Node_F_VN_Sigmoid,registered,TC3 Vision Base,src/sln/lib/mobject-graph-vision-pack/Nodes/Neural Network/Node_F_VN_Sigmoid.TcPOU,Vision/Neural Network/F_VN_Sigmoid,ITcVnImage,,,,,,,ipSrcImage: ITcVnImage [In]; ipDestImage: Reference To ITcVnImage [In]; hrPrev: HRESULT [In]
F_VN_SigmoidExp,Node_F_VN_SigmoidExp,registered,TC3 Vision Base,src/sln/lib/mobject-graph-vision-pack/Nodes/Neural Network/Node_F_VN_SigmoidExp.TcPOU,Vision/Neural Network/F_VN_SigmoidExp,ITcVnImage,,,,,,,ipSrcImage: ITcVnImage [In]; ipDestImage: Reference To ITcVnImage [In]; fShift: REAL [In] = 0.0; fSteepness: REAL [In] = 1.0; hrPrev: HRESULT [In]
F_VN_SobelFilter,Node_F_VN_SobelFilter,registered,TC3 Vision Base,src/sln/lib/mobject-graph-vision-pack/Nodes/Image Filtering/Node_F_VN_SobelFilter.TcPOU,Vision/Image Filtering/F_VN_SobelFilter,ETcVnElementType; ITcVnImage,,,,,,,ipSrcImage: ITcVnImage [In]; ipDestImage: Reference To ITcVnImage [In]; eDestDepth: ETcVnElementType [In]; nXOrder: UDINT [In]; nYOrder: UDINT [In]; hrPrev: HRESULT [In]
F_VN_SobelFilterExp,Node_F_VN_SobelFilterExp,registered,TC3 Vision Base,src/sln/lib/mobject-graph-vision-pack/Nodes/Image Filtering/Node_F_VN_SobelFilterExp.TcPOU,Vision/Image Filtering/F_VN_SobelFilterExp,ETcVnBorderInterpolationMethod; ETcVnElementType; ITcVnImage,,,,,,,ipSrcImage: ITcVnImage [In]; ipDestImage: Reference To ITcVnImage [In]; eDestDepth: ETcVnElementType [In]; nXOrder: UDINT [In]; nYOrder: UDINT [In]; nKernelSize: UDINT [In] = 3; fScale: LREAL [In] = 1; fDelta: LREAL [In] = 0; eBorderType: ETcVnBorderInterpolationMethod [In] = TCVN_BIM_DEFAULT; hrPrev: HRESULT [In]
F_VN_SoftMax,Node_F_VN_SoftMax,registered,TC3 Vision Base,src/sln/lib/mobject-graph-vision-pack/Nodes/Neural Network/Node_F_VN_SoftMax.TcPOU,Vision/Neural Network/F_VN_SoftMax,ITcVnImage,,,,,,,ipSrcImage: ITcVnImage [In]; ipDestImage: Reference To ITcVnImage [In]; bFlatten: BOOL [In]; hrPrev: HRESULT [In]
F_VN_SolvePnP,Node_F_VN_SolvePnP,registered,TC3 Vision Metrology 2D,src/sln/lib/mobject-graph-vision-pack/Nodes/Geometric and Coord Transform/Calibration/Node_F_VN_SolvePnP.TcPOU,Vision/Geometric and Coordinate Transformations/Calibration/F_VN_SolvePnP,ITcVnContainer; TcVnArray8_LREAL; TcVnMatrix3x3_LREAL; TcVnVector3_LREAL,,,,,,,ipImagePoints: ITcVnContainer [In]; ipReferencePoints: ITcVnContainer [In]; aCameraMatrix: TcVnMatrix3x3_LREAL [InOut]; aDistortionCoefficients: TcVnArray8_LREAL [InOut]; aRotationMatrix: TcVnMatrix3x3_LREAL [InOut]; aTranslationVector: TcVnVector3_LREAL [InOut]; fReprojError: LREAL [InOut]; hrPrev: HRESULT [In]
F_VN_SolvePnPExp,Node_F_VN_SolvePnPExp,registered,TC3 Vision Metrology 2D,src/sln/lib/mobject-graph-vision-pack/Nodes/Geometric and Coord Transform/Calibration/Node_F_VN_SolvePnPExp.TcPOU,Vision/Geometric and Coordinate Transformations/Calibration/F_VN_SolvePnPExp,ETcVnSolvePnPMethod; ITcVnContainer; TcVnArray8_LREAL; TcVnMatrix3x3_LREAL; TcVnVector3_LREAL,,,,,,,ipImagePoints: ITcVnContainer [In]; ipReferencePoints: ITcVnContainer [In]; aCameraMatrix: TcVnMatrix3x3_LREAL [InOut]; aDistortionCoefficients: TcVnArray8_LREAL [InOut]; aRotationMatrix: TcVnMatrix3x3_LREAL [InOut]; aTranslationVector: TcVnVector3_LREAL [InOut]; fReprojError: LREAL [InOut]; eMethod: ETcVnSolvePnPMethod [In] = TCVN_SPM_ITERATIVE; bUseExtrinsicGuess: BOOL [In] = FALSE; hrPrev: HRESULT [In]
F_VN_SortAxisAlignedPatternPoints,Node_F_VN_SortAxisAlignedPatternPoints,missing,TC3 Vision Metrology 2D,,,ITcVnContainer,,,,,,,ipImagePoints: ITcVnContainer [In]; nPatternRows: UDINT [In]; nPatternCols: UDINT [In]; hrPrev: HRESULT [In]
F_VN_SortContainer,Node_F_VN_SortContainer,missing,TC3 Vision Base,,,ETcVnComparisonOperator; ITcVnContainer,,,,,,,ipContainer: ITcVnContainer [In]; nSortByElemIdx: UINT [In]; eComparisonOp: ETcVnComparisonOperator [In]; hrPrev: HRESULT [In]
F_VN_SortContainerExp,Node_F_VN_SortContainerExp,missing,TC3 Vision Base,,,ETcVnComparisonOperator; ITcVnContainer,,,,,,,ipContainer: ITcVnContainer [In]; nSortByElemIdx: UINT [In]; eComparisonOp: ETcVnComparisonOperator [In]; nFirstIdx: ULINT [In] = 0; nLastIdx: ULINT [In] = 18446744073709551615; hrPrev: HRESULT [In]
F_VN_SortDetectedPatternPoints,Node_F_VN_SortDetectedPatternPoints,registered,TC3 Vision Metrology 2D,src/sln/lib/mobject-graph-vision-pack/Nodes/Geometric and Coord Transform/Calibration/Node_F_VN_SortDetectedPatternPoints.TcPOU,Vision/Geometric and Coordinate Transformations/Calibration/F_VN_SortDetectedPatternPoints,ITcVnContainer,,,,,,,ipImagePoints: ITcVnContainer [In]; ipPatternPoints: ITcVnContainer [In]; hrPrev: HRESULT [In]
F_VN_SplitImageChannels,Node_F_VN_SplitImageChannels,missing,TC3 Vision Base,,,ITcVnImage,,,,pDestImages: PVOID,,,ipSrcImage: ITcVnImage [In]; pDestImages: PVOID [In]; nArraySize: UINT [In]; hrPrev: HRESULT [In]; nImageChannels: UINT [Out]
F_VN_StartAbsWatchdog,Node_F_VN_StartAbsWatchdog,missing,TC3 Vision Base,,,,,,,,,,tStop: DINT [In]; hrPrev: HRESULT [In]
F_VN_StartAbsWatchdogExp,Node_F_VN_StartAbsWatchdogExp,missing,TC3 Vision Base,,,ETcWatchdogAccumulationType,,,,,,,tStop: DINT [In]; eWatchdogAccType: ETcWatchdogAccumulationType [In] = WD_ACC_TYPE_PRODUCT; hrPrev: HRESULT [In]
F_VN_StartRelWatchdog,Node_F_VN_StartRelWatchdog,missing,TC3 Vision Base,,,,,,,,src/sln/lib/mobject-graph-vision-pack/Extensions/WatchdogCheck/WatchdogCheckExtension.TcPOU,,tStop: DINT [In]; hrPrev: HRESULT [In]
F_VN_StartRelWatchdogExp,Node_F_VN_StartRelWatchdogExp,missing,TC3 Vision Base,,,ETcWatchdogAccumulationType,,,,,,,tStop: DINT [In]; eWatchdogAccType: ETcWatchdogAccumulationType [In] = WD_ACC_TYPE_PRODUCT; hrPrev: HRESULT [In]
F_VN_StopWatchdog,Node_F_VN_StopWatchdog,missing,TC3 Vision Base,,,,,,,,src/sln/lib/mobject-graph-vision-pack/Extensions/WatchdogCheck/WatchdogCheckExtension.TcPOU,,hrStartWatchdog: HRESULT [In]; nFunctionsMonitored: ULINT [Out]; nFractionProcessed: UDINT [Out]; tRest: DINT [Out]
F_VN_SubtractContainers,Node_F_VN_SubtractContainers,registered,TC3 Vision Base,src/sln/lib/mobject-graph-vision-pack/Nodes/Algebraic Container Ops/Node_F_VN_SubtractContainers.TcPOU,Vision/Algebraic Container Operations/F_VN_SubtractContainers,ITcVnContainer,,,,,,,ipSrcContainer1: ITcVnContainer [In]; ipSrcContainer2: ITcVnContainer [In]; ipDestContainer: Reference To ITcVnContainer [In]; hrPrev: HRESULT [In]
F_VN_SubtractImageFromScalar,Node_F_VN_SubtractImageFromScalar,registered,TC3 Vision Base,src/sln/lib/mobject-graph-vision-pack/Nodes/Algebraic Image Ops/Node_F_VN_SubtractImageFromScalar.TcPOU,Vision/Algebraic Image Operations/F_VN_SubtractImageFromScalar,ITcVnImage,,,,,,,fScalar: LREAL [In]; ipSrcImage: ITcVnImage [In]; ipDestImage: Reference To ITcVnImage [In]; hrPrev: HRESULT [In]
F_VN_SubtractImageFromVector,Node_F_VN_SubtractImageFromVector,registered,TC3 Vision Base,src/sln/lib/mobject-graph-vision-pack/Nodes/Algebraic Image Ops/Node_F_VN_SubtractImageFromVector.TcPOU,Vision/Algebraic Image Operations/F_VN_SubtractImageFromVector,ITcVnImage; TcVnVector4_LREAL,,,,,,,aVector: TcVnVector4_LREAL [InOut]; ipSrcImage: ITcVnImage [In]; ipDestImage: Reference To ITcVnImage [In]; hrPrev: HRESULT [In]
F_VN_SubtractImages,Node_F_VN_SubtractImages,registered,TC3 Vision Base,src/sln/lib/mobject-graph-vision-pack/Nodes/Algebraic Image Ops/Node_F_VN_SubtractImages.TcPOU,Vision/Algebraic Image Operations/F_VN_SubtractImages,ITcVnImage,,,,,,,ipSrcImage1: ITcVnImage [In]; ipSrcImage2: ITcVnImage [In]; ipDestImage: Reference To ITcVnImage [In]; hrPrev: HRESULT [In]
F_VN_SubtractScalarFromImage,Node_F_VN_SubtractScalarFromImage,registered,TC3 Vision Base,src/sln/lib/mobject-graph-vision-pack/Nodes/Algebraic Image Ops/Node_F_VN_SubtractScalarFromImage.TcPOU,Vision/Algebraic Image Operations/F_VN_SubtractScalarFromImage,ITcVnImage,,,,,,,ipSrcImage: ITcVnImage [In]; fScalar: LREAL [In]; ipDestImage: Reference To ITcVnImage [In]; hrPrev: HRESULT [In]
F_VN_SubtractVectorFromImage,Node_F_VN_SubtractVectorFromImage,registered,TC3 Vision Base,src/sln/lib/mobject-graph-vision-pack/Nodes/Algebraic Image Ops/Node_F_VN_SubtractVectorFromImage.TcPOU,Vision/Algebraic Image Operations/F_VN_SubtractVectorFromImage,ITcVnImage; TcVnVector4_LREAL,,,,,,,ipSrcImage: ITcVnImage [In]; aVector: TcVnVector4_LREAL [InOut]; ipDestImage: Reference To ITcVnImage [In]; hrPrev: HRESULT [In]
F_VN_Threshold,Node_F_VN_Threshold,registered,TC3 Vision Base,src/sln/lib/mobject-graph-vision-pack/Nodes/Image Segmentation/Node_F_VN_Threshold.TcPOU,Vision/Image Segmentation/F_VN_Threshold,ETcVnThresholdType; ITcVnImage,,,,,,,ipSrcImage: ITcVnImage [In]; ipDestImage: Reference To ITcVnImage [In]; fThreshold: LREAL [In]; fMaxValue: LREAL [In]; eThresholdType: ETcVnThresholdType [In]; hrPrev: HRESULT [In]
F_VN_TrainBatch,Node_F_VN_TrainBatch,missing,TC3 Machine Learning Realtime Inference,,,ITcVnContainer; ITcVnMlModel,ITcVnMlModel,,ITcUnknown,,,,ipMlModel: ITcVnMlModel [In]; ipSamples: ITcUnknown [In]; ipOutputs: ITcVnContainer [In]; hrPrev: HRESULT [In]
F_VN_TrainBatchClusters,Node_F_VN_TrainBatchClusters,missing,TC3 Machine Learning Realtime Inference,,,ITcVnContainer; ITcVnMlModel,ITcVnMlModel,,ITcUnknown,,,,ipClusterer: ITcVnMlModel [In]; ipSamples: ITcUnknown [In]; ipClusters: Reference To ITcVnContainer [In]; hrPrev: HRESULT [In]
F_VN_TrainImageColor,Node_F_VN_TrainImageColor,missing,TC3 Vision Base,,,ITcVnColorModel; ITcVnImage,ITcVnColorModel,,,,,,ipSrcImage: ITcVnImage [In]; ipColorModel: Reference To ITcVnColorModel [In]; nDifferentColors: UDINT [In]; hrPrev: HRESULT [In]
F_VN_TrainImageColorExp,Node_F_VN_TrainImageColorExp,missing,TC3 Vision Base,,,ETcVnColorTrainingMethod; ITcVnColorModel; ITcVnImage,ITcVnColorModel,,,,,,ipSrcImage: ITcVnImage [In]; ipColorModel: Reference To ITcVnColorModel [In]; nDifferentColors: UDINT [In]; eMethod: ETcVnColorTrainingMethod [In] = TCVN_CTM_LAB; ipMask: ITcVnImage [In] = 0; nSkipPixels: UDINT [In] = 0; hrPrev: HRESULT [In]
F_VN_TrainImageColorExp2,Node_F_VN_TrainImageColorExp2,missing,TC3 Vision Base,,,ETcVnClusteringAlgorithm; ETcVnColorTrainingMethod; ITcVnColorModel; ITcVnImage,ITcVnColorModel,,,,,,ipSrcImage: ITcVnImage [In]; ipColorModel: Reference To ITcVnColorModel [In]; nDifferentColors: UDINT [In]; eMethod: ETcVnColorTrainingMethod [In] = TCVN_CTM_LAB; ipMask: ITcVnImage [In] = 0; nSkipPixels: UDINT [In] = 0; eClusteringAlgorithm: ETcVnClusteringAlgorithm [In] = TCVN_CA_KMEANSPP; nMaxClusterRadius: DINT [In] = 50; bSingleSplitSteps: BOOL [In] = TRUE; hrPrev: HRESULT [In]
F_VN_TrainImageColorExp2_ITcVnMlModel,Node_F_VN_TrainImageColorExp2_ITcVnMlModel,missing,TC3 Vision Base,,,ETcVnClusteringAlgorithm; ETcVnColorTrainingMethod; ITcVnImage; ITcVnMlModel,ITcVnMlModel,,,,,,ipSrcImage: ITcVnImage [In]; ipColorModel: Reference To ITcVnMlModel [In]; nDifferentColors: UDINT [In]; eMethod: ETcVnColorTrainingMethod [In] = TCVN_CTM_LAB; ipMask: ITcVnImage [In] = 0; nSkipPixels: UDINT [In] = 0; eClusteringAlgorithm: ETcVnClusteringAlgorithm [In] = TCVN_CA_KMEANSPP; nMaxClusterRadius: DINT [In] = 50; bSingleSplitSteps: BOOL [In] = TRUE; hrPrev: HRESULT [In]
F_VN_TrainImageColorExp_ITcVnMlModel,Node_F_VN_TrainImageColorExp_ITcVnMlModel,missing,TC3 Vision Base,,,ETcVnColorTrainingMethod; ITcVnImage; ITcVnMlModel,ITcVnMlModel,,,,,,ipSrcImage: ITcVnImage [In]; ipColorModel: Reference To ITcVnMlModel [In]; nDifferentColors: UDINT [In]; eMethod: ETcVnColorTrainingMethod [In] = TCVN_CTM_LAB; ipMask: ITcVnImage [In] = 0; nSkipPixels: UDINT [In] = 0; hrPrev: HRESULT [In]
F_VN_TrainImageColor_ITcVnMlModel,Node_F_VN_TrainImageColor_ITcVnMlModel,missing,TC3 Vision Base,,,ITcVnImage; ITcVnMlModel,ITcVnMlModel,,,,,,ipSrcImage: ITcVnImage [In]; ipColorModel: Reference To ITcVnMlModel [In]; nDifferentColors: UDINT [In]; hrPrev: HRESULT [In]
F_VN_TrainSample,Node_F_VN_TrainSample,missing,TC3 Machine Learning Realtime Inference,,,ITcVnMlModel,ITcVnMlModel,,ITcUnknown,,,,ipMlModel: ITcVnMlModel [In]; ipSample: ITcUnknown [In]; hrPrev: HRESULT [In]
F_VN_TrainSampleClass,Node_F_VN_TrainSampleClass,missing,TC3 Machine Learning Realtime Inference,,,ITcVnMlModel,ITcVnMlModel,,ITcUnknown,,,,ipClassifier: ITcVnMlModel [In]; ipSample: ITcUnknown [In]; nClass: DINT [In]; hrPrev: HRESULT [In]
F_VN_TrainSampleCluster,Node_F_VN_TrainSampleCluster,missing,TC3 Machine Learning Realtime Inference,,,ITcVnMlModel,ITcVnMlModel,,ITcUnknown,,,,ipClusterer: ITcVnMlModel [In]; ipSample: ITcUnknown [In]; nCluster: Reference To DINT [In]; hrPrev: HRESULT [In]
F_VN_TrainSampleScalar,Node_F_VN_TrainSampleScalar,missing,TC3 Machine Learning Realtime Inference,,,ITcVnMlModel,ITcVnMlModel,,ITcUnknown,,,,ipRegressor: ITcVnMlModel [In]; ipSample: ITcUnknown [In]; fOutput: REAL [In]; hrPrev: HRESULT [In]
F_VN_TrainSampleVector,Node_F_VN_TrainSampleVector,missing,TC3 Machine Learning Realtime Inference,,,ITcVnContainer; ITcVnMlModel,ITcVnMlModel,,ITcUnknown,,,,ipRegressor: ITcVnMlModel [In]; ipSample: ITcUnknown [In]; ipOutput: ITcVnContainer [In]; hrPrev: HRESULT [In]
F_VN_TransformCoordinatesImageToWorld_Container,Node_F_VN_TransformCoordinatesImageToWorld_Container,missing,TC3 Vision Metrology 2D,,,ITcVnContainer; TcVnArray8_LREAL; TcVnMatrix3x3_LREAL; TcVnVector3_LREAL,,,,,,,ipSrcPoints2D: ITcVnContainer [In]; ipDestPoints3D: Reference To ITcVnContainer [In]; aCameraMatrix: TcVnMatrix3x3_LREAL [InOut]; aDistortionCoefficients: TcVnArray8_LREAL [InOut]; aRotationMatrix: TcVnMatrix3x3_LREAL [InOut]; aTranslationVector: TcVnVector3_LREAL [InOut]; fZ: LREAL [In]; hrPrev: HRESULT [In]
F_VN_TransformCoordinatesImageToWorld_Point,Node_F_VN_TransformCoordinatesImageToWorld_Point,missing,TC3 Vision Metrology 2D,,,TcVnArray8_LREAL; TcVnMatrix3x3_LREAL; TcVnPoint2_LREAL; TcVnPoint3_LREAL; TcVnVector3_LREAL,,,,,,,aSrcPoint: TcVnPoint2_LREAL [InOut]; aDestPoint: TcVnPoint3_LREAL [InOut]; aCameraMatrix: TcVnMatrix3x3_LREAL [InOut]; aDistortionCoefficients: TcVnArray8_LREAL [InOut]; aRotationMatrix: TcVnMatrix3x3_LREAL [InOut]; aTranslationVector: TcVnVector3_LREAL [InOut]; fZ: LREAL [In]; hrPrev: HRESULT [In]
F_VN_TransformCoordinatesPlanar_Container,Node_F_VN_TransformCoordinatesPlanar_Container,missing,TC3 Vision Base,,,ITcVnContainer; TcVnMatrix3x3_LREAL,,,,,,,ipSrcPoints: ITcVnContainer [In]; ipDestPoints: Reference To ITcVnContainer [In]; aTransformationMatrix: TcVnMatrix3x3_LREAL [InOut]; hrPrev: HRESULT [In]
F_VN_TransformCoordinatesPlanar_Point,Node_F_VN_TransformCoordinatesPlanar_Point,missing,TC3 Vision Base,,,TcVnMatrix3x3_LREAL; TcVnPoint2_LREAL,,,,,,,aSrcPoint: TcVnPoint2_LREAL [InOut]; aDestPoint: TcVnPoint2_LREAL [InOut]; aTransformationMatrix: TcVnMatrix3x3_LREAL [InOut]; hrPrev: HRESULT [In]
F_VN_TransformCoordinatesWorldToImage_Container,Node_F_VN_TransformCoordinatesWorldToImage_Container,missing,TC3 Vision Metrology 2D,,,ITcVnContainer; TcVnArray8_LREAL; TcVnMatrix3x3_LREAL; TcVnVector3_LREAL,,,,,,,ipSrcPoints3D: ITcVnContainer [In]; ipDestPoints2D: Reference To ITcVnContainer [In]; aCameraMatrix: TcVnMatrix3x3_LREAL [InOut]; aDistortionCoefficients: TcVnArray8_LREAL [InOut]; aRotationMatrix: TcVnMatrix3x3_LREAL [InOut]; aTranslationVector: TcVnVector3_LREAL [InOut]; bInteger: BOOL [In]; hrPrev: HRESULT [In]
F_VN_TransformCoordinatesWorldToImage_Point,Node_F_VN_TransformCoordinatesWorldToImage_Point,missing,TC3 Vision Metrology 2D,,,TcVnArray8_LREAL; TcVnMatrix3x3_LREAL; TcVnPoint2_REAL; TcVnPoint3_LREAL; TcVnVector3_LREAL,,,,,,,aSrcPoint: TcVnPoint3_LREAL [InOut]; aDestPoint: TcVnPoint2_REAL [InOut]; aCameraMatrix: TcVnMatrix3x3_LREAL [InOut]; aDistortionCoefficients: TcVnArray8_LREAL [InOut]; aRotationMatrix: TcVnMatrix3x3_LREAL [InOut]; aTranslationVector: TcVnVector3_LREAL [InOut]; hrPrev: HRESULT [In]
F_VN_TransformIntoDisplayableImage,Node_F_VN_TransformIntoDisplayableImage,registered,TC3 Vision Base,src/sln/lib/mobject-graph-vision-pack/Nodes/Basic Image Ops/Node_F_VN_TransformIntoDisplayableImage.TcPOU,Vision/Basic Image Operations/F_VN_TransformIntoDisplayableImage,ITcVnDisplayableImage; ITcVnImage,,,,,,,ipSrcImage: Reference To ITcVnImage [In]; ipDestImage: Reference To ITcVnDisplayableImage [In]; hrPrev: HRESULT [In]
F_VN_TransformIntoDisplayableImageExp,Node_F_VN_TransformIntoDisplayableImageExp,registered,TC3 Vision Base,src/sln/lib/mobject-graph-vision-pack/Nodes/Basic Image Ops/Node_F_VN_TransformIntoDisplayableImageExp.TcPOU,Vision/Basic Image Operations/F_VN_TransformIntoDisplayableImageExp,ITcVnDisplayableImage; ITcVnImage,,,,,,,ipSrcImage: Reference To ITcVnImage [In]; ipDestImage: Reference To ITcVnDisplayableImage [In]; bAllowDeepCopy: BOOL [In] = FALSE; hrPrev: HRESULT [In]
F_VN_TransformIntoDisplayableImageExp2,Node_F_VN_TransformIntoDisplayableImageExp2,missing,TC3 Vision Base,,,ITcVnDisplayableImage; ITcVnImage,,,,,,,ipSrcImage: Reference To ITcVnImage [In]; ipDestImage: Reference To ITcVnDisplayableImage [In]; bAllowDeepCopy: BOOL [In] = FALSE; nTimestamp: LINT [In] = 0; hrPrev: HRESULT [In]
F_VN_UpdateTimestamp,Node_F_VN_UpdateTimestamp,missing,TC3 Vision Base,,,,,ITcVnTimestamp,ITcUnknown,,,,ipUnknown: ITcUnknown [In]; hrPrev: HRESULT [In]
F_VN_UprightBoundingRectangle,Node_F_VN_UprightBoundingRectangle,registered,TC3 Vision Base,src/sln/lib/mobject-graph-vision-pack/Nodes/Contour Analysis/Node_F_VN_UprightBoundingRectangle.TcPOU,Vision/Contour Analysis/F_VN_UprightBoundingRectangle,ITcVnContainer; TcVnRectangle_UDINT,,,,,,,ipPointSet: ITcVnContainer [In]; stRectangle: TcVnRectangle_UDINT [InOut]; hrPrev: HRESULT [In]
F_VN_UprightInnerRectangle,Node_F_VN_UprightInnerRectangle,registered,TC3 Vision Base,src/sln/lib/mobject-graph-vision-pack/Nodes/Image Analysis/Node_F_VN_UprightInnerRectangle.TcPOU,Vision/Image Analysis/F_VN_UprightInnerRectangle,ITcVnImage; TcVnRectangle_DINT,,,,,,,ipSrcImage: ITcVnImage [In]; stRectangle: TcVnRectangle_DINT [InOut]; hrPrev: HRESULT [In]
F_VN_UprightInnerRectangleExp,Node_F_VN_UprightInnerRectangleExp,registered,TC3 Vision Base,src/sln/lib/mobject-graph-vision-pack/Nodes/Image Analysis/Node_F_VN_UprightInnerRectangleExp.TcPOU,Vision/Image Analysis/F_VN_UprightInnerRectangleExp,ITcVnImage; TcVnRectangle_DINT,,,,,,,ipSrcImage: ITcVnImage [In]; stRectangle: TcVnRectangle_DINT [InOut]; nDownScaleFactor: DINT [In] = -1; hrPrev: HRESULT [In]
F_VN_VarianceFilter,Node_F_VN_VarianceFilter,registered,TC3 Vision Base,src/sln/lib/mobject-graph-vision-pack/Nodes/Image Filtering/Node_F_VN_VarianceFilter.TcPOU,Vision/Image Filtering/F_VN_VarianceFilter,ITcVnImage,,,,,,,ipSrcImage: ITcVnImage [In]; ipDestImage: Reference To ITcVnImage [In]; nKernelSize: UDINT [In]; hrPrev: HRESULT [In]
F_VN_VarianceFilterExp,Node_F_VN_VarianceFilterExp,registered,TC3 Vision Base,src/sln/lib/mobject-graph-vision-pack/Nodes/Image Filtering/Node_F_VN_VarianceFilterExp.TcPOU,Vision/Image Filtering/F_VN_VarianceFilterExp,ETcVnBorderInterpolationMethod; ITcVnImage,,,,,,,ipSrcImage: ITcVnImage [In]; ipDestImage: Reference To ITcVnImage [In]; nKernelSize: UDINT [In]; fScale: LREAL [In] = 1; eBorderType: ETcVnBorderInterpolationMethod [In] = TCVN_BIM_DEFAULT; hrPrev: HRESULT [In]
F_VN_WarpAffine,Node_F_VN_WarpAffine,registered,TC3 Vision Base,src/sln/lib/mobject-graph-vision-pack/Nodes/Geometric and Coord Transform/Node_F_VN_WarpAffine.TcPOU,Vision/Geometric and Coordinate Transformations/F_VN_WarpAffine,ITcVnImage; TcVnMatrix2x3_LREAL,,,,,,,ipSrcImage: ITcVnImage [In]; ipDestImage: Reference To ITcVnImage [In]; aTransformationMatrix: TcVnMatrix2x3_LREAL [InOut]; hrPrev: HRESULT [In]
F_VN_WarpAffineExp,Node_F_VN_WarpAffineExp,registered,TC3 Vision Base,src/sln/lib/mobject-graph-vision-pack/Nodes/Geometric and Coord Transform/Node_F_VN_WarpAffineExp.TcPOU,Vision/Geometric and Coordinate Transformations/F_VN_WarpAffineExp,ETcVnBorderInterpolationMethod; ETcVnInterpolationType; ITcVnImage; TcVnMatrix2x3_LREAL,,,,,,,ipSrcImage: ITcVnImage [In]; ipDestImage: Reference To ITcVnImage [In]; aTransformationMatrix: TcVnMatrix2x3_LREAL [InOut]; nDestWidth: UDINT [In]; nDestHeight: UDINT [In]; eInterpolationType: ETcVnInterpolationType [In]; bWarpInverse: BOOL [In]; eBorderInterpolation: ETcVnBorderInterpolationMethod [In]; fBorderValue: LREAL [In]; hrPrev: HRESULT [In]
F_VN_WarpAffine_Container,Node_F_VN_WarpAffine_Container,registered,TC3 Vision Base,src/sln/lib/mobject-graph-vision-pack/Nodes/Geometric and Coord Transform/Node_F_VN_WarpAffine_Container.TcPOU,Vision/Geometric and Coordinate Transformations/F_VN_WarpAffine_Container,ITcVnContainer; TcVnMatrix2x3_LREAL,,,,,,,ipSrcPoints: ITcVnContainer [In]; ipDestPoints: Reference To ITcVnContainer [In]; aTransformationMatrix: TcVnMatrix2x3_LREAL [InOut]; hrPrev: HRESULT [In]
F_VN_WarpAffine_Point,Node_F_VN_WarpAffine_Point,registered,TC3 Vision Base,src/sln/lib/mobject-graph-vision-pack/Nodes/Geometric and Coord Transform/Node_F_VN_WarpAffine_Point.TcPOU,Vision/Geometric and Coordinate Transformations/F_VN_WarpAffine_Point,TcVnMatrix2x3_LREAL; TcVnPoint2_LREAL,,,,,,,aSrcPoint: TcVnPoint2_LREAL [InOut]; aDestPoint: TcVnPoint2_LREAL [InOut]; aTransformationMatrix: TcVnMatrix2x3_LREAL [InOut]; hrPrev: HRESULT [In]
F_VN_WarpAffine_Rectangle,Node_F_VN_WarpAffine_Rectangle,registered,TC3 Vision Base,src/sln/lib/mobject-graph-vision-pack/Nodes/Geometric and Coord Transform/Node_F_VN_WarpAffine_Rectangle.TcPOU,Vision/Geometric and Coordinate Transformations/F_VN_WarpAffine_Rectangle,ITcVnContainer; TcVnMatrix2x3_LREAL,,,,,,,nTopLeftX: UDINT [In]; nTopLeftY: UDINT [In]; nBottomRightX: UDINT [In]; nBottomRightY: UDINT [In]; ipDestPoints: Reference To ITcVnContainer [In]; aTransformationMatrix: TcVnMatrix2x3_LREAL [InOut]; hrPrev: HRESULT [In]
F_VN_WarpPerspective,Node_F_VN_WarpPerspective,registered,TC3 Vision Base,src/sln/lib/mobject-graph-vision-pack/Nodes/Geometric and Coord Transform/Node_F_VN_WarpPerspective.TcPOU,Vision/Geometric and Coordinate Transformations/F_VN_WarpPerspective,ITcVnImage; TcVnMatrix3x3_LREAL,,,,,,,ipSrcImage: ITcVnImage [In]; ipDestImage: Reference To ITcVnImage [In]; aTransformationMatrix: TcVnMatrix3x3_LREAL [InOut]; hrPrev: HRESULT [In]
F_VN_WarpPerspectiveExp,Node_F_VN_WarpPerspectiveExp,registered,TC3 Vision Base,src/sln/lib/mobject-graph-vision-pack/Nodes/Geometric and Coord Transform/Node_F_VN_WarpPerspectiveExp.TcPOU,Vision/Geometric and Coordinate Transformations/F_VN_WarpPerspectiveExp,ETcVnBorderInterpolationMethod; ETcVnInterpolationType; ITcVnImage; TcVnMatrix3x3_LREAL,,,,,,,ipSrcImage: ITcVnImage [In]; ipDestImage: Reference To ITcVnImage [In]; aTransformationMatrix: TcVnMatrix3x3_LREAL [InOut]; nDestWidth: UDINT [In]; nDestHeight: UDINT [In]; eInterpolationType: ETcVnInterpolationType [In]; bWarpInverse: BOOL [In]; eBorderInterpolation: ETcVnBorderInterpolationMethod [In]; fBorderValue: LREAL [In]; hrPrev: HRESULT [In]
F_VN_WarpPerspective_Container,Node_F_VN_WarpPerspective_Container,registered,TC3 Vision Base,src/sln/lib/mobject-graph-vision-pack/Nodes/Geometric and Coord Transform/Node_F_VN_WarpPerspective_Container.TcPOU,Vision/Geometric and Coordinate Transformations/F_VN_WarpPerspective_Container,ITcVnContainer; TcVnMatrix3x3_LREAL,,,,,,,ipSrcPoints: ITcVnContainer [In]; ipDestPoints: Reference To ITcVnContainer [In]; aTransformationMatrix: TcVnMatrix3x3_LREAL [InOut]; hrPrev: HRESULT [In]
F_VN_WarpPerspective_Point,Node_F_VN_WarpPerspective_Point,registered,TC3 Vision Base,src/sln/lib/mobject-graph-vision-pack/Nodes/Geometric and Coord Transform/Node_F_VN_WarpPerspective_Point.TcPOU,Vision/Geometric and Coordinate Transformations/F_VN_WarpPerspective_Point,TcVnMatrix3x3_LREAL; TcVnPoint2_LREAL,,,,,,,aSrcPoint: TcVnPoint2_LREAL [InOut]; aDestPoint: TcVnPoint2_LREAL [InOut]; aTransformationMatrix: TcVnMatrix3x3_LREAL [InOut]; hrPrev: HRESULT [In]
F_VN_WarpPerspective_Rectangle,Node_F_VN_WarpPerspective_Rectangle,registered,TC3 Vision Base,src/sln/lib/mobject-graph-vision-pack/Nodes/Geometric and Coord Transform/Node_F_VN_WarpPerspective_Rectangle.TcPOU,Vision/Geometric and Coordinate Transformations/F_VN_WarpPerspective_Rectangle,ITcVnContainer; TcVnMatrix3x3_LREAL,,,,,,,nTopLeftX: UDINT [In]; nTopLeftY: UDINT [In]; nBottomRightX: UDINT [In]; nBottomRightY: UDINT [In]; ipDestPoints: Reference To ITcVnContainer [In]; aTransformationMatrix: TcVnMatrix3x3_LREAL [InOut]; hrPrev: HRESULT [In]
F_VN_WatershedSegmentationExp,Node_F_VN_WatershedSegmentationExp,registered,TC3 Vision Base,src/sln/lib/mobject-graph-vision-pack/Nodes/Image Segmentation/Node_F_VN_WatershedSegmentationExp.TcPOU,Vision/Image Segmentation/F_VN_WatershedSegmentationExp,ITcVnImage,,,,,,,ipSrcImage: ITcVnImage [In]; ipDestImage: Reference To ITcVnImage [In]; ipMarkers: ITcVnImage [In]; hrPrev: HRESULT [In]
F_VN_WhiteBalance,Node_F_VN_WhiteBalance,registered,TC3 Vision Base,src/sln/lib/mobject-graph-vision-pack/Nodes/Image Color and Contrast Processing/Node_F_VN_WhiteBalance.TcPOU,Vision/Image Color and Contrast Processing/F_VN_WhiteBalance,ITcVnImage,,,,,,,ipSrcImage: ITcVnImage [In]; ipDestImage: Reference To ITcVnImage [In]; fRatioRed: Reference To REAL [In]; fRatioBlue: Reference To REAL [In]; nMaxValue: UDINT [In]; hrPrev: HRESULT [In]
