symbol,status,source,graph_path
_ALIASTYP,excluded_from_build,src/sln/lib/mobject-graph-vision-pack/Datatypes/Aliases/_ALIASTYP.TcPOU,
_GVCP_REGISTER_ADDRESS,registered,src/sln/lib/mobject-graph-vision-pack/Datatypes/Aliases/_GVCP_REGISTER_ADDRESS.TcPOU,
_GVCP_REGISTER_VALUE,registered,src/sln/lib/mobject-graph-vision-pack/Datatypes/Aliases/_GVCP_REGISTER_VALUE.TcPOU,
_TcVnArray10_ITcVnImage,registered,src/sln/lib/mobject-graph-vision-pack/Datatypes/Aliases/_TcVnArray10_ITcVnImage.TcPOU,
_TcVnArray33_UDINT,registered,src/sln/lib/mobject-graph-vision-pack/Datatypes/Aliases/_TcVnArray33_UDINT.TcPOU,
_TcVnArray3_Point2_REAL,registered,src/sln/lib/mobject-graph-vision-pack/Datatypes/Aliases/_TcVnArray3_Point2_REAL.TcPOU,
_TcVnArray4_LREAL,registered,src/sln/lib/mobject-graph-vision-pack/Datatypes/Aliases/_TcVnArray4_LREAL.TcPOU,
_TcVnArray4_Point2_REAL,registered,src/sln/lib/mobject-graph-vision-pack/Datatypes/Aliases/_TcVnArray4_Point2_REAL.TcPOU,
_TcVnArray7_LREAL,registered,src/sln/lib/mobject-graph-vision-pack/Datatypes/Aliases/_TcVnArray7_LREAL.TcPOU,
_TcVnArray8_LREAL,registered,src/sln/lib/mobject-graph-vision-pack/Datatypes/Aliases/_TcVnArray8_LREAL.TcPOU,
_TcVnMatrix2x3_LREAL,registered,src/sln/lib/mobject-graph-vision-pack/Datatypes/Aliases/_TcVnMatrix2x3_LREAL.TcPOU,
_TcVnMatrix3x3_LREAL,registered,src/sln/lib/mobject-graph-vision-pack/Datatypes/Aliases/_TcVnMatrix3x3_LREAL.TcPOU,
_TcVnPoint,registered,src/sln/lib/mobject-graph-vision-pack/Datatypes/Aliases/_TcVnPoint.TcPOU,
_TcVnPoint2_DINT,registered,src/sln/lib/mobject-graph-vision-pack/Datatypes/Aliases/_TcVnPoint2_DINT.TcPOU,
_TcVnPoint2_LREAL,registered,src/sln/lib/mobject-graph-vision-pack/Datatypes/Aliases/_TcVnPoint2_LREAL.TcPOU,
_TcVnPoint2_REAL,registered,src/sln/lib/mobject-graph-vision-pack/Datatypes/Aliases/_TcVnPoint2_REAL.TcPOU,
_TcVnPoint3_LREAL,registered,src/sln/lib/mobject-graph-vision-pack/Datatypes/Aliases/_TcVnPoint3_LREAL.TcPOU,
_TcVnPoint3_REAL,registered,src/sln/lib/mobject-graph-vision-pack/Datatypes/Aliases/_TcVnPoint3_REAL.TcPOU,
_TcVnRectangle,registered,src/sln/lib/mobject-graph-vision-pack/Datatypes/Aliases/_TcVnRectangle.TcPOU,
_TcVnVector2_DINT,registered,src/sln/lib/mobject-graph-vision-pack/Datatypes/Aliases/_TcVnVector2_DINT.TcPOU,
_TcVnVector2_INT,registered,src/sln/lib/mobject-graph-vision-pack/Datatypes/Aliases/_TcVnVector2_INT.TcPOU,
_TcVnVector2_LREAL,registered,src/sln/lib/mobject-graph-vision-pack/Datatypes/Aliases/_TcVnVector2_LREAL.TcPOU,
_TcVnVector2_REAL,registered,src/sln/lib/mobject-graph-vision-pack/Datatypes/Aliases/_TcVnVector2_REAL.TcPOU,
_TcVnVector2_SINT,registered,src/sln/lib/mobject-graph-vision-pack/Datatypes/Aliases/_TcVnVector2_SINT.TcPOU,
_TcVnVector2_UINT,registered,src/sln/lib/mobject-graph-vision-pack/Datatypes/Aliases/_TcVnVector2_UINT.TcPOU,
_TcVnVector2_USINT,registered,src/sln/lib/mobject-graph-vision-pack/Datatypes/Aliases/_TcVnVector2_USINT.TcPOU,
_TcVnVector3_INT,registered,src/sln/lib/mobject-graph-vision-pack/Datatypes/Aliases/_TcVnVector3_INT.TcPOU,
_TcVnVector3_LREAL,registered,src/sln/lib/mobject-graph-vision-pack/Datatypes/Aliases/_TcVnVector3_LREAL.TcPOU,
_TcVnVector3_REAL,registered,src/sln/lib/mobject-graph-vision-pack/Datatypes/Aliases/_TcVnVector3_REAL.TcPOU,
_TcVnVector3_SINT,registered,src/sln/lib/mobject-graph-vision-pack/Datatypes/Aliases/_TcVnVector3_SINT.TcPOU,
_TcVnVector3_UINT,registered,src/sln/lib/mobject-graph-vision-pack/Datatypes/Aliases/_TcVnVector3_UINT.TcPOU,
_TcVnVector3_USINT,registered,src/sln/lib/mobject-graph-vision-pack/Datatypes/Aliases/_TcVnVector3_USINT.TcPOU,
_TcVnVector4_DINT,registered,src/sln/lib/mobject-graph-vision-pack/Datatypes/Aliases/_TcVnVector4_DINT.TcPOU,
_TcVnVector4_INT,registered,src/sln/lib/mobject-graph-vision-pack/Datatypes/Aliases/_TcVnVector4_INT.TcPOU,
_TcVnVector4_LREAL,registered,src/sln/lib/mobject-graph-vision-pack/Datatypes/Aliases/_TcVnVector4_LREAL.TcPOU,
_TcVnVector4_REAL,registered,src/sln/lib/mobject-graph-vision-pack/Datatypes/Aliases/_TcVnVector4_REAL.TcPOU,
_TcVnVector4_SINT,registered,src/sln/lib/mobject-graph-vision-pack/Datatypes/Aliases/_TcVnVector4_SINT.TcPOU,
_TcVnVector4_UINT,registered,src/sln/lib/mobject-graph-vision-pack/Datatypes/Aliases/_TcVnVector4_UINT.TcPOU,
_TcVnVector4_USINT,registered,src/sln/lib/mobject-graph-vision-pack/Datatypes/Aliases/_TcVnVector4_USINT.TcPOU,
_Array0to1OfARRAYTYP,excluded_from_build,src/sln/lib/mobject-graph-vision-pack/Datatypes/Arrays/_Array0to1OfARRAYTYP.TcPOU,
_Array0to1OfDINT,registered,src/sln/lib/mobject-graph-vision-pack/Datatypes/Arrays/_Array0to1OfDINT.TcPOU,
_Array0to1OfINT,registered,src/sln/lib/mobject-graph-vision-pack/Datatypes/Arrays/_Array0to1OfINT.TcPOU,
_Array0to1OfLREAL,registered,src/sln/lib/mobject-graph-vision-pack/Datatypes/Arrays/_Array0to1OfLREAL.TcPOU,
_Array0to1OfREAL,registered,src/sln/lib/mobject-graph-vision-pack/Datatypes/Arrays/_Array0to1OfREAL.TcPOU,
_Array0to1OfSINT,registered,src/sln/lib/mobject-graph-vision-pack/Datatypes/Arrays/_Array0to1OfSINT.TcPOU,
_Array0to1OfUINT,registered,src/sln/lib/mobject-graph-vision-pack/Datatypes/Arrays/_Array0to1OfUINT.TcPOU,
_Array0to1OfUSINT,registered,src/sln/lib/mobject-graph-vision-pack/Datatypes/Arrays/_Array0to1OfUSINT.TcPOU,
_Array0to1_0to2OfLREAL,registered,src/sln/lib/mobject-graph-vision-pack/Datatypes/Arrays/_Array0to1_0to2OfLREAL.TcPOU,
_Array0to2OfINT,registered,src/sln/lib/mobject-graph-vision-pack/Datatypes/Arrays/_Array0to2OfINT.TcPOU,
_Array0to2OfLREAL,registered,src/sln/lib/mobject-graph-vision-pack/Datatypes/Arrays/_Array0to2OfLREAL.TcPOU,
_Array0to2OfREAL,registered,src/sln/lib/mobject-graph-vision-pack/Datatypes/Arrays/_Array0to2OfREAL.TcPOU,
_Array0to2OfSINT,registered,src/sln/lib/mobject-graph-vision-pack/Datatypes/Arrays/_Array0to2OfSINT.TcPOU,
_Array0to2OfTcVnPoint2_REAL,unregistered,src/sln/lib/mobject-graph-vision-pack/Datatypes/Arrays/_Array0to2OfTcVnPoint2_REAL.TcPOU,
_Array0to2OfUINT,registered,src/sln/lib/mobject-graph-vision-pack/Datatypes/Arrays/_Array0to2OfUINT.TcPOU,
_Array0to2OfUSINT,registered,src/sln/lib/mobject-graph-vision-pack/Datatypes/Arrays/_Array0to2OfUSINT.TcPOU,
_Array0to2_0to2OfLREAL,registered,src/sln/lib/mobject-graph-vision-pack/Datatypes/Arrays/_Array0to2_0to2OfLREAL.TcPOU,
_Array0to32OfUDINT,unregistered,src/sln/lib/mobject-graph-vision-pack/Datatypes/Arrays/_Array0to32OfUDINT.TcPOU,
_Array0to3OfDINT,registered,src/sln/lib/mobject-graph-vision-pack/Datatypes/Arrays/_Array0to3OfDINT.TcPOU,
_Array0to3OfINT,registered,src/sln/lib/mobject-graph-vision-pack/Datatypes/Arrays/_Array0to3OfINT.TcPOU,
_Array0to3OfLREAL,registered,src/sln/lib/mobject-graph-vision-pack/Datatypes/Arrays/_Array0to3OfLREAL.TcPOU,
_Array0to3OfREAL,registered,src/sln/lib/mobject-graph-vision-pack/Datatypes/Arrays/_Array0to3OfREAL.TcPOU,
_Array0to3OfSINT,unregistered,src/sln/lib/mobject-graph-vision-pack/Datatypes/Arrays/_Array0to3OfSINT.TcPOU,
_Array0to3OfTcVnPoint2_REAL,unregistered,src/sln/lib/mobject-graph-vision-pack/Datatypes/Arrays/_Array0to3OfTcVnPoint2_REAL.TcPOU,
_Array0to3OfUINT,unregistered,src/sln/lib/mobject-graph-vision-pack/Datatypes/Arrays/_Array0to3OfUINT.TcPOU,
_Array0to3OfUSINT,unregistered,src/sln/lib/mobject-graph-vision-pack/Datatypes/Arrays/_Array0to3OfUSINT.TcPOU,
_Array0to6OfLREAL,registered,src/sln/lib/mobject-graph-vision-pack/Datatypes/Arrays/_Array0to6OfLREAL.TcPOU,
_Array0to7OfLREAL,registered,src/sln/lib/mobject-graph-vision-pack/Datatypes/Arrays/_Array0to7OfLREAL.TcPOU,
_Array0to9OfITcVnImage,unregistered,src/sln/lib/mobject-graph-vision-pack/Datatypes/Arrays/_Array0to9OfITcVnImage.TcPOU,
_ETcVn2dCodeSearchStrategy,registered,src/sln/lib/mobject-graph-vision-pack/Datatypes/Enums/_ETcVn2dCodeSearchStrategy.TcPOU,
_ETcVnAdaptiveThresholdMethod,registered,src/sln/lib/mobject-graph-vision-pack/Datatypes/Enums/_ETcVnAdaptiveThresholdMethod.TcPOU,
_ETcVnBarcodeSearchDirection,registered,src/sln/lib/mobject-graph-vision-pack/Datatypes/Enums/_ETcVnBarcodeSearchDirection.TcPOU,
_ETcVnBarcodeType,registered,src/sln/lib/mobject-graph-vision-pack/Datatypes/Enums/_ETcVnBarcodeType.TcPOU,
_ETcVnBlobCombination,registered,src/sln/lib/mobject-graph-vision-pack/Datatypes/Enums/_ETcVnBlobCombination.TcPOU,
_ETcVnBoostClassifierType,registered,src/sln/lib/mobject-graph-vision-pack/Datatypes/Enums/_ETcVnBoostClassifierType.TcPOU,
_ETcVnBorderInterpolationMethod,registered,src/sln/lib/mobject-graph-vision-pack/Datatypes/Enums/_ETcVnBorderInterpolationMethod.TcPOU,
_ETcVnCalibrationPattern,registered,src/sln/lib/mobject-graph-vision-pack/Datatypes/Enums/_ETcVnCalibrationPattern.TcPOU,
_ETcVnCalibrationPatternOrigin,registered,src/sln/lib/mobject-graph-vision-pack/Datatypes/Enums/_ETcVnCalibrationPatternOrigin.TcPOU,
_ETcVnCameraState,registered,src/sln/lib/mobject-graph-vision-pack/Datatypes/Enums/_ETcVnCameraState.TcPOU,
_ETcVnCircularityCalculationMethod,registered,src/sln/lib/mobject-graph-vision-pack/Datatypes/Enums/_ETcVnCircularityCalculationMethod.TcPOU,
_ETcVnClusteringAlgorithm,registered,src/sln/lib/mobject-graph-vision-pack/Datatypes/Enums/_ETcVnClusteringAlgorithm.TcPOU,
_ETcVnCodeDetectionModel,registered,src/sln/lib/mobject-graph-vision-pack/Datatypes/Enums/_ETcVnCodeDetectionModel.TcPOU,
_ETcVnCodeType,registered,src/sln/lib/mobject-graph-vision-pack/Datatypes/Enums/_ETcVnCodeType.TcPOU,
_ETcVnColorMap,registered,src/sln/lib/mobject-graph-vision-pack/Datatypes/Enums/_ETcVnColorMap.TcPOU,
_ETcVnColorMapSize,registered,src/sln/lib/mobject-graph-vision-pack/Datatypes/Enums/_ETcVnColorMapSize.TcPOU,
_ETcVnColorSpaceTransform,registered,src/sln/lib/mobject-graph-vision-pack/Datatypes/Enums/_ETcVnColorSpaceTransform.TcPOU,
_ETcVnColorTrainingMethod,registered,src/sln/lib/mobject-graph-vision-pack/Datatypes/Enums/_ETcVnColorTrainingMethod.TcPOU,
_ETcVnComparisonOperator,registered,src/sln/lib/mobject-graph-vision-pack/Datatypes/Enums/_ETcVnComparisonOperator.TcPOU,
_ETcVnConnectedComponentsAlgorithm,registered,src/sln/lib/mobject-graph-vision-pack/Datatypes/Enums/_ETcVnConnectedComponentsAlgorithm.TcPOU,
_ETcVnContainerExportFormat,registered,src/sln/lib/mobject-graph-vision-pack/Datatypes/Enums/_ETcVnContainerExportFormat.TcPOU,
_ETcVnContourApproximationMethod,registered,src/sln/lib/mobject-graph-vision-pack/Datatypes/Enums/_ETcVnContourApproximationMethod.TcPOU,
_ETcVnContourRetrievalMode,registered,src/sln/lib/mobject-graph-vision-pack/Datatypes/Enums/_ETcVnContourRetrievalMode.TcPOU,
_ETcVnContoursMatchComparisonMethod,registered,src/sln/lib/mobject-graph-vision-pack/Datatypes/Enums/_ETcVnContoursMatchComparisonMethod.TcPOU,
_ETcVnDataLayout,registered,src/sln/lib/mobject-graph-vision-pack/Datatypes/Enums/_ETcVnDataLayout.TcPOU,
_ETcVnDataMatrixOptions,registered,src/sln/lib/mobject-graph-vision-pack/Datatypes/Enums/_ETcVnDataMatrixOptions.TcPOU,
_ETcVnDetectBarcodesWalshOptions,registered,src/sln/lib/mobject-graph-vision-pack/Datatypes/Enums/_ETcVnDetectBarcodesWalshOptions.TcPOU,
_ETcVnDetectPatternPointsOptions,registered,src/sln/lib/mobject-graph-vision-pack/Datatypes/Enums/_ETcVnDetectPatternPointsOptions.TcPOU,
_ETcVnDiffusivityTypeKAZE,registered,src/sln/lib/mobject-graph-vision-pack/Datatypes/Enums/_ETcVnDiffusivityTypeKAZE.TcPOU,
_ETcVnDistanceTransformationLabel,registered,src/sln/lib/mobject-graph-vision-pack/Datatypes/Enums/_ETcVnDistanceTransformationLabel.TcPOU,
_ETcVnDistanceTransformationMask,registered,src/sln/lib/mobject-graph-vision-pack/Datatypes/Enums/_ETcVnDistanceTransformationMask.TcPOU,
_ETcVnDistanceType,registered,src/sln/lib/mobject-graph-vision-pack/Datatypes/Enums/_ETcVnDistanceType.TcPOU,
_ETcVnDotCodeOptions,registered,src/sln/lib/mobject-graph-vision-pack/Datatypes/Enums/_ETcVnDotCodeOptions.TcPOU,
_ETcVnDrawMatchesFlags,registered,src/sln/lib/mobject-graph-vision-pack/Datatypes/Enums/_ETcVnDrawMatchesFlags.TcPOU,
_ETcVnDrawShape,registered,src/sln/lib/mobject-graph-vision-pack/Datatypes/Enums/_ETcVnDrawShape.TcPOU,
_ETcVnEdgeDetectionAlgorithm,registered,src/sln/lib/mobject-graph-vision-pack/Datatypes/Enums/_ETcVnEdgeDetectionAlgorithm.TcPOU,
_ETcVnEdgeDirection,registered,src/sln/lib/mobject-graph-vision-pack/Datatypes/Enums/_ETcVnEdgeDirection.TcPOU,
_ETcVnEdgeSelection,registered,src/sln/lib/mobject-graph-vision-pack/Datatypes/Enums/_ETcVnEdgeSelection.TcPOU,
_ETcVnElementType,registered,src/sln/lib/mobject-graph-vision-pack/Datatypes/Enums/_ETcVnElementType.TcPOU,
_ETcVnEstimationAlgorithm,registered,src/sln/lib/mobject-graph-vision-pack/Datatypes/Enums/_ETcVnEstimationAlgorithm.TcPOU,
_ETcVnExtremePointDirection,registered,src/sln/lib/mobject-graph-vision-pack/Datatypes/Enums/_ETcVnExtremePointDirection.TcPOU,
_ETcVnFeatureDescriptorTypeAKAZE,registered,src/sln/lib/mobject-graph-vision-pack/Datatypes/Enums/_ETcVnFeatureDescriptorTypeAKAZE.TcPOU,
_ETcVnFeatureScalingType,registered,src/sln/lib/mobject-graph-vision-pack/Datatypes/Enums/_ETcVnFeatureScalingType.TcPOU,
_ETcVnFeatureScoreTypeORB,registered,src/sln/lib/mobject-graph-vision-pack/Datatypes/Enums/_ETcVnFeatureScoreTypeORB.TcPOU,
_ETcVnFilterDirection,registered,src/sln/lib/mobject-graph-vision-pack/Datatypes/Enums/_ETcVnFilterDirection.TcPOU,
_ETcVnFindRoisMethod,registered,src/sln/lib/mobject-graph-vision-pack/Datatypes/Enums/_ETcVnFindRoisMethod.TcPOU,
_ETcVnFindTemplateWalshOptions,registered,src/sln/lib/mobject-graph-vision-pack/Datatypes/Enums/_ETcVnFindTemplateWalshOptions.TcPOU,
_ETcVnFlipAxis,registered,src/sln/lib/mobject-graph-vision-pack/Datatypes/Enums/_ETcVnFlipAxis.TcPOU,
_ETcVnFontType,registered,src/sln/lib/mobject-graph-vision-pack/Datatypes/Enums/_ETcVnFontType.TcPOU,
_ETcVnHoughMethod,registered,src/sln/lib/mobject-graph-vision-pack/Datatypes/Enums/_ETcVnHoughMethod.TcPOU,
_ETcVnInitializableFunction,registered,src/sln/lib/mobject-graph-vision-pack/Datatypes/Enums/_ETcVnInitializableFunction.TcPOU,
_ETcVnInterpolationType,registered,src/sln/lib/mobject-graph-vision-pack/Datatypes/Enums/_ETcVnInterpolationType.TcPOU,
_ETcVnJpegSampling,registered,src/sln/lib/mobject-graph-vision-pack/Datatypes/Enums/_ETcVnJpegSampling.TcPOU,
_ETcVnKeypointDetectionTypeAGAST,registered,src/sln/lib/mobject-graph-vision-pack/Datatypes/Enums/_ETcVnKeypointDetectionTypeAGAST.TcPOU,
_ETcVnKeypointDetectionTypeFAST,registered,src/sln/lib/mobject-graph-vision-pack/Datatypes/Enums/_ETcVnKeypointDetectionTypeFAST.TcPOU,
_ETcVnKnn,registered,src/sln/lib/mobject-graph-vision-pack/Datatypes/Enums/_ETcVnKnn.TcPOU,
_ETcVnLayerNameType,registered,src/sln/lib/mobject-graph-vision-pack/Datatypes/Enums/_ETcVnLayerNameType.TcPOU,
_ETcVnLineType,registered,src/sln/lib/mobject-graph-vision-pack/Datatypes/Enums/_ETcVnLineType.TcPOU,
_ETcVnMatchTemplateWalshOptions,registered,src/sln/lib/mobject-graph-vision-pack/Datatypes/Enums/_ETcVnMatchTemplateWalshOptions.TcPOU,
_ETcVnMergeRegionsOptions,registered,src/sln/lib/mobject-graph-vision-pack/Datatypes/Enums/_ETcVnMergeRegionsOptions.TcPOU,
_ETcVnMorphologicalOperator,registered,src/sln/lib/mobject-graph-vision-pack/Datatypes/Enums/_ETcVnMorphologicalOperator.TcPOU,
_ETcVnNbc,registered,src/sln/lib/mobject-graph-vision-pack/Datatypes/Enums/_ETcVnNbc.TcPOU,
_ETcVnNormalizationType,registered,src/sln/lib/mobject-graph-vision-pack/Datatypes/Enums/_ETcVnNormalizationType.TcPOU,
_ETcVnOcrModelType,registered,src/sln/lib/mobject-graph-vision-pack/Datatypes/Enums/_ETcVnOcrModelType.TcPOU,
_ETcVnOcrOptions,registered,src/sln/lib/mobject-graph-vision-pack/Datatypes/Enums/_ETcVnOcrOptions.TcPOU,
_ETcVnOrientationMethod,registered,src/sln/lib/mobject-graph-vision-pack/Datatypes/Enums/_ETcVnOrientationMethod.TcPOU,
_ETcVnPaddingMode,registered,src/sln/lib/mobject-graph-vision-pack/Datatypes/Enums/_ETcVnPaddingMode.TcPOU,
_ETcVnPixelConnectivity,registered,src/sln/lib/mobject-graph-vision-pack/Datatypes/Enums/_ETcVnPixelConnectivity.TcPOU,
_ETcVnPixelEncoding,registered,src/sln/lib/mobject-graph-vision-pack/Datatypes/Enums/_ETcVnPixelEncoding.TcPOU,
_ETcVnPixelPackMode,registered,src/sln/lib/mobject-graph-vision-pack/Datatypes/Enums/_ETcVnPixelPackMode.TcPOU,
_ETcVnPolarizedImageInterpolation,registered,src/sln/lib/mobject-graph-vision-pack/Datatypes/Enums/_ETcVnPolarizedImageInterpolation.TcPOU,
_ETcVnPrototypeClusterer,registered,src/sln/lib/mobject-graph-vision-pack/Datatypes/Enums/_ETcVnPrototypeClusterer.TcPOU,
_ETcVnRTrees,registered,src/sln/lib/mobject-graph-vision-pack/Datatypes/Enums/_ETcVnRTrees.TcPOU,
_ETcVnRectangleIntersection,registered,src/sln/lib/mobject-graph-vision-pack/Datatypes/Enums/_ETcVnRectangleIntersection.TcPOU,
_ETcVnReduceType,registered,src/sln/lib/mobject-graph-vision-pack/Datatypes/Enums/_ETcVnReduceType.TcPOU,
_ETcVnRotationAngle,registered,src/sln/lib/mobject-graph-vision-pack/Datatypes/Enums/_ETcVnRotationAngle.TcPOU,
_ETcVnSalientFeaturesMethod,registered,src/sln/lib/mobject-graph-vision-pack/Datatypes/Enums/_ETcVnSalientFeaturesMethod.TcPOU,
_ETcVnSignedNormalization,registered,src/sln/lib/mobject-graph-vision-pack/Datatypes/Enums/_ETcVnSignedNormalization.TcPOU,
_ETcVnSolvePnPMethod,registered,src/sln/lib/mobject-graph-vision-pack/Datatypes/Enums/_ETcVnSolvePnPMethod.TcPOU,
_ETcVnSta,registered,src/sln/lib/mobject-graph-vision-pack/Datatypes/Enums/_ETcVnSta.TcPOU,
_ETcVnStructuringElementShape,registered,src/sln/lib/mobject-graph-vision-pack/Datatypes/Enums/_ETcVnStructuringElementShape.TcPOU,
_ETcVnSvm,registered,src/sln/lib/mobject-graph-vision-pack/Datatypes/Enums/_ETcVnSvm.TcPOU,
_ETcVnSvmKernelType,registered,src/sln/lib/mobject-graph-vision-pack/Datatypes/Enums/_ETcVnSvmKernelType.TcPOU,
_ETcVnSvmSgdClassifierMarginType,registered,src/sln/lib/mobject-graph-vision-pack/Datatypes/Enums/_ETcVnSvmSgdClassifierMarginType.TcPOU,
_ETcVnSvmSgdClassifierType,registered,src/sln/lib/mobject-graph-vision-pack/Datatypes/Enums/_ETcVnSvmSgdClassifierType.TcPOU,
_ETcVnTemplateMatchMethod,registered,src/sln/lib/mobject-graph-vision-pack/Datatypes/Enums/_ETcVnTemplateMatchMethod.TcPOU,
_ETcVnThresholdType,registered,src/sln/lib/mobject-graph-vision-pack/Datatypes/Enums/_ETcVnThresholdType.TcPOU,
_ETcVnTimestamp,registered,src/sln/lib/mobject-graph-vision-pack/Datatypes/Enums/_ETcVnTimestamp.TcPOU,
_ETcVnVectorCompareMethod,registered,src/sln/lib/mobject-graph-vision-pack/Datatypes/Enums/_ETcVnVectorCompareMethod.TcPOU,
_ETcVnWorldCoordinateSystem,registered,src/sln/lib/mobject-graph-vision-pack/Datatypes/Enums/_ETcVnWorldCoordinateSystem.TcPOU,
_ETcWatchdogAccumulationType,registered,src/sln/lib/mobject-graph-vision-pack/Datatypes/Enums/_ETcWatchdogAccumulationType.TcPOU,
_GEV_CAMERA_STATE,registered,src/sln/lib/mobject-graph-vision-pack/Datatypes/Enums/_GEV_CAMERA_STATE.TcPOU,
_ITcVnContainer,registered,src/sln/lib/mobject-graph-vision-pack/Datatypes/Interfaces/Containers/ITcVnContainer/_ITcVnContainer.TcPOU,
_ITcVnBidirectionalIterator,unregistered,src/sln/lib/mobject-graph-vision-pack/Datatypes/Interfaces/Containers/Iterators/ITcVnBidirectionalIterator/_ITcVnBidirectionalIterator.TcPOU,
_ITcVnDisplayableImage,registered,src/sln/lib/mobject-graph-vision-pack/Datatypes/Interfaces/Images/ITcVnDisplayableImage/_ITcVnDisplayableImage.TcPOU,
_ITcVnImage,registered,src/sln/lib/mobject-graph-vision-pack/Datatypes/Interfaces/Images/ITcVnImage/_ITcVnImage.TcPOU,
_GVCP_ADDRESS_VALUE_PAIR,registered,src/sln/lib/mobject-graph-vision-pack/Datatypes/Structs/_GVCP_ADDRESS_VALUE_PAIR.TcPOU,
_GVSP_IMAGE_INFO,registered,src/sln/lib/mobject-graph-vision-pack/Datatypes/Structs/_GVSP_IMAGE_INFO.TcPOU,
_GVSP_LEADER_PAYLOAD_IMAGE,registered,src/sln/lib/mobject-graph-vision-pack/Datatypes/Structs/_GVSP_LEADER_PAYLOAD_IMAGE.TcPOU,
_GVSP_PIXEL_FORMAT,registered,src/sln/lib/mobject-graph-vision-pack/Datatypes/Structs/_GVSP_PIXEL_FORMAT.TcPOU,
_TcVnCameraCalibrationOptions,registered,src/sln/lib/mobject-graph-vision-pack/Datatypes/Structs/_TcVnCameraCalibrationOptions.TcPOU,
_TcVnCircularArc,registered,src/sln/lib/mobject-graph-vision-pack/Datatypes/Structs/_TcVnCircularArc.TcPOU,
_TcVnCodeGrades1D,registered,src/sln/lib/mobject-graph-vision-pack/Datatypes/Structs/_TcVnCodeGrades1D.TcPOU,
_TcVnCodeGradesDM,registered,src/sln/lib/mobject-graph-vision-pack/Datatypes/Structs/_TcVnCodeGradesDM.TcPOU,
_TcVnCodeGradesQR,registered,src/sln/lib/mobject-graph-vision-pack/Datatypes/Structs/_TcVnCodeGradesQR.TcPOU,
_TcVnDMatch,registered,src/sln/lib/mobject-graph-vision-pack/Datatypes/Structs/_TcVnDMatch.TcPOU,
_TcVnImageInfo,registered,src/sln/lib/mobject-graph-vision-pack/Datatypes/Structs/_TcVnImageInfo.TcPOU,
_TcVnKeyPoint,registered,src/sln/lib/mobject-graph-vision-pack/Datatypes/Structs/_TcVnKeyPoint.TcPOU,
_TcVnMatrix,excluded_from_build,src/sln/lib/mobject-graph-vision-pack/Datatypes/Structs/_TcVnMatrix.TcPOU,
_TcVnMoments,registered,src/sln/lib/mobject-graph-vision-pack/Datatypes/Structs/_TcVnMoments.TcPOU,
_TcVnParamsAGAST,registered,src/sln/lib/mobject-graph-vision-pack/Datatypes/Structs/_TcVnParamsAGAST.TcPOU,
_TcVnParamsAKAZE,registered,src/sln/lib/mobject-graph-vision-pack/Datatypes/Structs/_TcVnParamsAKAZE.TcPOU,
_TcVnParamsBRISK,registered,src/sln/lib/mobject-graph-vision-pack/Datatypes/Structs/_TcVnParamsBRISK.TcPOU,
_TcVnParamsBlobDetection,registered,src/sln/lib/mobject-graph-vision-pack/Datatypes/Structs/_TcVnParamsBlobDetection.TcPOU,
_TcVnParamsFAST,registered,src/sln/lib/mobject-graph-vision-pack/Datatypes/Structs/_TcVnParamsFAST.TcPOU,
_TcVnParamsFindRois,registered,src/sln/lib/mobject-graph-vision-pack/Datatypes/Structs/_TcVnParamsFindRois.TcPOU,
_TcVnParamsGFTT,registered,src/sln/lib/mobject-graph-vision-pack/Datatypes/Structs/_TcVnParamsGFTT.TcPOU,
_TcVnParamsKAZE,registered,src/sln/lib/mobject-graph-vision-pack/Datatypes/Structs/_TcVnParamsKAZE.TcPOU,
_TcVnParamsMSER,registered,src/sln/lib/mobject-graph-vision-pack/Datatypes/Structs/_TcVnParamsMSER.TcPOU,
_TcVnParamsORB,registered,src/sln/lib/mobject-graph-vision-pack/Datatypes/Structs/_TcVnParamsORB.TcPOU,
_TcVnParamsSB,registered,src/sln/lib/mobject-graph-vision-pack/Datatypes/Structs/_TcVnParamsSB.TcPOU,
_TcVnParamsWalshBarcodeDetection,registered,src/sln/lib/mobject-graph-vision-pack/Datatypes/Structs/_TcVnParamsWalshBarcodeDetection.TcPOU,
_TcVnPixelFormat,registered,src/sln/lib/mobject-graph-vision-pack/Datatypes/Structs/_TcVnPixelFormat.TcPOU,
_TcVnRectangle_DINT,registered,src/sln/lib/mobject-graph-vision-pack/Datatypes/Structs/_TcVnRectangle_DINT.TcPOU,
_TcVnRectangle_UDINT,registered,src/sln/lib/mobject-graph-vision-pack/Datatypes/Structs/_TcVnRectangle_UDINT.TcPOU,
_TcVnRotatedRectangle,registered,src/sln/lib/mobject-graph-vision-pack/Datatypes/Structs/_TcVnRotatedRectangle.TcPOU,
_TcVnSize2_DINT,registered,src/sln/lib/mobject-graph-vision-pack/Datatypes/Structs/_TcVnSize2_DINT.TcPOU,
_TcVnSize2_REAL,registered,src/sln/lib/mobject-graph-vision-pack/Datatypes/Structs/_TcVnSize2_REAL.TcPOU,
Node_F_VN_AddToContainerElements_DINT,registered,src/sln/lib/mobject-graph-vision-pack/Nodes/Algebraic Container Ops/AddTo/Node_F_VN_AddToContainerElements_DINT.TcPOU,Vision/Algebraic Container Operations/F_VN_AddToContainerElements/F_VN_AddToContainerElements_DINT
Node_F_VN_AddToContainerElements_INT,registered,src/sln/lib/mobject-graph-vision-pack/Nodes/Algebraic Container Ops/AddTo/Node_F_VN_AddToContainerElements_INT.TcPOU,Vision/Algebraic Container Operations/F_VN_AddToContainerElements/F_VN_AddToContainerElements_INT
Node_F_VN_AddToContainerElements_LREAL,registered,src/sln/lib/mobject-graph-vision-pack/Nodes/Algebraic Container Ops/AddTo/Node_F_VN_AddToContainerElements_LREAL.TcPOU,Vision/Algebraic Container Operations/F_VN_AddToContainerElements/F_VN_AddToContainerElements_LREAL
Node_F_VN_AddToContainerElements_REAL,registered,src/sln/lib/mobject-graph-vision-pack/Nodes/Algebraic Container Ops/AddTo/Node_F_VN_AddToContainerElements_REAL.TcPOU,Vision/Algebraic Container Operations/F_VN_AddToContainerElements/F_VN_AddToContainerElements_REAL
Node_F_VN_AddToContainerElements_SINT,registered,src/sln/lib/mobject-graph-vision-pack/Nodes/Algebraic Container Ops/AddTo/Node_F_VN_AddToContainerElements_SINT.TcPOU,Vision/Algebraic Container Operations/F_VN_AddToContainerElements/F_VN_AddToContainerElements_SINT
Node_F_VN_AddToContainerElements_TcVnKeyPoint,registered,src/sln/lib/mobject-graph-vision-pack/Nodes/Algebraic Container Ops/AddTo/Node_F_VN_AddToContainerElements_TcVnKeyPoint.TcPOU,Vision/Algebraic Container Operations/F_VN_AddToContainerElements/F_VN_AddToContainerElements_TcVnKeyPoint
Node_F_VN_AddToContainerElements_TcVnPoint2_DINT,registered,src/sln/lib/mobject-graph-vision-pack/Nodes/Algebraic Container Ops/AddTo/Node_F_VN_AddToContainerElements_TcVnPoint2_DINT.TcPOU,Vision/Algebraic Container Operations/F_VN_AddToContainerElements/F_VN_AddToContainerElements_TcVnPoint2_DINT
Node_F_VN_AddToContainerElements_TcVnPoint2_LREAL,registered,src/sln/lib/mobject-graph-vision-pack/Nodes/Algebraic Container Ops/AddTo/Node_F_VN_AddToContainerElements_TcVnPoint2_LREAL.TcPOU,Vision/Algebraic Container Operations/F_VN_AddToContainerElements/F_VN_AddToContainerElements_TcVnPoint2_LREAL
Node_F_VN_AddToContainerElements_TcVnPoint2_REAL,registered,src/sln/lib/mobject-graph-vision-pack/Nodes/Algebraic Container Ops/AddTo/Node_F_VN_AddToContainerElements_TcVnPoint2_REAL.TcPOU,Vision/Algebraic Container Operations/F_VN_AddToContainerElements/F_VN_AddToContainerElements_TcVnPoint2_REAL
Node_F_VN_AddToContainerElements_TcVnPoint3_LREAL,registered,src/sln/lib/mobject-graph-vision-pack/Nodes/Algebraic Container Ops/AddTo/Node_F_VN_AddToContainerElements_TcVnPoint3_LREAL.TcPOU,Vision/Algebraic Container Operations/F_VN_AddToContainerElements/F_VN_AddToContainerElements_TcVnPoint3_LREAL
Node_F_VN_AddToContainerElements_TcVnPoint3_REAL,registered,src/sln/lib/mobject-graph-vision-pack/Nodes/Algebraic Container Ops/AddTo/Node_F_VN_AddToContainerElements_TcVnPoint3_REAL.TcPOU,Vision/Algebraic Container Operations/F_VN_AddToContainerElements/F_VN_AddToContainerElements_TcVnPoint3_REAL
Node_F_VN_AddToContainerElements_TcVnRectangle_DINT,registered,src/sln/lib/mobject-graph-vision-pack/Nodes/Algebraic Container Ops/AddTo/Node_F_VN_AddToContainerElements_TcVnRectangle_DINT.TcPOU,Vision/Algebraic Container Operations/F_VN_AddToContainerElements/F_VN_AddToContainerElements_TcVnRectangle_DINT
Node_F_VN_AddToContainerElements_TcVnRotatedRectangle,registered,src/sln/lib/mobject-graph-vision-pack/Nodes/Algebraic Container Ops/AddTo/Node_F_VN_AddToContainerElements_TcVnRotatedRectangle.TcPOU,Vision/Algebraic Container Operations/F_VN_AddToContainerElements/F_VN_AddToContainerElements_TcVnRotatedRectangle
Node_F_VN_AddToContainerElements_TcVnVector2_DINT,registered,src/sln/lib/mobject-graph-vision-pack/Nodes/Algebraic Container Ops/AddTo/Node_F_VN_AddToContainerElements_TcVnVector2_DINT.TcPOU,Vision/Algebraic Container Operations/F_VN_AddToContainerElements/F_VN_AddToContainerElements_TcVnVector2_DINT
Node_F_VN_AddToContainerElements_TcVnVector2_INT,registered,src/sln/lib/mobject-graph-vision-pack/Nodes/Algebraic Container Ops/AddTo/Node_F_VN_AddToContainerElements_TcVnVector2_INT.TcPOU,Vision/Algebraic Container Operations/F_VN_AddToContainerElements/F_VN_AddToContainerElements_TcVnVector2_INT
Node_F_VN_AddToContainerElements_TcVnVector2_REAL,registered,src/sln/lib/mobject-graph-vision-pack/Nodes/Algebraic Container Ops/AddTo/Node_F_VN_AddToContainerElements_TcVnVector2_REAL.TcPOU,Vision/Algebraic Container Operations/F_VN_AddToContainerElements/F_VN_AddToContainerElements_TcVnVector2_REAL
Node_F_VN_AddToContainerElements_TcVnVector2_SINT,registered,src/sln/lib/mobject-graph-vision-pack/Nodes/Algebraic Container Ops/AddTo/Node_F_VN_AddToContainerElements_TcVnVector2_SINT.TcPOU,Vision/Algebraic Container Operations/F_VN_AddToContainerElements/F_VN_AddToContainerElements_TcVnVector2_SINT
Node_F_VN_AddToContainerElements_TcVnVector2_UINT,registered,src/sln/lib/mobject-graph-vision-pack/Nodes/Algebraic Container Ops/AddTo/Node_F_VN_AddToContainerElements_TcVnVector2_UINT.TcPOU,Vision/Algebraic Container Operations/F_VN_AddToContainerElements/F_VN_AddToContainerElements_TcVnVector2_UINT
Node_F_VN_AddToContainerElements_TcVnVector2_USINT,registered,src/sln/lib/mobject-graph-vision-pack/Nodes/Algebraic Container Ops/AddTo/Node_F_VN_AddToContainerElements_TcVnVector2_USINT.TcPOU,Vision/Algebraic Container Operations/F_VN_AddToContainerElements/F_VN_AddToContainerElements_TcVnVector2_USINT
Node_F_VN_AddToContainerElements_TcVnVector3_INT,registered,src/sln/lib/mobject-graph-vision-pack/Nodes/Algebraic Container Ops/AddTo/Node_F_VN_AddToContainerElements_TcVnVector3_INT.TcPOU,Vision/Algebraic Container Operations/F_VN_AddToContainerElements/F_VN_AddToContainerElements_TcVnVector3_INT
Node_F_VN_AddToContainerElements_TcVnVector3_REAL,registered,src/sln/lib/mobject-graph-vision-pack/Nodes/Algebraic Container Ops/AddTo/Node_F_VN_AddToContainerElements_TcVnVector3_REAL.TcPOU,Vision/Algebraic Container Operations/F_VN_AddToContainerElements/F_VN_AddToContainerElements_TcVnVector3_REAL
Node_F_VN_AddToContainerElements_TcVnVector3_SINT,registered,src/sln/lib/mobject-graph-vision-pack/Nodes/Algebraic Container Ops/AddTo/Node_F_VN_AddToContainerElements_TcVnVector3_SINT.TcPOU,Vision/Algebraic Container Operations/F_VN_AddToContainerElements/F_VN_AddToContainerElements_TcVnVector3_SINT
Node_F_VN_AddToContainerElements_TcVnVector3_UINT,registered,src/sln/lib/mobject-graph-vision-pack/Nodes/Algebraic Container Ops/AddTo/Node_F_VN_AddToContainerElements_TcVnVector3_UINT.TcPOU,Vision/Algebraic Container Operations/F_VN_AddToContainerElements/F_VN_AddToContainerElements_TcVnVector3_UINT
Node_F_VN_AddToContainerElements_TcVnVector3_USINT,registered,src/sln/lib/mobject-graph-vision-pack/Nodes/Algebraic Container Ops/AddTo/Node_F_VN_AddToContainerElements_TcVnVector3_USINT.TcPOU,Vision/Algebraic Container Operations/F_VN_AddToContainerElements/F_VN_AddToContainerElements_TcVnVector3_USINT
Node_F_VN_AddToContainerElements_TcVnVector4_DINT,registered,src/sln/lib/mobject-graph-vision-pack/Nodes/Algebraic Container Ops/AddTo/Node_F_VN_AddToContainerElements_TcVnVector4_DINT.TcPOU,Vision/Algebraic Container Operations/F_VN_AddToContainerElements/F_VN_AddToContainerElements_TcVnVector4_DINT
Node_F_VN_AddToContainerElements_TcVnVector4_INT,registered,src/sln/lib/mobject-graph-vision-pack/Nodes/Algebraic Container Ops/AddTo/Node_F_VN_AddToContainerElements_TcVnVector4_INT.TcPOU,Vision/Algebraic Container Operations/F_VN_AddToContainerElements/F_VN_AddToContainerElements_TcVnVector4_INT
Node_F_VN_AddToContainerElements_TcVnVector4_LREAL,registered,src/sln/lib/mobject-graph-vision-pack/Nodes/Algebraic Container Ops/AddTo/Node_F_VN_AddToContainerElements_TcVnVector4_LREAL.TcPOU,Vision/Algebraic Container Operations/F_VN_AddToContainerElements/F_VN_AddToContainerElements_TcVnVector4_LREAL
Node_F_VN_AddToContainerElements_TcVnVector4_REAL,registered,src/sln/lib/mobject-graph-vision-pack/Nodes/Algebraic Container Ops/AddTo/Node_F_VN_AddToContainerElements_TcVnVector4_REAL.TcPOU,Vision/Algebraic Container Operations/F_VN_AddToContainerElements/F_VN_AddToContainerElements_TcVnVector4_REAL
Node_F_VN_AddToContainerElements_TcVnVector4_SINT,registered,src/sln/lib/mobject-graph-vision-pack/Nodes/Algebraic Container Ops/AddTo/Node_F_VN_AddToContainerElements_TcVnVector4_SINT.TcPOU,Vision/Algebraic Container Operations/F_VN_AddToContainerElements/F_VN_AddToContainerElements_TcVnVector4_SINT
Node_F_VN_AddToContainerElements_TcVnVector4_UINT,registered,src/sln/lib/mobject-graph-vision-pack/Nodes/Algebraic Container Ops/AddTo/Node_F_VN_AddToContainerElements_TcVnVector4_UINT.TcPOU,Vision/Algebraic Container Operations/F_VN_AddToContainerElements/F_VN_AddToContainerElements_TcVnVector4_UINT
Node_F_VN_AddToContainerElements_TcVnVector4_USINT,registered,src/sln/lib/mobject-graph-vision-pack/Nodes/Algebraic Container Ops/AddTo/Node_F_VN_AddToContainerElements_TcVnVector4_USINT.TcPOU,Vision/Algebraic Container Operations/F_VN_AddToContainerElements/F_VN_AddToContainerElements_TcVnVector4_USINT
Node_F_VN_AddToContainerElements_UDINT,registered,src/sln/lib/mobject-graph-vision-pack/Nodes/Algebraic Container Ops/AddTo/Node_F_VN_AddToContainerElements_UDINT.TcPOU,Vision/Algebraic Container Operations/F_VN_AddToContainerElements/F_VN_AddToContainerElements_UDINT
Node_F_VN_AddToContainerElements_UINT,registered,src/sln/lib/mobject-graph-vision-pack/Nodes/Algebraic Container Ops/AddTo/Node_F_VN_AddToContainerElements_UINT.TcPOU,Vision/Algebraic Container Operations/F_VN_AddToContainerElements/F_VN_AddToContainerElements_UINT
Node_F_VN_AddToContainerElements_ULINT,registered,src/sln/lib/mobject-graph-vision-pack/Nodes/Algebraic Container Ops/AddTo/Node_F_VN_AddToContainerElements_ULINT.TcPOU,Vision/Algebraic Container Operations/F_VN_AddToContainerElements/F_VN_AddToContainerElements_ULINT
Node_F_VN_AddToContainerElements_USINT,registered,src/sln/lib/mobject-graph-vision-pack/Nodes/Algebraic Container Ops/AddTo/Node_F_VN_AddToContainerElements_USINT.TcPOU,Vision/Algebraic Container Operations/F_VN_AddToContainerElements/F_VN_AddToContainerElements_USINT
Node_F_VN_AddContainers,registered,src/sln/lib/mobject-graph-vision-pack/Nodes/Algebraic Container Ops/Node_F_VN_AddContainers.TcPOU,Vision/Algebraic Container Operations/F_VN_AddContainers
Node_F_VN_BitwiseAndContainers,registered,src/sln/lib/mobject-graph-vision-pack/Nodes/Algebraic Container Ops/Node_F_VN_BitwiseAndContainers.TcPOU,Vision/Algebraic Container Operations/F_VN_BitwiseAndContainers
Node_F_VN_BitwiseNotContainer,registered,src/sln/lib/mobject-graph-vision-pack/Nodes/Algebraic Container Ops/Node_F_VN_BitwiseNotContainer.TcPOU,Vision/Algebraic Container Operations/F_VN_BitwiseNotContainer
Node_F_VN_BitwiseOrContainers,registered,src/sln/lib/mobject-graph-vision-pack/Nodes/Algebraic Container Ops/Node_F_VN_BitwiseOrContainers.TcPOU,Vision/Algebraic Container Operations/F_VN_BitwiseOrContainers
Node_F_VN_BitwiseXorContainers,registered,src/sln/lib/mobject-graph-vision-pack/Nodes/Algebraic Container Ops/Node_F_VN_BitwiseXorContainers.TcPOU,Vision/Algebraic Container Operations/F_VN_BitwiseXorContainers
Node_F_VN_DivideContainers,registered,src/sln/lib/mobject-graph-vision-pack/Nodes/Algebraic Container Ops/Node_F_VN_DivideContainers.TcPOU,Vision/Algebraic Container Operations/F_VN_DivideContainers
Node_F_VN_DivideContainersExp,registered,src/sln/lib/mobject-graph-vision-pack/Nodes/Algebraic Container Ops/Node_F_VN_DivideContainersExp.TcPOU,Vision/Algebraic Container Operations/F_VN_DivideContainersExp
Node_F_VN_MaxContainer,registered,src/sln/lib/mobject-graph-vision-pack/Nodes/Algebraic Container Ops/Node_F_VN_MaxContainer.TcPOU,Vision/Algebraic Container Operations/F_VN_MaxContainer
Node_F_VN_MinContainer,registered,src/sln/lib/mobject-graph-vision-pack/Nodes/Algebraic Container Ops/Node_F_VN_MinContainer.TcPOU,Vision/Algebraic Container Operations/F_VN_MinContainer
Node_F_VN_MultiplyContainers,registered,src/sln/lib/mobject-graph-vision-pack/Nodes/Algebraic Container Ops/Node_F_VN_MultiplyContainers.TcPOU,Vision/Algebraic Container Operations/F_VN_MultiplyContainers
Node_F_VN_NegateContainer,registered,src/sln/lib/mobject-graph-vision-pack/Nodes/Algebraic Container Ops/Node_F_VN_NegateContainer.TcPOU,Vision/Algebraic Container Operations/F_VN_NegateContainer
Node_F_VN_SubtractContainers,registered,src/sln/lib/mobject-graph-vision-pack/Nodes/Algebraic Container Ops/Node_F_VN_SubtractContainers.TcPOU,Vision/Algebraic Container Operations/F_VN_SubtractContainers
Node_F_VN_AddImages,registered,src/sln/lib/mobject-graph-vision-pack/Nodes/Algebraic Image Ops/Node_F_VN_AddImages.TcPOU,Vision/Algebraic Image Operations/F_VN_AddImages
Node_F_VN_AddImagesWeighted,registered,src/sln/lib/mobject-graph-vision-pack/Nodes/Algebraic Image Ops/Node_F_VN_AddImagesWeighted.TcPOU,Vision/Algebraic Image Operations/F_VN_AddImagesWeighted
Node_F_VN_AddImagesWeightedExp,registered,src/sln/lib/mobject-graph-vision-pack/Nodes/Algebraic Image Ops/Node_F_VN_AddImagesWeightedExp.TcPOU,Vision/Algebraic Image Operations/F_VN_AddImagesWeightedExp
Node_F_VN_AddScalarToImage,registered,src/sln/lib/mobject-graph-vision-pack/Nodes/Algebraic Image Ops/Node_F_VN_AddScalarToImage.TcPOU,Vision/Algebraic Image Operations/F_VN_AddScalarToImage
Node_F_VN_AddVectorToImage,registered,src/sln/lib/mobject-graph-vision-pack/Nodes/Algebraic Image Ops/Node_F_VN_AddVectorToImage.TcPOU,Vision/Algebraic Image Operations/F_VN_AddVectorToImage
Node_F_VN_BitwiseAndImages,registered,src/sln/lib/mobject-graph-vision-pack/Nodes/Algebraic Image Ops/Node_F_VN_BitwiseAndImages.TcPOU,Vision/Algebraic Image Operations/F_VN_BitwiseAndImages
Node_F_VN_BitwiseAndImagesExp,registered,src/sln/lib/mobject-graph-vision-pack/Nodes/Algebraic Image Ops/Node_F_VN_BitwiseAndImagesExp.TcPOU,Vision/Algebraic Image Operations/F_VN_BitwiseAndImagesExp
Node_F_VN_BitwiseAndScalarWithImage,registered,src/sln/lib/mobject-graph-vision-pack/Nodes/Algebraic Image Ops/Node_F_VN_BitwiseAndScalarWithImage.TcPOU,Vision/Algebraic Image Operations/F_VN_BitwiseAndScalarWithImage
Node_F_VN_BitwiseAndVectorWithImage,registered,src/sln/lib/mobject-graph-vision-pack/Nodes/Algebraic Image Ops/Node_F_VN_BitwiseAndVectorWithImage.TcPOU,Vision/Algebraic Image Operations/F_VN_BitwiseAndVectorWithImage
Node_F_VN_BitwiseNotImage,registered,src/sln/lib/mobject-graph-vision-pack/Nodes/Algebraic Image Ops/Node_F_VN_BitwiseNotImage.TcPOU,Vision/Algebraic Image Operations/F_VN_BitwiseNotImage
Node_F_VN_BitwiseNotImageExp,registered,src/sln/lib/mobject-graph-vision-pack/Nodes/Algebraic Image Ops/Node_F_VN_BitwiseNotImageExp.TcPOU,Vision/Algebraic Image Operations/F_VN_BitwiseNotImageExp
Node_F_VN_BitwiseOrImages,registered,src/sln/lib/mobject-graph-vision-pack/Nodes/Algebraic Image Ops/Node_F_VN_BitwiseOrImages.TcPOU,Vision/Algebraic Image Operations/F_VN_BitwiseOrImages
Node_F_VN_BitwiseOrImagesExp,registered,src/sln/lib/mobject-graph-vision-pack/Nodes/Algebraic Image Ops/Node_F_VN_BitwiseOrImagesExp.TcPOU,Vision/Algebraic Image Operations/F_VN_BitwiseOrImagesExp
Node_F_VN_BitwiseOrScalarWithImage,registered,src/sln/lib/mobject-graph-vision-pack/Nodes/Algebraic Image Ops/Node_F_VN_BitwiseOrScalarWithImage.TcPOU,Vision/Algebraic Image Operations/F_VN_BitwiseOrScalarWithImage
Node_F_VN_BitwiseOrVectorWithImage,registered,src/sln/lib/mobject-graph-vision-pack/Nodes/Algebraic Image Ops/Node_F_VN_BitwiseOrVectorWithImage.TcPOU,Vision/Algebraic Image Operations/F_VN_BitwiseOrVectorWithImage
Node_F_VN_BitwiseXorImages,registered,src/sln/lib/mobject-graph-vision-pack/Nodes/Algebraic Image Ops/Node_F_VN_BitwiseXorImages.TcPOU,Vision/Algebraic Image Operations/F_VN_BitwiseXorImages
Node_F_VN_BitwiseXorImagesExp,registered,src/sln/lib/mobject-graph-vision-pack/Nodes/Algebraic Image Ops/Node_F_VN_BitwiseXorImagesExp.TcPOU,Vision/Algebraic Image Operations/F_VN_BitwiseXorImagesExp
Node_F_VN_BitwiseXorScalarWithImage,registered,src/sln/lib/mobject-graph-vision-pack/Nodes/Algebraic Image Ops/Node_F_VN_BitwiseXorScalarWithImage.TcPOU,Vision/Algebraic Image Operations/F_VN_BitwiseXorScalarWithImage
Node_F_VN_BitwiseXorVectorWithImage,registered,src/sln/lib/mobject-graph-vision-pack/Nodes/Algebraic Image Ops/Node_F_VN_BitwiseXorVectorWithImage.TcPOU,Vision/Algebraic Image Operations/F_VN_BitwiseXorVectorWithImage
Node_F_VN_DivideImageByScalar,registered,src/sln/lib/mobject-graph-vision-pack/Nodes/Algebraic Image Ops/Node_F_VN_DivideImageByScalar.TcPOU,Vision/Algebraic Image Operations/F_VN_DivideImageByScalar
Node_F_VN_DivideImageByVector,registered,src/sln/lib/mobject-graph-vision-pack/Nodes/Algebraic Image Ops/Node_F_VN_DivideImageByVector.TcPOU,Vision/Algebraic Image Operations/F_VN_DivideImageByVector
Node_F_VN_DivideImages,registered,src/sln/lib/mobject-graph-vision-pack/Nodes/Algebraic Image Ops/Node_F_VN_DivideImages.TcPOU,Vision/Algebraic Image Operations/F_VN_DivideImages
Node_F_VN_DivideScalarByImage,registered,src/sln/lib/mobject-graph-vision-pack/Nodes/Algebraic Image Ops/Node_F_VN_DivideScalarByImage.TcPOU,Vision/Algebraic Image Operations/F_VN_DivideScalarByImage
Node_F_VN_DivideVectorByImage,registered,src/sln/lib/mobject-graph-vision-pack/Nodes/Algebraic Image Ops/Node_F_VN_DivideVectorByImage.TcPOU,Vision/Algebraic Image Operations/F_VN_DivideVectorByImage
Node_F_VN_ElementwiseExp,registered,src/sln/lib/mobject-graph-vision-pack/Nodes/Algebraic Image Ops/Node_F_VN_ElementwiseExp.TcPOU,Vision/Algebraic Image Operations/F_VN_ElementwiseExp
Node_F_VN_ElementwiseLog,registered,src/sln/lib/mobject-graph-vision-pack/Nodes/Algebraic Image Ops/Node_F_VN_ElementwiseLog.TcPOU,Vision/Algebraic Image Operations/F_VN_ElementwiseLog
Node_F_VN_MaxImage,registered,src/sln/lib/mobject-graph-vision-pack/Nodes/Algebraic Image Ops/Node_F_VN_MaxImage.TcPOU,Vision/Algebraic Image Operations/F_VN_MaxImage
Node_F_VN_MaxImageExp,registered,src/sln/lib/mobject-graph-vision-pack/Nodes/Algebraic Image Ops/Node_F_VN_MaxImageExp.TcPOU,Vision/Algebraic Image Operations/F_VN_MaxImageExp
Node_F_VN_MaxImageWithScalar,registered,src/sln/lib/mobject-graph-vision-pack/Nodes/Algebraic Image Ops/Node_F_VN_MaxImageWithScalar.TcPOU,Vision/Algebraic Image Operations/F_VN_MaxImageWithScalar
Node_F_VN_MaxImageWithScalarExp,registered,src/sln/lib/mobject-graph-vision-pack/Nodes/Algebraic Image Ops/Node_F_VN_MaxImageWithScalarExp.TcPOU,Vision/Algebraic Image Operations/F_VN_MaxImageWithScalarExp
Node_F_VN_MaxImageWithVector,registered,src/sln/lib/mobject-graph-vision-pack/Nodes/Algebraic Image Ops/Node_F_VN_MaxImageWithVector.TcPOU,Vision/Algebraic Image Operations/F_VN_MaxImageWithVector
Node_F_VN_MaxImageWithVectorExp,registered,src/sln/lib/mobject-graph-vision-pack/Nodes/Algebraic Image Ops/Node_F_VN_MaxImageWithVectorExp.TcPOU,Vision/Algebraic Image Operations/F_VN_MaxImageWithVectorExp
Node_F_VN_MinImage,registered,src/sln/lib/mobject-graph-vision-pack/Nodes/Algebraic Image Ops/Node_F_VN_MinImage.TcPOU,Vision/Algebraic Image Operations/F_VN_MinImage
Node_F_VN_MinImageExp,registered,src/sln/lib/mobject-graph-vision-pack/Nodes/Algebraic Image Ops/Node_F_VN_MinImageExp.TcPOU,Vision/Algebraic Image Operations/F_VN_MinImageExp
Node_F_VN_MinImageWithScalar,registered,src/sln/lib/mobject-graph-vision-pack/Nodes/Algebraic Image Ops/Node_F_VN_MinImageWithScalar.TcPOU,Vision/Algebraic Image Operations/F_VN_MinImageWithScalar
Node_F_VN_MinImageWithScalarExp,registered,src/sln/lib/mobject-graph-vision-pack/Nodes/Algebraic Image Ops/Node_F_VN_MinImageWithScalarExp.TcPOU,Vision/Algebraic Image Operations/F_VN_MinImageWithScalarExp
Node_F_VN_MinImageWithVector,registered,src/sln/lib/mobject-graph-vision-pack/Nodes/Algebraic Image Ops/Node_F_VN_MinImageWithVector.TcPOU,Vision/Algebraic Image Operations/F_VN_MinImageWithVector
Node_F_VN_MinImageWithVectorExp,registered,src/sln/lib/mobject-graph-vision-pack/Nodes/Algebraic Image Ops/Node_F_VN_MinImageWithVectorExp.TcPOU,Vision/Algebraic Image Operations/F_VN_MinImageWithVectorExp
Node_F_VN_MultiplyImageWithScalar,registered,src/sln/lib/mobject-graph-vision-pack/Nodes/Algebraic Image Ops/Node_F_VN_MultiplyImageWithScalar.TcPOU,Vision/Algebraic Image Operations/F_VN_MultiplyImageWithScalar
Node_F_VN_MultiplyImageWithVector,registered,src/sln/lib/mobject-graph-vision-pack/Nodes/Algebraic Image Ops/Node_F_VN_MultiplyImageWithVector.TcPOU,Vision/Algebraic Image Operations/F_VN_MultiplyImageWithVector
Node_F_VN_MultiplyImages,registered,src/sln/lib/mobject-graph-vision-pack/Nodes/Algebraic Image Ops/Node_F_VN_MultiplyImages.TcPOU,Vision/Algebraic Image Operations/F_VN_MultiplyImages
Node_F_VN_SubtractImageFromScalar,registered,src/sln/lib/mobject-graph-vision-pack/Nodes/Algebraic Image Ops/Node_F_VN_SubtractImageFromScalar.TcPOU,Vision/Algebraic Image Operations/F_VN_SubtractImageFromScalar
Node_F_VN_SubtractImageFromVector,registered,src/sln/lib/mobject-graph-vision-pack/Nodes/Algebraic Image Ops/Node_F_VN_SubtractImageFromVector.TcPOU,Vision/Algebraic Image Operations/F_VN_SubtractImageFromVector
Node_F_VN_SubtractImages,registered,src/sln/lib/mobject-graph-vision-pack/Nodes/Algebraic Image Ops/Node_F_VN_SubtractImages.TcPOU,Vision/Algebraic Image Operations/F_VN_SubtractImages
Node_F_VN_SubtractScalarFromImage,registered,src/sln/lib/mobject-graph-vision-pack/Nodes/Algebraic Image Ops/Node_F_VN_SubtractScalarFromImage.TcPOU,Vision/Algebraic Image Operations/F_VN_SubtractScalarFromImage
Node_F_VN_SubtractVectorFromImage,registered,src/sln/lib/mobject-graph-vision-pack/Nodes/Algebraic Image Ops/Node_F_VN_SubtractVectorFromImage.TcPOU,Vision/Algebraic Image Operations/F_VN_SubtractVectorFromImage
Node_F_VN_AppendToContainer_DINT,registered,src/sln/lib/mobject-graph-vision-pack/Nodes/Basic Container Ops/AppendToContainer/Node_F_VN_AppendToContainer_DINT.TcPOU,Vision/Basic Container Operations/F_VN_AppendToContainer/F_VN_AppendToContainer_DINT
Node_F_VN_AppendToContainer_INT,registered,src/sln/lib/mobject-graph-vision-pack/Nodes/Basic Container Ops/AppendToContainer/Node_F_VN_AppendToContainer_INT.TcPOU,Vision/Basic Container Operations/F_VN_AppendToContainer/F_VN_AppendToContainer_INT
Node_F_VN_AppendToContainer_ITcVnContainer,registered,src/sln/lib/mobject-graph-vision-pack/Nodes/Basic Container Ops/AppendToContainer/Node_F_VN_AppendToContainer_ITcVnContainer.TcPOU,Vision/Basic Container Operations/F_VN_AppendToContainer/F_VN_AppendToContainer_ITcVnContainer
Node_F_VN_AppendToContainer_ITcVnImage,registered,src/sln/lib/mobject-graph-vision-pack/Nodes/Basic Container Ops/AppendToContainer/Node_F_VN_AppendToContainer_ITcVnImage.TcPOU,Vision/Basic Container Operations/F_VN_AppendToContainer/F_VN_AppendToContainer_ITcVnImage
Node_F_VN_AppendToContainer_LREAL,registered,src/sln/lib/mobject-graph-vision-pack/Nodes/Basic Container Ops/AppendToContainer/Node_F_VN_AppendToContainer_LREAL.TcPOU,Vision/Basic Container Operations/F_VN_AppendToContainer/F_VN_AppendToContainer_LREAL
Node_F_VN_AppendToContainer_REAL,registered,src/sln/lib/mobject-graph-vision-pack/Nodes/Basic Container Ops/AppendToContainer/Node_F_VN_AppendToContainer_REAL.TcPOU,Vision/Basic Container Operations/F_VN_AppendToContainer/F_VN_AppendToContainer_REAL
Node_F_VN_AppendToContainer_SINT,registered,src/sln/lib/mobject-graph-vision-pack/Nodes/Basic Container Ops/AppendToContainer/Node_F_VN_AppendToContainer_SINT.TcPOU,Vision/Basic Container Operations/F_VN_AppendToContainer/F_VN_AppendToContainer_SINT
Node_F_VN_AppendToContainer_TcVnDMatch,registered,src/sln/lib/mobject-graph-vision-pack/Nodes/Basic Container Ops/AppendToContainer/Node_F_VN_AppendToContainer_TcVnDMatch.TcPOU,Vision/Basic Container Operations/F_VN_AppendToContainer/F_VN_AppendToContainer_TcVnDMatch
Node_F_VN_AppendToContainer_TcVnKeyPoint,registered,src/sln/lib/mobject-graph-vision-pack/Nodes/Basic Container Ops/AppendToContainer/Node_F_VN_AppendToContainer_TcVnKeyPoint.TcPOU,Vision/Basic Container Operations/F_VN_AppendToContainer/F_VN_AppendToContainer_TcVnKeyPoint
Node_F_VN_AppendToContainer_TcVnPoint2_DINT,registered,src/sln/lib/mobject-graph-vision-pack/Nodes/Basic Container Ops/AppendToContainer/Node_F_VN_AppendToContainer_TcVnPoint2_DINT.TcPOU,Vision/Basic Container Operations/F_VN_AppendToContainer/F_VN_AppendToContainer_TcVnPoint2_DINT
Node_F_VN_AppendToContainer_TcVnPoint2_LREAL,registered,src/sln/lib/mobject-graph-vision-pack/Nodes/Basic Container Ops/AppendToContainer/Node_F_VN_AppendToContainer_TcVnPoint2_LREAL.TcPOU,Vision/Basic Container Operations/F_VN_AppendToContainer/F_VN_AppendToContainer_TcVnPoint2_LREAL
Node_F_VN_AppendToContainer_TcVnPoint2_REAL,registered,src/sln/lib/mobject-graph-vision-pack/Nodes/Basic Container Ops/AppendToContainer/Node_F_VN_AppendToContainer_TcVnPoint2_REAL.TcPOU,Vision/Basic Container Operations/F_VN_AppendToContainer/F_VN_AppendToContainer_TcVnPoint2_REAL
Node_F_VN_AppendToContainer_TcVnPoint3_LREAL,registered,src/sln/lib/mobject-graph-vision-pack/Nodes/Basic Container Ops/AppendToContainer/Node_F_VN_AppendToContainer_TcVnPoint3_LREAL.TcPOU,Vision/Basic Container Operations/F_VN_AppendToContainer/F_VN_AppendToContainer_TcVnPoint3_LREAL
Node_F_VN_AppendToContainer_TcVnPoint3_REAL,registered,src/sln/lib/mobject-graph-vision-pack/Nodes/Basic Container Ops/AppendToContainer/Node_F_VN_AppendToContainer_TcVnPoint3_REAL.TcPOU,Vision/Basic Container Operations/F_VN_AppendToContainer/F_VN_AppendToContainer_TcVnPoint3_REAL
Node_F_VN_AppendToContainer_TcVnRectangle_DINT,registered,src/sln/lib/mobject-graph-vision-pack/Nodes/Basic Container Ops/AppendToContainer/Node_F_VN_AppendToContainer_TcVnRectangle_DINT.TcPOU,Vision/Basic Container Operations/F_VN_AppendToContainer/F_VN_AppendToContainer_TcVnRectangle_DINT
Node_F_VN_AppendToContainer_TcVnRotatedRectangle,registered,src/sln/lib/mobject-graph-vision-pack/Nodes/Basic Container Ops/AppendToContainer/Node_F_VN_AppendToContainer_TcVnRotatedRectangle.TcPOU,Vision/Basic Container Operations/F_VN_AppendToContainer/F_VN_AppendToContainer_TcVnRotatedRectangle
Node_F_VN_AppendToContainer_TcVnVector2_DINT,registered,src/sln/lib/mobject-graph-vision-pack/Nodes/Basic Container Ops/AppendToContainer/Node_F_VN_AppendToContainer_TcVnVector2_DINT.TcPOU,Vision/Basic Container Operations/F_VN_AppendToContainer/F_VN_AppendToContainer_TcVnVector2_DINT
Node_F_VN_AppendToContainer_TcVnVector2_INT,registered,src/sln/lib/mobject-graph-vision-pack/Nodes/Basic Container Ops/AppendToContainer/Node_F_VN_AppendToContainer_TcVnVector2_INT.TcPOU,Vision/Basic Container Operations/F_VN_AppendToContainer/F_VN_AppendToContainer_TcVnVector2_INT
Node_F_VN_AppendToContainer_TcVnVector2_REAL,registered,src/sln/lib/mobject-graph-vision-pack/Nodes/Basic Container Ops/AppendToContainer/Node_F_VN_AppendToContainer_TcVnVector2_REAL.TcPOU,Vision/Basic Container Operations/F_VN_AppendToContainer/F_VN_AppendToContainer_TcVnVector2_REAL
Node_F_VN_AppendToContainer_TcVnVector2_SINT,registered,src/sln/lib/mobject-graph-vision-pack/Nodes/Basic Container Ops/AppendToContainer/Node_F_VN_AppendToContainer_TcVnVector2_SINT.TcPOU,Vision/Basic Container Operations/F_VN_AppendToContainer/F_VN_AppendToContainer_TcVnVector2_SINT
Node_F_VN_AppendToContainer_TcVnVector2_UINT,registered,src/sln/lib/mobject-graph-vision-pack/Nodes/Basic Container Ops/AppendToContainer/Node_F_VN_AppendToContainer_TcVnVector2_UINT.TcPOU,Vision/Basic Container Operations/F_VN_AppendToContainer/F_VN_AppendToContainer_TcVnVector2_UINT
Node_F_VN_AppendToContainer_TcVnVector2_USINT,registered,src/sln/lib/mobject-graph-vision-pack/Nodes/Basic Container Ops/AppendToContainer/Node_F_VN_AppendToContainer_TcVnVector2_USINT.TcPOU,Vision/Basic Container Operations/F_VN_AppendToContainer/F_VN_AppendToContainer_TcVnVector2_USINT
Node_F_VN_AppendToContainer_TcVnVector3_INT,registered,src/sln/lib/mobject-graph-vision-pack/Nodes/Basic Container Ops/AppendToContainer/Node_F_VN_AppendToContainer_TcVnVector3_INT.TcPOU,Vision/Basic Container Operations/F_VN_AppendToContainer/F_VN_AppendToContainer_TcVnVector3_INT
Node_F_VN_AppendToContainer_TcVnVector3_REAL,registered,src/sln/lib/mobject-graph-vision-pack/Nodes/Basic Container Ops/AppendToContainer/Node_F_VN_AppendToContainer_TcVnVector3_REAL.TcPOU,Vision/Basic Container Operations/F_VN_AppendToContainer/F_VN_AppendToContainer_TcVnVector3_REAL
Node_F_VN_AppendToContainer_TcVnVector3_SINT,registered,src/sln/lib/mobject-graph-vision-pack/Nodes/Basic Container Ops/AppendToContainer/Node_F_VN_AppendToContainer_TcVnVector3_SINT.TcPOU,Vision/Basic Container Operations/F_VN_AppendToContainer/F_VN_AppendToContainer_TcVnVector3_SINT
Node_F_VN_AppendToContainer_TcVnVector3_UINT,registered,src/sln/lib/mobject-graph-vision-pack/Nodes/Basic Container Ops/AppendToContainer/Node_F_VN_AppendToContainer_TcVnVector3_UINT.TcPOU,Vision/Basic Container Operations/F_VN_AppendToContainer/F_VN_AppendToContainer_TcVnVector3_UINT
Node_F_VN_AppendToContainer_TcVnVector3_USINT,registered,src/sln/lib/mobject-graph-vision-pack/Nodes/Basic Container Ops/AppendToContainer/Node_F_VN_AppendToContainer_TcVnVector3_USINT.TcPOU,Vision/Basic Container Operations/F_VN_AppendToContainer/F_VN_AppendToContainer_TcVnVector3_USINT
Node_F_VN_AppendToContainer_TcVnVector4_DINT,registered,src/sln/lib/mobject-graph-vision-pack/Nodes/Basic Container Ops/AppendToContainer/Node_F_VN_AppendToContainer_TcVnVector4_DINT.TcPOU,Vision/Basic Container Operations/F_VN_AppendToContainer/F_VN_AppendToContainer_TcVnVector4_DINT
Node_F_VN_AppendToContainer_TcVnVector4_INT,registered,src/sln/lib/mobject-graph-vision-pack/Nodes/Basic Container Ops/AppendToContainer/Node_F_VN_AppendToContainer_TcVnVector4_INT.TcPOU,Vision/Basic Container Operations/F_VN_AppendToContainer/F_VN_AppendToContainer_TcVnVector4_INT
Node_F_VN_AppendToContainer_TcVnVector4_LREAL,registered,src/sln/lib/mobject-graph-vision-pack/Nodes/Basic Container Ops/AppendToContainer/Node_F_VN_AppendToContainer_TcVnVector4_LREAL.TcPOU,Vision/Basic Container Operations/F_VN_AppendToContainer/F_VN_AppendToContainer_TcVnVector4_LREAL
Node_F_VN_AppendToContainer_TcVnVector4_REAL,registered,src/sln/lib/mobject-graph-vision-pack/Nodes/Basic Container Ops/AppendToContainer/Node_F_VN_AppendToContainer_TcVnVector4_REAL.TcPOU,Vision/Basic Container Operations/F_VN_AppendToContainer/F_VN_AppendToContainer_TcVnVector4_REAL
Node_F_VN_AppendToContainer_TcVnVector4_SINT,registered,src/sln/lib/mobject-graph-vision-pack/Nodes/Basic Container Ops/AppendToContainer/Node_F_VN_AppendToContainer_TcVnVector4_SINT.TcPOU,Vision/Basic Container Operations/F_VN_AppendToContainer/F_VN_AppendToContainer_TcVnVector4_SINT
Node_F_VN_AppendToContainer_TcVnVector4_UINT,registered,src/sln/lib/mobject-graph-vision-pack/Nodes/Basic Container Ops/AppendToContainer/Node_F_VN_AppendToContainer_TcVnVector4_UINT.TcPOU,Vision/Basic Container Operations/F_VN_AppendToContainer/F_VN_AppendToContainer_TcVnVector4_UINT
Node_F_VN_AppendToContainer_TcVnVector4_USINT,registered,src/sln/lib/mobject-graph-vision-pack/Nodes/Basic Container Ops/AppendToContainer/Node_F_VN_AppendToContainer_TcVnVector4_USINT.TcPOU,Vision/Basic Container Operations/F_VN_AppendToContainer/F_VN_AppendToContainer_TcVnVector4_USINT
Node_F_VN_AppendToContainer_UDINT,registered,src/sln/lib/mobject-graph-vision-pack/Nodes/Basic Container Ops/AppendToContainer/Node_F_VN_AppendToContainer_UDINT.TcPOU,Vision/Basic Container Operations/F_VN_AppendToContainer/F_VN_AppendToContainer_UDINT
Node_F_VN_AppendToContainer_UINT,registered,src/sln/lib/mobject-graph-vision-pack/Nodes/Basic Container Ops/AppendToContainer/Node_F_VN_AppendToContainer_UINT.TcPOU,Vision/Basic Container Operations/F_VN_AppendToContainer/F_VN_AppendToContainer_UINT
Node_F_VN_AppendToContainer_ULINT,registered,src/sln/lib/mobject-graph-vision-pack/Nodes/Basic Container Ops/AppendToContainer/Node_F_VN_AppendToContainer_ULINT.TcPOU,Vision/Basic Container Operations/F_VN_AppendToContainer/F_VN_AppendToContainer_ULINT
Node_F_VN_AppendToContainer_USINT,registered,src/sln/lib/mobject-graph-vision-pack/Nodes/Basic Container Ops/AppendToContainer/Node_F_VN_AppendToContainer_USINT.TcPOU,Vision/Basic Container Operations/F_VN_AppendToContainer/F_VN_AppendToContainer_USINT
Node_F_VN_FillContainer_TcVnVector4_REAL,registered,src/sln/lib/mobject-graph-vision-pack/Nodes/Basic Container Ops/AppendToContainer/Node_F_VN_FillContainer_TcVnVector4_REAL.TcPOU,Vision/Basic Container Operations/F_VN_FillContainer/F_VN_FillContainer_TcVnVector4_REAL
Node_F_VN_FillContainer_DINT,registered,src/sln/lib/mobject-graph-vision-pack/Nodes/Basic Container Ops/FillContainer/Node_F_VN_FillContainer_DINT.TcPOU,Vision/Basic Container Operations/F_VN_FillContainer/F_VN_FillContainer_DINT
Node_F_VN_FillContainer_INT,registered,src/sln/lib/mobject-graph-vision-pack/Nodes/Basic Container Ops/FillContainer/Node_F_VN_FillContainer_INT.TcPOU,Vision/Basic Container Operations/F_VN_FillContainer/F_VN_FillContainer_INT
Node_F_VN_FillContainer_ITcVnImage,registered,src/sln/lib/mobject-graph-vision-pack/Nodes/Basic Container Ops/FillContainer/Node_F_VN_FillContainer_ITcVnImage.TcPOU,Vision/Basic Container Operations/F_VN_FillContainer/F_VN_FillContainer_ITcVnImage
Node_F_VN_FillContainer_LREAL,registered,src/sln/lib/mobject-graph-vision-pack/Nodes/Basic Container Ops/FillContainer/Node_F_VN_FillContainer_LREAL.TcPOU,Vision/Basic Container Operations/F_VN_FillContainer/F_VN_FillContainer_LREAL
Node_F_VN_FillContainer_REAL,registered,src/sln/lib/mobject-graph-vision-pack/Nodes/Basic Container Ops/FillContainer/Node_F_VN_FillContainer_REAL.TcPOU,Vision/Basic Container Operations/F_VN_FillContainer/F_VN_FillContainer_REAL
Node_F_VN_FillContainer_SINT,registered,src/sln/lib/mobject-graph-vision-pack/Nodes/Basic Container Ops/FillContainer/Node_F_VN_FillContainer_SINT.TcPOU,Vision/Basic Container Operations/F_VN_FillContainer/F_VN_FillContainer_SINT
Node_F_VN_FillContainer_TcVnDMatch,registered,src/sln/lib/mobject-graph-vision-pack/Nodes/Basic Container Ops/FillContainer/Node_F_VN_FillContainer_TcVnDMatch.TcPOU,Vision/Basic Container Operations/F_VN_FillContainer/F_VN_FillContainer_TcVnDMatch
Node_F_VN_FillContainer_TcVnKeyPoint,registered,src/sln/lib/mobject-graph-vision-pack/Nodes/Basic Container Ops/FillContainer/Node_F_VN_FillContainer_TcVnKeyPoint.TcPOU,Vision/Basic Container Operations/F_VN_FillContainer/F_VN_FillContainer_TcVnKeyPoint
Node_F_VN_FillContainer_TcVnPoint2_DINT,registered,src/sln/lib/mobject-graph-vision-pack/Nodes/Basic Container Ops/FillContainer/Node_F_VN_FillContainer_TcVnPoint2_DINT.TcPOU,Vision/Basic Container Operations/F_VN_FillContainer/F_VN_FillContainer_TcVnPoint2_DINT
Node_F_VN_FillContainer_TcVnPoint2_LREAL,registered,src/sln/lib/mobject-graph-vision-pack/Nodes/Basic Container Ops/FillContainer/Node_F_VN_FillContainer_TcVnPoint2_LREAL.TcPOU,Vision/Basic Container Operations/F_VN_FillContainer/F_VN_FillContainer_TcVnPoint2_LREAL
Node_F_VN_FillContainer_TcVnPoint2_REAL,registered,src/sln/lib/mobject-graph-vision-pack/Nodes/Basic Container Ops/FillContainer/Node_F_VN_FillContainer_TcVnPoint2_REAL.TcPOU,Vision/Basic Container Operations/F_VN_FillContainer/F_VN_FillContainer_TcVnPoint2_REAL
Node_F_VN_FillContainer_TcVnPoint3_LREAL,registered,src/sln/lib/mobject-graph-vision-pack/Nodes/Basic Container Ops/FillContainer/Node_F_VN_FillContainer_TcVnPoint3_LREAL.TcPOU,Vision/Basic Container Operations/F_VN_FillContainer/F_VN_FillContainer_TcVnPoint3_LREAL
Node_F_VN_FillContainer_TcVnPoint3_REAL,registered,src/sln/lib/mobject-graph-vision-pack/Nodes/Basic Container Ops/FillContainer/Node_F_VN_FillContainer_TcVnPoint3_REAL.TcPOU,Vision/Basic Container Operations/F_VN_FillContainer/F_VN_FillContainer_TcVnPoint3_REAL
Node_F_VN_FillContainer_TcVnRectangle_DINT,registered,src/sln/lib/mobject-graph-vision-pack/Nodes/Basic Container Ops/FillContainer/Node_F_VN_FillContainer_TcVnRectangle_DINT.TcPOU,Vision/Basic Container Operations/F_VN_FillContainer/F_VN_FillContainer_TcVnRectangle_DINT
Node_F_VN_FillContainer_TcVnRotatedRectangle,registered,src/sln/lib/mobject-graph-vision-pack/Nodes/Basic Container Ops/FillContainer/Node_F_VN_FillContainer_TcVnRotatedRectangle.TcPOU,Vision/Basic Container Operations/F_VN_FillContainer/F_VN_FillContainer_TcVnRotatedRectangle
Node_F_VN_FillContainer_TcVnVector2_DINT,registered,src/sln/lib/mobject-graph-vision-pack/Nodes/Basic Container Ops/FillContainer/Node_F_VN_FillContainer_TcVnVector2_DINT.TcPOU,Vision/Basic Container Operations/F_VN_FillContainer/F_VN_FillContainer_TcVnVector2_DINT
Node_F_VN_FillContainer_TcVnVector2_INT,registered,src/sln/lib/mobject-graph-vision-pack/Nodes/Basic Container Ops/FillContainer/Node_F_VN_FillContainer_TcVnVector2_INT.TcPOU,Vision/Basic Container Operations/F_VN_FillContainer/F_VN_FillContainer_TcVnVector2_INT
Node_F_VN_FillContainer_TcVnVector2_REAL,registered,src/sln/lib/mobject-graph-vision-pack/Nodes/Basic Container Ops/FillContainer/Node_F_VN_FillContainer_TcVnVector2_REAL.TcPOU,Vision/Basic Container Operations/F_VN_FillContainer/F_VN_FillContainer_TcVnVector2_REAL
Node_F_VN_FillContainer_TcVnVector2_SINT,registered,src/sln/lib/mobject-graph-vision-pack/Nodes/Basic Container Ops/FillContainer/Node_F_VN_FillContainer_TcVnVector2_SINT.TcPOU,Vision/Basic Container Operations/F_VN_FillContainer/F_VN_FillContainer_TcVnVector2_SINT
Node_F_VN_FillContainer_TcVnVector2_UINT,registered,src/sln/lib/mobject-graph-vision-pack/Nodes/Basic Container Ops/FillContainer/Node_F_VN_FillContainer_TcVnVector2_UINT.TcPOU,Vision/Basic Container Operations/F_VN_FillContainer/F_VN_FillContainer_TcVnVector2_UINT
Node_F_VN_FillContainer_TcVnVector2_USINT,registered,src/sln/lib/mobject-graph-vision-pack/Nodes/Basic Container Ops/FillContainer/Node_F_VN_FillContainer_TcVnVector2_USINT.TcPOU,Vision/Basic Container Operations/F_VN_FillContainer/F_VN_FillContainer_TcVnVector2_USINT
Node_F_VN_FillContainer_TcVnVector3_INT,registered,src/sln/lib/mobject-graph-vision-pack/Nodes/Basic Container Ops/FillContainer/Node_F_VN_FillContainer_TcVnVector3_INT.TcPOU,Vision/Basic Container Operations/F_VN_FillContainer/F_VN_FillContainer_TcVnVector3_INT
Node_F_VN_FillContainer_TcVnVector3_REAL,registered,src/sln/lib/mobject-graph-vision-pack/Nodes/Basic Container Ops/FillContainer/Node_F_VN_FillContainer_TcVnVector3_REAL.TcPOU,Vision/Basic Container Operations/F_VN_FillContainer/F_VN_FillContainer_TcVnVector3_REAL
Node_F_VN_FillContainer_TcVnVector3_SINT,registered,src/sln/lib/mobject-graph-vision-pack/Nodes/Basic Container Ops/FillContainer/Node_F_VN_FillContainer_TcVnVector3_SINT.TcPOU,Vision/Basic Container Operations/F_VN_FillContainer/F_VN_FillContainer_TcVnVector3_SINT
Node_F_VN_FillContainer_TcVnVector3_UINT,registered,src/sln/lib/mobject-graph-vision-pack/Nodes/Basic Container Ops/FillContainer/Node_F_VN_FillContainer_TcVnVector3_UINT.TcPOU,Vision/Basic Container Operations/F_VN_FillContainer/F_VN_FillContainer_TcVnVector3_UINT
Node_F_VN_FillContainer_TcVnVector3_USINT,registered,src/sln/lib/mobject-graph-vision-pack/Nodes/Basic Container Ops/FillContainer/Node_F_VN_FillContainer_TcVnVector3_USINT.TcPOU,Vision/Basic Container Operations/F_VN_FillContainer/F_VN_FillContainer_TcVnVector3_USINT
Node_F_VN_FillContainer_TcVnVector4_DINT,registered,src/sln/lib/mobject-graph-vision-pack/Nodes/Basic Container Ops/FillContainer/Node_F_VN_FillContainer_TcVnVector4_DINT.TcPOU,Vision/Basic Container Operations/F_VN_FillContainer/F_VN_FillContainer_TcVnVector4_DINT
Node_F_VN_FillContainer_TcVnVector4_INT,registered,src/sln/lib/mobject-graph-vision-pack/Nodes/Basic Container Ops/FillContainer/Node_F_VN_FillContainer_TcVnVector4_INT.TcPOU,Vision/Basic Container Operations/F_VN_FillContainer/F_VN_FillContainer_TcVnVector4_INT
Node_F_VN_FillContainer_TcVnVector4_LREAL,registered,src/sln/lib/mobject-graph-vision-pack/Nodes/Basic Container Ops/FillContainer/Node_F_VN_FillContainer_TcVnVector4_LREAL.TcPOU,Vision/Basic Container Operations/F_VN_FillContainer/F_VN_FillContainer_TcVnVector4_LREAL
Node_F_VN_FillContainer_TcVnVector4_SINT,registered,src/sln/lib/mobject-graph-vision-pack/Nodes/Basic Container Ops/FillContainer/Node_F_VN_FillContainer_TcVnVector4_SINT.TcPOU,Vision/Basic Container Operations/F_VN_FillContainer/F_VN_FillContainer_TcVnVector4_SINT
Node_F_VN_FillContainer_TcVnVector4_UINT,registered,src/sln/lib/mobject-graph-vision-pack/Nodes/Basic Container Ops/FillContainer/Node_F_VN_FillContainer_TcVnVector4_UINT.TcPOU,Vision/Basic Container Operations/F_VN_FillContainer/F_VN_FillContainer_TcVnVector4_UINT
Node_F_VN_FillContainer_TcVnVector4_USINT,registered,src/sln/lib/mobject-graph-vision-pack/Nodes/Basic Container Ops/FillContainer/Node_F_VN_FillContainer_TcVnVector4_USINT.TcPOU,Vision/Basic Container Operations/F_VN_FillContainer/F_VN_FillContainer_TcVnVector4_USINT
Node_F_VN_FillContainer_UDINT,registered,src/sln/lib/mobject-graph-vision-pack/Nodes/Basic Container Ops/FillContainer/Node_F_VN_FillContainer_UDINT.TcPOU,Vision/Basic Container Operations/F_VN_FillContainer/F_VN_FillContainer_UDINT
Node_F_VN_FillContainer_UINT,registered,src/sln/lib/mobject-graph-vision-pack/Nodes/Basic Container Ops/FillContainer/Node_F_VN_FillContainer_UINT.TcPOU,Vision/Basic Container Operations/F_VN_FillContainer/F_VN_FillContainer_UINT
Node_F_VN_FillContainer_ULINT,registered,src/sln/lib/mobject-graph-vision-pack/Nodes/Basic Container Ops/FillContainer/Node_F_VN_FillContainer_ULINT.TcPOU,Vision/Basic Container Operations/F_VN_FillContainer/F_VN_FillContainer_ULINT
Node_F_VN_FillContainer_USINT,registered,src/sln/lib/mobject-graph-vision-pack/Nodes/Basic Container Ops/FillContainer/Node_F_VN_FillContainer_USINT.TcPOU,Vision/Basic Container Operations/F_VN_FillContainer/F_VN_FillContainer_USINT
Node_F_VN_FillContainerExp_DINT,registered,src/sln/lib/mobject-graph-vision-pack/Nodes/Basic Container Ops/FillContainerExp/Node_F_VN_FillContainerExp_DINT.TcPOU,Vision/Basic Container Operations/F_VN_FillContainerExp/F_VN_FillContainerExp_DINT
Node_F_VN_FillContainerExp_INT,registered,src/sln/lib/mobject-graph-vision-pack/Nodes/Basic Container Ops/FillContainerExp/Node_F_VN_FillContainerExp_INT.TcPOU,Vision/Basic Container Operations/F_VN_FillContainerExp/F_VN_FillContainerExp_INT
Node_F_VN_FillContainerExp_ITcVnImage,registered,src/sln/lib/mobject-graph-vision-pack/Nodes/Basic Container Ops/FillContainerExp/Node_F_VN_FillContainerExp_ITcVnImage.TcPOU,Vision/Basic Container Operations/F_VN_FillContainerExp/F_VN_FillContainerExp_ITcVnImage
Node_F_VN_FillContainerExp_LREAL,registered,src/sln/lib/mobject-graph-vision-pack/Nodes/Basic Container Ops/FillContainerExp/Node_F_VN_FillContainerExp_LREAL.TcPOU,Vision/Basic Container Operations/F_VN_FillContainerExp/F_VN_FillContainerExp_LREAL
Node_F_VN_FillContainerExp_REAL,registered,src/sln/lib/mobject-graph-vision-pack/Nodes/Basic Container Ops/FillContainerExp/Node_F_VN_FillContainerExp_REAL.TcPOU,Vision/Basic Container Operations/F_VN_FillContainerExp/F_VN_FillContainerExp_REAL
Node_F_VN_FillContainerExp_SINT,registered,src/sln/lib/mobject-graph-vision-pack/Nodes/Basic Container Ops/FillContainerExp/Node_F_VN_FillContainerExp_SINT.TcPOU,Vision/Basic Container Operations/F_VN_FillContainerExp/F_VN_FillContainerExp_SINT
Node_F_VN_FillContainerExp_TcVnDMatch,registered,src/sln/lib/mobject-graph-vision-pack/Nodes/Basic Container Ops/FillContainerExp/Node_F_VN_FillContainerExp_TcVnDMatch.TcPOU,Vision/Basic Container Operations/F_VN_FillContainerExp/F_VN_FillContainerExp_TcVnDMatch
Node_F_VN_FillContainerExp_TcVnKeyPoint,registered,src/sln/lib/mobject-graph-vision-pack/Nodes/Basic Container Ops/FillContainerExp/Node_F_VN_FillContainerExp_TcVnKeyPoint.TcPOU,Vision/Basic Container Operations/F_VN_FillContainerExp/F_VN_FillContainerExp_TcVnKeyPoint
Node_F_VN_FillContainerExp_TcVnPoint2_DINT,registered,src/sln/lib/mobject-graph-vision-pack/Nodes/Basic Container Ops/FillContainerExp/Node_F_VN_FillContainerExp_TcVnPoint2_DINT.TcPOU,Vision/Basic Container Operations/F_VN_FillContainerExp/F_VN_FillContainerExp_TcVnPoint2_DINT
Node_F_VN_FillContainerExp_TcVnPoint2_LREAL,registered,src/sln/lib/mobject-graph-vision-pack/Nodes/Basic Container Ops/FillContainerExp/Node_F_VN_FillContainerExp_TcVnPoint2_LREAL.TcPOU,Vision/Basic Container Operations/F_VN_FillContainerExp/F_VN_FillContainerExp_TcVnPoint2_LREAL
Node_F_VN_FillContainerExp_TcVnPoint2_REAL,registered,src/sln/lib/mobject-graph-vision-pack/Nodes/Basic Container Ops/FillContainerExp/Node_F_VN_FillContainerExp_TcVnPoint2_REAL.TcPOU,Vision/Basic Container Operations/F_VN_FillContainerExp/F_VN_FillContainerExp_TcVnPoint2_REAL
Node_F_VN_FillContainerExp_TcVnPoint3_LREAL,registered,src/sln/lib/mobject-graph-vision-pack/Nodes/Basic Container Ops/FillContainerExp/Node_F_VN_FillContainerExp_TcVnPoint3_LREAL.TcPOU,Vision/Basic Container Operations/F_VN_FillContainerExp/F_VN_FillContainerExp_TcVnPoint3_LREAL
Node_F_VN_FillContainerExp_TcVnPoint3_REAL,registered,src/sln/lib/mobject-graph-vision-pack/Nodes/Basic Container Ops/FillContainerExp/Node_F_VN_FillContainerExp_TcVnPoint3_REAL.TcPOU,Vision/Basic Container Operations/F_VN_FillContainerExp/F_VN_FillContainerExp_TcVnPoint3_REAL
Node_F_VN_FillContainerExp_TcVnRectangle_DINT,registered,src/sln/lib/mobject-graph-vision-pack/Nodes/Basic Container Ops/FillContainerExp/Node_F_VN_FillContainerExp_TcVnRectangle_DINT.TcPOU,Vision/Basic Container Operations/F_VN_FillContainerExp/F_VN_FillContainerExp_TcVnRectangle_DINT
Node_F_VN_FillContainerExp_TcVnRotatedRectangle,registered,src/sln/lib/mobject-graph-vision-pack/Nodes/Basic Container Ops/FillContainerExp/Node_F_VN_FillContainerExp_TcVnRotatedRectangle.TcPOU,Vision/Basic Container Operations/F_VN_FillContainerExp/F_VN_FillContainerExp_TcVnRotatedRectangle
Node_F_VN_FillContainerExp_TcVnVector2_DINT,registered,src/sln/lib/mobject-graph-vision-pack/Nodes/Basic Container Ops/FillContainerExp/Node_F_VN_FillContainerExp_TcVnVector2_DINT.TcPOU,Vision/Basic Container Operations/F_VN_FillContainerExp/F_VN_FillContainerExp_TcVnVector2_DINT
Node_F_VN_FillContainerExp_TcVnVector2_INT,registered,src/sln/lib/mobject-graph-vision-pack/Nodes/Basic Container Ops/FillContainerExp/Node_F_VN_FillContainerExp_TcVnVector2_INT.TcPOU,Vision/Basic Container Operations/F_VN_FillContainerExp/F_VN_FillContainerExp_TcVnVector2_INT
Node_F_VN_FillContainerExp_TcVnVector2_REAL,registered,src/sln/lib/mobject-graph-vision-pack/Nodes/Basic Container Ops/FillContainerExp/Node_F_VN_FillContainerExp_TcVnVector2_REAL.TcPOU,Vision/Basic Container Operations/F_VN_FillContainerExp/F_VN_FillContainerExp_TcVnVector2_REAL
Node_F_VN_FillContainerExp_TcVnVector2_SINT,registered,src/sln/lib/mobject-graph-vision-pack/Nodes/Basic Container Ops/FillContainerExp/Node_F_VN_FillContainerExp_TcVnVector2_SINT.TcPOU,Vision/Basic Container Operations/F_VN_FillContainerExp/F_VN_FillContainerExp_TcVnVector2_SINT
Node_F_VN_FillContainerExp_TcVnVector2_UINT,registered,src/sln/lib/mobject-graph-vision-pack/Nodes/Basic Container Ops/FillContainerExp/Node_F_VN_FillContainerExp_TcVnVector2_UINT.TcPOU,Vision/Basic Container Operations/F_VN_FillContainerExp/F_VN_FillContainerExp_TcVnVector2_UINT
Node_F_VN_FillContainerExp_TcVnVector2_USINT,registered,src/sln/lib/mobject-graph-vision-pack/Nodes/Basic Container Ops/FillContainerExp/Node_F_VN_FillContainerExp_TcVnVector2_USINT.TcPOU,Vision/Basic Container Operations/F_VN_FillContainerExp/F_VN_FillContainerExp_TcVnVector2_USINT
Node_F_VN_FillContainerExp_TcVnVector3_INT,registered,src/sln/lib/mobject-graph-vision-pack/Nodes/Basic Container Ops/FillContainerExp/Node_F_VN_FillContainerExp_TcVnVector3_INT.TcPOU,Vision/Basic Container Operations/F_VN_FillContainerExp/F_VN_FillContainerExp_TcVnVector3_INT
Node_F_VN_FillContainerExp_TcVnVector3_REAL,registered,src/sln/lib/mobject-graph-vision-pack/Nodes/Basic Container Ops/FillContainerExp/Node_F_VN_FillContainerExp_TcVnVector3_REAL.TcPOU,Vision/Basic Container Operations/F_VN_FillContainerExp/F_VN_FillContainerExp_TcVnVector3_REAL
Node_F_VN_FillContainerExp_TcVnVector3_SINT,registered,src/sln/lib/mobject-graph-vision-pack/Nodes/Basic Container Ops/FillContainerExp/Node_F_VN_FillContainerExp_TcVnVector3_SINT.TcPOU,Vision/Basic Container Operations/F_VN_FillContainerExp/F_VN_FillContainerExp_TcVnVector3_SINT
Node_F_VN_FillContainerExp_TcVnVector3_UINT,registered,src/sln/lib/mobject-graph-vision-pack/Nodes/Basic Container Ops/FillContainerExp/Node_F_VN_FillContainerExp_TcVnVector3_UINT.TcPOU,Vision/Basic Container Operations/F_VN_FillContainerExp/F_VN_FillContainerExp_TcVnVector3_UINT
Node_F_VN_FillContainerExp_TcVnVector3_USINT,registered,src/sln/lib/mobject-graph-vision-pack/Nodes/Basic Container Ops/FillContainerExp/Node_F_VN_FillContainerExp_TcVnVector3_USINT.TcPOU,Vision/Basic Container Operations/F_VN_FillContainerExp/F_VN_FillContainerExp_TcVnVector3_USINT
Node_F_VN_FillContainerExp_TcVnVector4_DINT,registered,src/sln/lib/mobject-graph-vision-pack/Nodes/Basic Container Ops/FillContainerExp/Node_F_VN_FillContainerExp_TcVnVector4_DINT.TcPOU,Vision/Basic Container Operations/F_VN_FillContainerExp/F_VN_FillContainerExp_TcVnVector4_DINT
Node_F_VN_FillContainerExp_TcVnVector4_INT,registered,src/sln/lib/mobject-graph-vision-pack/Nodes/Basic Container Ops/FillContainerExp/Node_F_VN_FillContainerExp_TcVnVector4_INT.TcPOU,Vision/Basic Container Operations/F_VN_FillContainerExp/F_VN_FillContainerExp_TcVnVector4_INT
Node_F_VN_FillContainerExp_TcVnVector4_LREAL,registered,src/sln/lib/mobject-graph-vision-pack/Nodes/Basic Container Ops/FillContainerExp/Node_F_VN_FillContainerExp_TcVnVector4_LREAL.TcPOU,Vision/Basic Container Operations/F_VN_FillContainerExp/F_VN_FillContainerExp_TcVnVector4_LREAL
Node_F_VN_FillContainerExp_TcVnVector4_REAL,registered,src/sln/lib/mobject-graph-vision-pack/Nodes/Basic Container Ops/FillContainerExp/Node_F_VN_FillContainerExp_TcVnVector4_REAL.TcPOU,Vision/Basic Container Operations/F_VN_FillContainerExp/F_VN_FillContainerExp_TcVnVector4_REAL
Node_F_VN_FillContainerExp_TcVnVector4_SINT,registered,src/sln/lib/mobject-graph-vision-pack/Nodes/Basic Container Ops/FillContainerExp/Node_F_VN_FillContainerExp_TcVnVector4_SINT.TcPOU,Vision/Basic Container Operations/F_VN_FillContainerExp/F_VN_FillContainerExp_TcVnVector4_SINT
Node_F_VN_FillContainerExp_TcVnVector4_UINT,registered,src/sln/lib/mobject-graph-vision-pack/Nodes/Basic Container Ops/FillContainerExp/Node_F_VN_FillContainerExp_TcVnVector4_UINT.TcPOU,Vision/Basic Container Operations/F_VN_FillContainerExp/F_VN_FillContainerExp_TcVnVector4_UINT
Node_F_VN_FillContainerExp_TcVnVector4_USINT,registered,src/sln/lib/mobject-graph-vision-pack/Nodes/Basic Container Ops/FillContainerExp/Node_F_VN_FillContainerExp_TcVnVector4_USINT.TcPOU,Vision/Basic Container Operations/F_VN_FillContainerExp/F_VN_FillContainerExp_TcVnVector4_USINT
Node_F_VN_FillContainerExp_UDINT,registered,src/sln/lib/mobject-graph-vision-pack/Nodes/Basic Container Ops/FillContainerExp/Node_F_VN_FillContainerExp_UDINT.TcPOU,Vision/Basic Container Operations/F_VN_FillContainerExp/F_VN_FillContainerExp_UDINT
Node_F_VN_FillContainerExp_UINT,registered,src/sln/lib/mobject-graph-vision-pack/Nodes/Basic Container Ops/FillContainerExp/Node_F_VN_FillContainerExp_UINT.TcPOU,Vision/Basic Container Operations/F_VN_FillContainerExp/F_VN_FillContainerExp_UINT
Node_F_VN_FillContainerExp_ULINT,registered,src/sln/lib/mobject-graph-vision-pack/Nodes/Basic Container Ops/FillContainerExp/Node_F_VN_FillContainerExp_ULINT.TcPOU,Vision/Basic Container Operations/F_VN_FillContainerExp/F_VN_FillContainerExp_ULINT
Node_F_VN_FillContainerExp_USINT,registered,src/sln/lib/mobject-graph-vision-pack/Nodes/Basic Container Ops/FillContainerExp/Node_F_VN_FillContainerExp_USINT.TcPOU,Vision/Basic Container Operations/F_VN_FillContainerExp/F_VN_FillContainerExp_USINT
Node_F_VN_GetAt_DINT,registered,src/sln/lib/mobject-graph-vision-pack/Nodes/Basic Container Ops/GetAt/Node_F_VN_GetAt_DINT.TcPOU,Vision/Basic Container Operations/F_VN_GetAt/F_VN_GetAt_DINT
Node_F_VN_GetAt_INT,registered,src/sln/lib/mobject-graph-vision-pack/Nodes/Basic Container Ops/GetAt/Node_F_VN_GetAt_INT.TcPOU,Vision/Basic Container Operations/F_VN_GetAt/F_VN_GetAt_INT
Node_F_VN_GetAt_ITcVnContainer,registered,src/sln/lib/mobject-graph-vision-pack/Nodes/Basic Container Ops/GetAt/Node_F_VN_GetAt_ITcVnContainer.TcPOU,Vision/Basic Container Operations/F_VN_GetAt/F_VN_GetAt_ITcVnContainer
Node_F_VN_GetAt_ITcVnImage,registered,src/sln/lib/mobject-graph-vision-pack/Nodes/Basic Container Ops/GetAt/Node_F_VN_GetAt_ITcVnImage.TcPOU,Vision/Basic Container Operations/F_VN_GetAt/F_VN_GetAt_ITcVnImage
Node_F_VN_GetAt_LREAL,registered,src/sln/lib/mobject-graph-vision-pack/Nodes/Basic Container Ops/GetAt/Node_F_VN_GetAt_LREAL.TcPOU,Vision/Basic Container Operations/F_VN_GetAt/F_VN_GetAt_LREAL
Node_F_VN_GetAt_REAL,registered,src/sln/lib/mobject-graph-vision-pack/Nodes/Basic Container Ops/GetAt/Node_F_VN_GetAt_REAL.TcPOU,Vision/Basic Container Operations/F_VN_GetAt/F_VN_GetAt_REAL
Node_F_VN_GetAt_SINT,registered,src/sln/lib/mobject-graph-vision-pack/Nodes/Basic Container Ops/GetAt/Node_F_VN_GetAt_SINT.TcPOU,Vision/Basic Container Operations/F_VN_GetAt/F_VN_GetAt_SINT
Node_F_VN_GetAt_TcVnDMatch,registered,src/sln/lib/mobject-graph-vision-pack/Nodes/Basic Container Ops/GetAt/Node_F_VN_GetAt_TcVnDMatch.TcPOU,Vision/Basic Container Operations/F_VN_GetAt/F_VN_GetAt_TcVnDMatch
Node_F_VN_GetAt_TcVnKeyPoint,registered,src/sln/lib/mobject-graph-vision-pack/Nodes/Basic Container Ops/GetAt/Node_F_VN_GetAt_TcVnKeyPoint.TcPOU,Vision/Basic Container Operations/F_VN_GetAt/F_VN_GetAt_TcVnKeyPoint
Node_F_VN_GetAt_TcVnPoint2_DINT,registered,src/sln/lib/mobject-graph-vision-pack/Nodes/Basic Container Ops/GetAt/Node_F_VN_GetAt_TcVnPoint2_DINT.TcPOU,Vision/Basic Container Operations/F_VN_GetAt/F_VN_GetAt_TcVnPoint2_DINT
Node_F_VN_GetAt_TcVnPoint2_LREAL,registered,src/sln/lib/mobject-graph-vision-pack/Nodes/Basic Container Ops/GetAt/Node_F_VN_GetAt_TcVnPoint2_LREAL.TcPOU,Vision/Basic Container Operations/F_VN_GetAt/F_VN_GetAt_TcVnPoint2_LREAL
Node_F_VN_GetAt_TcVnPoint2_REAL,registered,src/sln/lib/mobject-graph-vision-pack/Nodes/Basic Container Ops/GetAt/Node_F_VN_GetAt_TcVnPoint2_REAL.TcPOU,Vision/Basic Container Operations/F_VN_GetAt/F_VN_GetAt_TcVnPoint2_REAL
Node_F_VN_GetAt_TcVnPoint3_LREAL,registered,src/sln/lib/mobject-graph-vision-pack/Nodes/Basic Container Ops/GetAt/Node_F_VN_GetAt_TcVnPoint3_LREAL.TcPOU,Vision/Basic Container Operations/F_VN_GetAt/F_VN_GetAt_TcVnPoint3_LREAL
Node_F_VN_GetAt_TcVnPoint3_REAL,registered,src/sln/lib/mobject-graph-vision-pack/Nodes/Basic Container Ops/GetAt/Node_F_VN_GetAt_TcVnPoint3_REAL.TcPOU,Vision/Basic Container Operations/F_VN_GetAt/F_VN_GetAt_TcVnPoint3_REAL
Node_F_VN_GetAt_TcVnRectangle_DINT,registered,src/sln/lib/mobject-graph-vision-pack/Nodes/Basic Container Ops/GetAt/Node_F_VN_GetAt_TcVnRectangle_DINT.TcPOU,Vision/Basic Container Operations/F_VN_GetAt/F_VN_GetAt_TcVnRectangle_DINT
Node_F_VN_GetAt_TcVnRotatedRectangle,registered,src/sln/lib/mobject-graph-vision-pack/Nodes/Basic Container Ops/GetAt/Node_F_VN_GetAt_TcVnRotatedRectangle.TcPOU,Vision/Basic Container Operations/F_VN_GetAt/F_VN_GetAt_TcVnRotatedRectangle
Node_F_VN_GetAt_TcVnVector2_DINT,registered,src/sln/lib/mobject-graph-vision-pack/Nodes/Basic Container Ops/GetAt/Node_F_VN_GetAt_TcVnVector2_DINT.TcPOU,Vision/Basic Container Operations/F_VN_GetAt/F_VN_GetAt_TcVnVector2_DINT
Node_F_VN_GetAt_TcVnVector2_INT,registered,src/sln/lib/mobject-graph-vision-pack/Nodes/Basic Container Ops/GetAt/Node_F_VN_GetAt_TcVnVector2_INT.TcPOU,Vision/Basic Container Operations/F_VN_GetAt/F_VN_GetAt_TcVnVector2_INT
Node_F_VN_GetAt_TcVnVector2_REAL,registered,src/sln/lib/mobject-graph-vision-pack/Nodes/Basic Container Ops/GetAt/Node_F_VN_GetAt_TcVnVector2_REAL.TcPOU,Vision/Basic Container Operations/F_VN_GetAt/F_VN_GetAt_TcVnVector2_REAL
Node_F_VN_GetAt_TcVnVector2_SINT,registered,src/sln/lib/mobject-graph-vision-pack/Nodes/Basic Container Ops/GetAt/Node_F_VN_GetAt_TcVnVector2_SINT.TcPOU,Vision/Basic Container Operations/F_VN_GetAt/F_VN_GetAt_TcVnVector2_SINT
Node_F_VN_GetAt_TcVnVector2_UINT,registered,src/sln/lib/mobject-graph-vision-pack/Nodes/Basic Container Ops/GetAt/Node_F_VN_GetAt_TcVnVector2_UINT.TcPOU,Vision/Basic Container Operations/F_VN_GetAt/F_VN_GetAt_TcVnVector2_UINT
Node_F_VN_GetAt_TcVnVector2_USINT,registered,src/sln/lib/mobject-graph-vision-pack/Nodes/Basic Container Ops/GetAt/Node_F_VN_GetAt_TcVnVector2_USINT.TcPOU,Vision/Basic Container Operations/F_VN_GetAt/F_VN_GetAt_TcVnVector2_USINT
Node_F_VN_GetAt_TcVnVector3_INT,registered,src/sln/lib/mobject-graph-vision-pack/Nodes/Basic Container Ops/GetAt/Node_F_VN_GetAt_TcVnVector3_INT.TcPOU,Vision/Basic Container Operations/F_VN_GetAt/F_VN_GetAt_TcVnVector3_INT
Node_F_VN_GetAt_TcVnVector3_REAL,registered,src/sln/lib/mobject-graph-vision-pack/Nodes/Basic Container Ops/GetAt/Node_F_VN_GetAt_TcVnVector3_REAL.TcPOU,Vision/Basic Container Operations/F_VN_GetAt/F_VN_GetAt_TcVnVector3_REAL
Node_F_VN_GetAt_TcVnVector3_SINT,registered,src/sln/lib/mobject-graph-vision-pack/Nodes/Basic Container Ops/GetAt/Node_F_VN_GetAt_TcVnVector3_SINT.TcPOU,Vision/Basic Container Operations/F_VN_GetAt/F_VN_GetAt_TcVnVector3_SINT
Node_F_VN_GetAt_TcVnVector3_UINT,registered,src/sln/lib/mobject-graph-vision-pack/Nodes/Basic Container Ops/GetAt/Node_F_VN_GetAt_TcVnVector3_UINT.TcPOU,Vision/Basic Container Operations/F_VN_GetAt/F_VN_GetAt_TcVnVector3_UINT
Node_F_VN_GetAt_TcVnVector3_USINT,registered,src/sln/lib/mobject-graph-vision-pack/Nodes/Basic Container Ops/GetAt/Node_F_VN_GetAt_TcVnVector3_USINT.TcPOU,Vision/Basic Container Operations/F_VN_GetAt/F_VN_GetAt_TcVnVector3_USINT
Node_F_VN_GetAt_TcVnVector4_DINT,registered,src/sln/lib/mobject-graph-vision-pack/Nodes/Basic Container Ops/GetAt/Node_F_VN_GetAt_TcVnVector4_DINT.TcPOU,Vision/Basic Container Operations/F_VN_GetAt/F_VN_GetAt_TcVnVector4_DINT
Node_F_VN_GetAt_TcVnVector4_INT,registered,src/sln/lib/mobject-graph-vision-pack/Nodes/Basic Container Ops/GetAt/Node_F_VN_GetAt_TcVnVector4_INT.TcPOU,Vision/Basic Container Operations/F_VN_GetAt/F_VN_GetAt_TcVnVector4_INT
Node_F_VN_GetAt_TcVnVector4_LREAL,registered,src/sln/lib/mobject-graph-vision-pack/Nodes/Basic Container Ops/GetAt/Node_F_VN_GetAt_TcVnVector4_LREAL.TcPOU,Vision/Basic Container Operations/F_VN_GetAt/F_VN_GetAt_TcVnVector4_LREAL
Node_F_VN_GetAt_TcVnVector4_REAL,registered,src/sln/lib/mobject-graph-vision-pack/Nodes/Basic Container Ops/GetAt/Node_F_VN_GetAt_TcVnVector4_REAL.TcPOU,Vision/Basic Container Operations/F_VN_GetAt/F_VN_GetAt_TcVnVector4_REAL
Node_F_VN_GetAt_TcVnVector4_SINT,registered,src/sln/lib/mobject-graph-vision-pack/Nodes/Basic Container Ops/GetAt/Node_F_VN_GetAt_TcVnVector4_SINT.TcPOU,Vision/Basic Container Operations/F_VN_GetAt/F_VN_GetAt_TcVnVector4_SINT
Node_F_VN_GetAt_TcVnVector4_UINT,registered,src/sln/lib/mobject-graph-vision-pack/Nodes/Basic Container Ops/GetAt/Node_F_VN_GetAt_TcVnVector4_UINT.TcPOU,Vision/Basic Container Operations/F_VN_GetAt/F_VN_GetAt_TcVnVector4_UINT
Node_F_VN_GetAt_TcVnVector4_USINT,registered,src/sln/lib/mobject-graph-vision-pack/Nodes/Basic Container Ops/GetAt/Node_F_VN_GetAt_TcVnVector4_USINT.TcPOU,Vision/Basic Container Operations/F_VN_GetAt/F_VN_GetAt_TcVnVector4_USINT
Node_F_VN_GetAt_UDINT,registered,src/sln/lib/mobject-graph-vision-pack/Nodes/Basic Container Ops/GetAt/Node_F_VN_GetAt_UDINT.TcPOU,Vision/Basic Container Operations/F_VN_GetAt/F_VN_GetAt_UDINT
Node_F_VN_GetAt_UINT,registered,src/sln/lib/mobject-graph-vision-pack/Nodes/Basic Container Ops/GetAt/Node_F_VN_GetAt_UINT.TcPOU,Vision/Basic Container Operations/F_VN_GetAt/F_VN_GetAt_UINT
Node_F_VN_GetAt_ULINT,registered,src/sln/lib/mobject-graph-vision-pack/Nodes/Basic Container Ops/GetAt/Node_F_VN_GetAt_ULINT.TcPOU,Vision/Basic Container Operations/F_VN_GetAt/F_VN_GetAt_ULINT
Node_F_VN_GetAt_USINT,registered,src/sln/lib/mobject-graph-vision-pack/Nodes/Basic Container Ops/GetAt/Node_F_VN_GetAt_USINT.TcPOU,Vision/Basic Container Operations/F_VN_GetAt/F_VN_GetAt_USINT
Node_F_VN_InsertIntoContainer_DINT,registered,src/sln/lib/mobject-graph-vision-pack/Nodes/Basic Container Ops/InsertIntoContainer/Node_F_VN_InsertIntoContainer_DINT.TcPOU,Vision/Basic Container Operations/F_VN_InsertIntoContainer/F_VN_InsertIntoContainer_DINT
Node_F_VN_InsertIntoContainer_INT,registered,src/sln/lib/mobject-graph-vision-pack/Nodes/Basic Container Ops/InsertIntoContainer/Node_F_VN_InsertIntoContainer_INT.TcPOU,Vision/Basic Container Operations/F_VN_InsertIntoContainer/F_VN_InsertIntoContainer_INT
Node_F_VN_InsertIntoContainer_ITcVnContainer,registered,src/sln/lib/mobject-graph-vision-pack/Nodes/Basic Container Ops/InsertIntoContainer/Node_F_VN_InsertIntoContainer_ITcVnContainer.TcPOU,Vision/Basic Container Operations/F_VN_InsertIntoContainer/F_VN_InsertIntoContainer_ITcVnContainer
Node_F_VN_InsertIntoContainer_ITcVnImage,registered,src/sln/lib/mobject-graph-vision-pack/Nodes/Basic Container Ops/InsertIntoContainer/Node_F_VN_InsertIntoContainer_ITcVnImage.TcPOU,Vision/Basic Container Operations/F_VN_InsertIntoContainer/F_VN_InsertIntoContainer_ITcVnImage
Node_F_VN_InsertIntoContainer_LREAL,registered,src/sln/lib/mobject-graph-vision-pack/Nodes/Basic Container Ops/InsertIntoContainer/Node_F_VN_InsertIntoContainer_LREAL.TcPOU,Vision/Basic Container Operations/F_VN_InsertIntoContainer/F_VN_InsertIntoContainer_LREAL
Node_F_VN_InsertIntoContainer_REAL,registered,src/sln/lib/mobject-graph-vision-pack/Nodes/Basic Container Ops/InsertIntoContainer/Node_F_VN_InsertIntoContainer_REAL.TcPOU,Vision/Basic Container Operations/F_VN_InsertIntoContainer/F_VN_InsertIntoContainer_REAL
Node_F_VN_InsertIntoContainer_SINT,registered,src/sln/lib/mobject-graph-vision-pack/Nodes/Basic Container Ops/InsertIntoContainer/Node_F_VN_InsertIntoContainer_SINT.TcPOU,Vision/Basic Container Operations/F_VN_InsertIntoContainer/F_VN_InsertIntoContainer_SINT
Node_F_VN_InsertIntoContainer_TcVnDMatch,registered,src/sln/lib/mobject-graph-vision-pack/Nodes/Basic Container Ops/InsertIntoContainer/Node_F_VN_InsertIntoContainer_TcVnDMatch.TcPOU,Vision/Basic Container Operations/F_VN_InsertIntoContainer/F_VN_InsertIntoContainer_TcVnDMatch
Node_F_VN_InsertIntoContainer_TcVnKeyPoint,registered,src/sln/lib/mobject-graph-vision-pack/Nodes/Basic Container Ops/InsertIntoContainer/Node_F_VN_InsertIntoContainer_TcVnKeyPoint.TcPOU,Vision/Basic Container Operations/F_VN_InsertIntoContainer/F_VN_InsertIntoContainer_TcVnKeyPoint
Node_F_VN_InsertIntoContainer_TcVnPoint2_DINT,registered,src/sln/lib/mobject-graph-vision-pack/Nodes/Basic Container Ops/InsertIntoContainer/Node_F_VN_InsertIntoContainer_TcVnPoint2_DINT.TcPOU,Vision/Basic Container Operations/F_VN_InsertIntoContainer/F_VN_InsertIntoContainer_TcVnPoint2_DINT
Node_F_VN_InsertIntoContainer_TcVnPoint2_LREAL,registered,src/sln/lib/mobject-graph-vision-pack/Nodes/Basic Container Ops/InsertIntoContainer/Node_F_VN_InsertIntoContainer_TcVnPoint2_LREAL.TcPOU,Vision/Basic Container Operations/F_VN_InsertIntoContainer/F_VN_InsertIntoContainer_TcVnPoint2_LREAL
Node_F_VN_InsertIntoContainer_TcVnPoint2_REAL,registered,src/sln/lib/mobject-graph-vision-pack/Nodes/Basic Container Ops/InsertIntoContainer/Node_F_VN_InsertIntoContainer_TcVnPoint2_REAL.TcPOU,Vision/Basic Container Operations/F_VN_InsertIntoContainer/F_VN_InsertIntoContainer_TcVnPoint2_REAL
Node_F_VN_InsertIntoContainer_TcVnPoint3_LREAL,registered,src/sln/lib/mobject-graph-vision-pack/Nodes/Basic Container Ops/InsertIntoContainer/Node_F_VN_InsertIntoContainer_TcVnPoint3_LREAL.TcPOU,Vision/Basic Container Operations/F_VN_InsertIntoContainer/F_VN_InsertIntoContainer_TcVnPoint3_LREAL
Node_F_VN_InsertIntoContainer_TcVnPoint3_REAL,registered,src/sln/lib/mobject-graph-vision-pack/Nodes/Basic Container Ops/InsertIntoContainer/Node_F_VN_InsertIntoContainer_TcVnPoint3_REAL.TcPOU,Vision/Basic Container Operations/F_VN_InsertIntoContainer/F_VN_InsertIntoContainer_TcVnPoint3_REAL
Node_F_VN_InsertIntoContainer_TcVnRectangle_DINT,registered,src/sln/lib/mobject-graph-vision-pack/Nodes/Basic Container Ops/InsertIntoContainer/Node_F_VN_InsertIntoContainer_TcVnRectangle_DINT.TcPOU,Vision/Basic Container Operations/F_VN_InsertIntoContainer/F_VN_InsertIntoContainer_TcVnRectangle_DINT
Node_F_VN_InsertIntoContainer_TcVnRotatedRectangle,registered,src/sln/lib/mobject-graph-vision-pack/Nodes/Basic Container Ops/InsertIntoContainer/Node_F_VN_InsertIntoContainer_TcVnRotatedRectangle.TcPOU,Vision/Basic Container Operations/F_VN_InsertIntoContainer/F_VN_InsertIntoContainer_TcVnRotatedRectangle
Node_F_VN_InsertIntoContainer_TcVnVector2_DINT,registered,src/sln/lib/mobject-graph-vision-pack/Nodes/Basic Container Ops/InsertIntoContainer/Node_F_VN_InsertIntoContainer_TcVnVector2_DINT.TcPOU,Vision/Basic Container Operations/F_VN_InsertIntoContainer/F_VN_InsertIntoContainer_TcVnVector2_DINT
Node_F_VN_InsertIntoContainer_TcVnVector2_INT,registered,src/sln/lib/mobject-graph-vision-pack/Nodes/Basic Container Ops/InsertIntoContainer/Node_F_VN_InsertIntoContainer_TcVnVector2_INT.TcPOU,Vision/Basic Container Operations/F_VN_InsertIntoContainer/F_VN_InsertIntoContainer_TcVnVector2_INT
Node_F_VN_InsertIntoContainer_TcVnVector2_REAL,registered,src/sln/lib/mobject-graph-vision-pack/Nodes/Basic Container Ops/InsertIntoContainer/Node_F_VN_InsertIntoContainer_TcVnVector2_REAL.TcPOU,Vision/Basic Container Operations/F_VN_InsertIntoContainer/F_VN_InsertIntoContainer_TcVnVector2_REAL
Node_F_VN_InsertIntoContainer_TcVnVector2_SINT,registered,src/sln/lib/mobject-graph-vision-pack/Nodes/Basic Container Ops/InsertIntoContainer/Node_F_VN_InsertIntoContainer_TcVnVector2_SINT.TcPOU,Vision/Basic Container Operations/F_VN_InsertIntoContainer/F_VN_InsertIntoContainer_TcVnVector2_SINT
Node_F_VN_InsertIntoContainer_TcVnVector2_UINT,registered,src/sln/lib/mobject-graph-vision-pack/Nodes/Basic Container Ops/InsertIntoContainer/Node_F_VN_InsertIntoContainer_TcVnVector2_UINT.TcPOU,Vision/Basic Container Operations/F_VN_InsertIntoContainer/F_VN_InsertIntoContainer_TcVnVector2_UINT
Node_F_VN_InsertIntoContainer_TcVnVector2_USINT,registered,src/sln/lib/mobject-graph-vision-pack/Nodes/Basic Container Ops/InsertIntoContainer/Node_F_VN_InsertIntoContainer_TcVnVector2_USINT.TcPOU,Vision/Basic Container Operations/F_VN_InsertIntoContainer/F_VN_InsertIntoContainer_TcVnVector2_USINT
Node_F_VN_InsertIntoContainer_TcVnVector3_INT,registered,src/sln/lib/mobject-graph-vision-pack/Nodes/Basic Container Ops/InsertIntoContainer/Node_F_VN_InsertIntoContainer_TcVnVector3_INT.TcPOU,Vision/Basic Container Operations/F_VN_InsertIntoContainer/F_VN_InsertIntoContainer_TcVnVector3_INT
Node_F_VN_InsertIntoContainer_TcVnVector3_REAL,registered,src/sln/lib/mobject-graph-vision-pack/Nodes/Basic Container Ops/InsertIntoContainer/Node_F_VN_InsertIntoContainer_TcVnVector3_REAL.TcPOU,Vision/Basic Container Operations/F_VN_InsertIntoContainer/F_VN_InsertIntoContainer_TcVnVector3_REAL
Node_F_VN_InsertIntoContainer_TcVnVector3_SINT,registered,src/sln/lib/mobject-graph-vision-pack/Nodes/Basic Container Ops/InsertIntoContainer/Node_F_VN_InsertIntoContainer_TcVnVector3_SINT.TcPOU,Vision/Basic Container Operations/F_VN_InsertIntoContainer/F_VN_InsertIntoContainer_TcVnVector3_SINT
Node_F_VN_InsertIntoContainer_TcVnVector3_UINT,registered,src/sln/lib/mobject-graph-vision-pack/Nodes/Basic Container Ops/InsertIntoContainer/Node_F_VN_InsertIntoContainer_TcVnVector3_UINT.TcPOU,Vision/Basic Container Operations/F_VN_InsertIntoContainer/F_VN_InsertIntoContainer_TcVnVector3_UINT
Node_F_VN_InsertIntoContainer_TcVnVector3_USINT,registered,src/sln/lib/mobject-graph-vision-pack/Nodes/Basic Container Ops/InsertIntoContainer/Node_F_VN_InsertIntoContainer_TcVnVector3_USINT.TcPOU,Vision/Basic Container Operations/F_VN_InsertIntoContainer/F_VN_InsertIntoContainer_TcVnVector3_USINT
Node_F_VN_InsertIntoContainer_TcVnVector4_DINT,registered,src/sln/lib/mobject-graph-vision-pack/Nodes/Basic Container Ops/InsertIntoContainer/Node_F_VN_InsertIntoContainer_TcVnVector4_DINT.TcPOU,Vision/Basic Container Operations/F_VN_InsertIntoContainer/F_VN_InsertIntoContainer_TcVnVector4_DINT
Node_F_VN_InsertIntoContainer_TcVnVector4_INT,registered,src/sln/lib/mobject-graph-vision-pack/Nodes/Basic Container Ops/InsertIntoContainer/Node_F_VN_InsertIntoContainer_TcVnVector4_INT.TcPOU,Vision/Basic Container Operations/F_VN_InsertIntoContainer/F_VN_InsertIntoContainer_TcVnVector4_INT
Node_F_VN_InsertIntoContainer_TcVnVector4_LREAL,registered,src/sln/lib/mobject-graph-vision-pack/Nodes/Basic Container Ops/InsertIntoContainer/Node_F_VN_InsertIntoContainer_TcVnVector4_LREAL.TcPOU,Vision/Basic Container Operations/F_VN_InsertIntoContainer/F_VN_InsertIntoContainer_TcVnVector4_LREAL
Node_F_VN_InsertIntoContainer_TcVnVector4_REAL,registered,src/sln/lib/mobject-graph-vision-pack/Nodes/Basic Container Ops/InsertIntoContainer/Node_F_VN_InsertIntoContainer_TcVnVector4_REAL.TcPOU,Vision/Basic Container Operations/F_VN_InsertIntoContainer/F_VN_InsertIntoContainer_TcVnVector4_REAL
Node_F_VN_InsertIntoContainer_TcVnVector4_SINT,registered,src/sln/lib/mobject-graph-vision-pack/Nodes/Basic Container Ops/InsertIntoContainer/Node_F_VN_InsertIntoContainer_TcVnVector4_SINT.TcPOU,Vision/Basic Container Operations/F_VN_InsertIntoContainer/F_VN_InsertIntoContainer_TcVnVector4_SINT
Node_F_VN_InsertIntoContainer_TcVnVector4_UINT,registered,src/sln/lib/mobject-graph-vision-pack/Nodes/Basic Container Ops/InsertIntoContainer/Node_F_VN_InsertIntoContainer_TcVnVector4_UINT.TcPOU,Vision/Basic Container Operations/F_VN_InsertIntoContainer/F_VN_InsertIntoContainer_TcVnVector4_UINT
Node_F_VN_InsertIntoContainer_TcVnVector4_USINT,registered,src/sln/lib/mobject-graph-vision-pack/Nodes/Basic Container Ops/InsertIntoContainer/Node_F_VN_InsertIntoContainer_TcVnVector4_USINT.TcPOU,Vision/Basic Container Operations/F_VN_InsertIntoContainer/F_VN_InsertIntoContainer_TcVnVector4_USINT
Node_F_VN_InsertIntoContainer_UDINT,registered,src/sln/lib/mobject-graph-vision-pack/Nodes/Basic Container Ops/InsertIntoContainer/Node_F_VN_InsertIntoContainer_UDINT.TcPOU,Vision/Basic Container Operations/F_VN_InsertIntoContainer/F_VN_InsertIntoContainer_UDINT
Node_F_VN_InsertIntoContainer_UINT,registered,src/sln/lib/mobject-graph-vision-pack/Nodes/Basic Container Ops/InsertIntoContainer/Node_F_VN_InsertIntoContainer_UINT.TcPOU,Vision/Basic Container Operations/F_VN_InsertIntoContainer/F_VN_InsertIntoContainer_UINT
Node_F_VN_InsertIntoContainer_ULINT,registered,src/sln/lib/mobject-graph-vision-pack/Nodes/Basic Container Ops/InsertIntoContainer/Node_F_VN_InsertIntoContainer_ULINT.TcPOU,Vision/Basic Container Operations/F_VN_InsertIntoContainer/F_VN_InsertIntoContainer_ULINT
Node_F_VN_InsertIntoContainer_USINT,registered,src/sln/lib/mobject-graph-vision-pack/Nodes/Basic Container Ops/InsertIntoContainer/Node_F_VN_InsertIntoContainer_USINT.TcPOU,Vision/Basic Container Operations/F_VN_InsertIntoContainer/F_VN_InsertIntoContainer_USINT
Node_F_VN_CheckIfEmpty,registered,src/sln/lib/mobject-graph-vision-pack/Nodes/Basic Container Ops/Node_F_VN_CheckIfEmpty.TcPOU,Vision/Basic Container Operations/F_VN_CheckIfEmpty
Node_F_VN_CopyContainer,registered,src/sln/lib/mobject-graph-vision-pack/Nodes/Basic Container Ops/Node_F_VN_CopyContainer.TcPOU,Vision/Basic Container Operations/F_VN_CopyContainer
Node_F_VN_CreateContainer,registered,src/sln/lib/mobject-graph-vision-pack/Nodes/Basic Container Ops/Node_F_VN_CreateContainer.TcPOU,Vision/Basic Container Operations/F_VN_CreateContainer
Node_F_VN_ExportContainer_String,registered,src/sln/lib/mobject-graph-vision-pack/Nodes/Basic Container Ops/Node_F_VN_ExportContainer_String.TcPOU,Vision/Basic Container Operations/F_VN_ExportContainer_String
Node_F_VN_ExportSubContainer_String,registered,src/sln/lib/mobject-graph-vision-pack/Nodes/Basic Container Ops/Node_F_VN_ExportSubContainer_String.TcPOU,Vision/Basic Container Operations/F_VN_ExportSubContainer_String
Node_F_VN_ExtractContainerRange,registered,src/sln/lib/mobject-graph-vision-pack/Nodes/Basic Container Ops/Node_F_VN_ExtractContainerRange.TcPOU,Vision/Basic Container Operations/F_VN_ExtractContainerRange
Node_F_VN_GetNumberOfElements,registered,src/sln/lib/mobject-graph-vision-pack/Nodes/Basic Container Ops/Node_F_VN_GetNumberOfElements.TcPOU,Vision/Basic Container Operations/F_VN_GetNumberOfElements
Node_F_VN_ReverseContainer,registered,src/sln/lib/mobject-graph-vision-pack/Nodes/Basic Container Ops/Node_F_VN_ReverseContainer.TcPOU,Vision/Basic Container Operations/F_VN_ReverseContainer
Node_F_VN_SetAt_DINT,registered,src/sln/lib/mobject-graph-vision-pack/Nodes/Basic Container Ops/SetAt/Node_F_VN_SetAt_DINT.TcPOU,Vision/Basic Container Operations/F_VN_SetAt/F_VN_SetAt_DINT
Node_F_VN_SetAt_INT,registered,src/sln/lib/mobject-graph-vision-pack/Nodes/Basic Container Ops/SetAt/Node_F_VN_SetAt_INT.TcPOU,Vision/Basic Container Operations/F_VN_SetAt/F_VN_SetAt_INT
Node_F_VN_SetAt_ITcVnContainer,registered,src/sln/lib/mobject-graph-vision-pack/Nodes/Basic Container Ops/SetAt/Node_F_VN_SetAt_ITcVnContainer.TcPOU,Vision/Basic Container Operations/F_VN_SetAt/F_VN_SetAt_ITcVnContainer
Node_F_VN_SetAt_ITcVnImage,registered,src/sln/lib/mobject-graph-vision-pack/Nodes/Basic Container Ops/SetAt/Node_F_VN_SetAt_ITcVnImage.TcPOU,Vision/Basic Container Operations/F_VN_SetAt/F_VN_SetAt_ITcVnImage
Node_F_VN_SetAt_LREAL,registered,src/sln/lib/mobject-graph-vision-pack/Nodes/Basic Container Ops/SetAt/Node_F_VN_SetAt_LREAL.TcPOU,Vision/Basic Container Operations/F_VN_SetAt/F_VN_SetAt_LREAL
Node_F_VN_SetAt_REAL,registered,src/sln/lib/mobject-graph-vision-pack/Nodes/Basic Container Ops/SetAt/Node_F_VN_SetAt_REAL.TcPOU,Vision/Basic Container Operations/F_VN_SetAt/F_VN_SetAt_REAL
Node_F_VN_SetAt_SINT,registered,src/sln/lib/mobject-graph-vision-pack/Nodes/Basic Container Ops/SetAt/Node_F_VN_SetAt_SINT.TcPOU,Vision/Basic Container Operations/F_VN_SetAt/F_VN_SetAt_SINT
Node_F_VN_SetAt_TcVnDMatch,registered,src/sln/lib/mobject-graph-vision-pack/Nodes/Basic Container Ops/SetAt/Node_F_VN_SetAt_TcVnDMatch.TcPOU,Vision/Basic Container Operations/F_VN_SetAt/F_VN_SetAt_TcVnDMatch
Node_F_VN_SetAt_TcVnKeyPoint,registered,src/sln/lib/mobject-graph-vision-pack/Nodes/Basic Container Ops/SetAt/Node_F_VN_SetAt_TcVnKeyPoint.TcPOU,Vision/Basic Container Operations/F_VN_SetAt/F_VN_SetAt_TcVnKeyPoint
Node_F_VN_SetAt_TcVnPoint2_DINT,registered,src/sln/lib/mobject-graph-vision-pack/Nodes/Basic Container Ops/SetAt/Node_F_VN_SetAt_TcVnPoint2_DINT.TcPOU,Vision/Basic Container Operations/F_VN_SetAt/F_VN_SetAt_TcVnPoint2_DINT
Node_F_VN_SetAt_TcVnPoint2_LREAL,registered,src/sln/lib/mobject-graph-vision-pack/Nodes/Basic Container Ops/SetAt/Node_F_VN_SetAt_TcVnPoint2_LREAL.TcPOU,Vision/Basic Container Operations/F_VN_SetAt/F_VN_SetAt_TcVnPoint2_LREAL
Node_F_VN_SetAt_TcVnPoint2_REAL,registered,src/sln/lib/mobject-graph-vision-pack/Nodes/Basic Container Ops/SetAt/Node_F_VN_SetAt_TcVnPoint2_REAL.TcPOU,Vision/Basic Container Operations/F_VN_SetAt/F_VN_SetAt_TcVnPoint2_REAL
Node_F_VN_SetAt_TcVnPoint3_LREAL,registered,src/sln/lib/mobject-graph-vision-pack/Nodes/Basic Container Ops/SetAt/Node_F_VN_SetAt_TcVnPoint3_LREAL.TcPOU,Vision/Basic Container Operations/F_VN_SetAt/F_VN_SetAt_TcVnPoint3_LREAL
Node_F_VN_SetAt_TcVnPoint3_REAL,registered,src/sln/lib/mobject-graph-vision-pack/Nodes/Basic Container Ops/SetAt/Node_F_VN_SetAt_TcVnPoint3_REAL.TcPOU,Vision/Basic Container Operations/F_VN_SetAt/F_VN_SetAt_TcVnPoint3_REAL
Node_F_VN_SetAt_TcVnRectangle_DINT,registered,src/sln/lib/mobject-graph-vision-pack/Nodes/Basic Container Ops/SetAt/Node_F_VN_SetAt_TcVnRectangle_DINT.TcPOU,Vision/Basic Container Operations/F_VN_SetAt/F_VN_SetAt_TcVnRectangle_DINT
Node_F_VN_SetAt_TcVnRotatedRectangle,registered,src/sln/lib/mobject-graph-vision-pack/Nodes/Basic Container Ops/SetAt/Node_F_VN_SetAt_TcVnRotatedRectangle.TcPOU,Vision/Basic Container Operations/F_VN_SetAt/F_VN_SetAt_TcVnRotatedRectangle
Node_F_VN_SetAt_TcVnVector2_DINT,registered,src/sln/lib/mobject-graph-vision-pack/Nodes/Basic Container Ops/SetAt/Node_F_VN_SetAt_TcVnVector2_DINT.TcPOU,Vision/Basic Container Operations/F_VN_SetAt/F_VN_SetAt_TcVnVector2_DINT
Node_F_VN_SetAt_TcVnVector2_INT,registered,src/sln/lib/mobject-graph-vision-pack/Nodes/Basic Container Ops/SetAt/Node_F_VN_SetAt_TcVnVector2_INT.TcPOU,Vision/Basic Container Operations/F_VN_SetAt/F_VN_SetAt_TcVnVector2_INT
Node_F_VN_SetAt_TcVnVector2_REAL,registered,src/sln/lib/mobject-graph-vision-pack/Nodes/Basic Container Ops/SetAt/Node_F_VN_SetAt_TcVnVector2_REAL.TcPOU,Vision/Basic Container Operations/F_VN_SetAt/F_VN_SetAt_TcVnVector2_REAL
Node_F_VN_SetAt_TcVnVector2_SINT,registered,src/sln/lib/mobject-graph-vision-pack/Nodes/Basic Container Ops/SetAt/Node_F_VN_SetAt_TcVnVector2_SINT.TcPOU,Vision/Basic Container Operations/F_VN_SetAt/F_VN_SetAt_TcVnVector2_SINT
Node_F_VN_SetAt_TcVnVector2_UINT,registered,src/sln/lib/mobject-graph-vision-pack/Nodes/Basic Container Ops/SetAt/Node_F_VN_SetAt_TcVnVector2_UINT.TcPOU,Vision/Basic Container Operations/F_VN_SetAt/F_VN_SetAt_TcVnVector2_UINT
Node_F_VN_SetAt_TcVnVector2_USINT,registered,src/sln/lib/mobject-graph-vision-pack/Nodes/Basic Container Ops/SetAt/Node_F_VN_SetAt_TcVnVector2_USINT.TcPOU,Vision/Basic Container Operations/F_VN_SetAt/F_VN_SetAt_TcVnVector2_USINT
Node_F_VN_SetAt_TcVnVector3_INT,registered,src/sln/lib/mobject-graph-vision-pack/Nodes/Basic Container Ops/SetAt/Node_F_VN_SetAt_TcVnVector3_INT.TcPOU,Vision/Basic Container Operations/F_VN_SetAt/F_VN_SetAt_TcVnVector3_INT
Node_F_VN_SetAt_TcVnVector3_REAL,registered,src/sln/lib/mobject-graph-vision-pack/Nodes/Basic Container Ops/SetAt/Node_F_VN_SetAt_TcVnVector3_REAL.TcPOU,Vision/Basic Container Operations/F_VN_SetAt/F_VN_SetAt_TcVnVector3_REAL
Node_F_VN_SetAt_TcVnVector3_SINT,registered,src/sln/lib/mobject-graph-vision-pack/Nodes/Basic Container Ops/SetAt/Node_F_VN_SetAt_TcVnVector3_SINT.TcPOU,Vision/Basic Container Operations/F_VN_SetAt/F_VN_SetAt_TcVnVector3_SINT
Node_F_VN_SetAt_TcVnVector3_UINT,registered,src/sln/lib/mobject-graph-vision-pack/Nodes/Basic Container Ops/SetAt/Node_F_VN_SetAt_TcVnVector3_UINT.TcPOU,Vision/Basic Container Operations/F_VN_SetAt/F_VN_SetAt_TcVnVector3_UINT
Node_F_VN_SetAt_TcVnVector3_USINT,registered,src/sln/lib/mobject-graph-vision-pack/Nodes/Basic Container Ops/SetAt/Node_F_VN_SetAt_TcVnVector3_USINT.TcPOU,Vision/Basic Container Operations/F_VN_SetAt/F_VN_SetAt_TcVnVector3_USINT
Node_F_VN_SetAt_TcVnVector4_DINT,registered,src/sln/lib/mobject-graph-vision-pack/Nodes/Basic Container Ops/SetAt/Node_F_VN_SetAt_TcVnVector4_DINT.TcPOU,Vision/Basic Container Operations/F_VN_SetAt/F_VN_SetAt_TcVnVector4_DINT
Node_F_VN_SetAt_TcVnVector4_INT,registered,src/sln/lib/mobject-graph-vision-pack/Nodes/Basic Container Ops/SetAt/Node_F_VN_SetAt_TcVnVector4_INT.TcPOU,Vision/Basic Container Operations/F_VN_SetAt/F_VN_SetAt_TcVnVector4_INT
Node_F_VN_SetAt_TcVnVector4_LREAL,registered,src/sln/lib/mobject-graph-vision-pack/Nodes/Basic Container Ops/SetAt/Node_F_VN_SetAt_TcVnVector4_LREAL.TcPOU,Vision/Basic Container Operations/F_VN_SetAt/F_VN_SetAt_TcVnVector4_LREAL
Node_F_VN_SetAt_TcVnVector4_REAL,registered,src/sln/lib/mobject-graph-vision-pack/Nodes/Basic Container Ops/SetAt/Node_F_VN_SetAt_TcVnVector4_REAL.TcPOU,Vision/Basic Container Operations/F_VN_SetAt/F_VN_SetAt_TcVnVector4_REAL
Node_F_VN_SetAt_TcVnVector4_SINT,registered,src/sln/lib/mobject-graph-vision-pack/Nodes/Basic Container Ops/SetAt/Node_F_VN_SetAt_TcVnVector4_SINT.TcPOU,Vision/Basic Container Operations/F_VN_SetAt/F_VN_SetAt_TcVnVector4_SINT
Node_F_VN_SetAt_TcVnVector4_UINT,registered,src/sln/lib/mobject-graph-vision-pack/Nodes/Basic Container Ops/SetAt/Node_F_VN_SetAt_TcVnVector4_UINT.TcPOU,Vision/Basic Container Operations/F_VN_SetAt/F_VN_SetAt_TcVnVector4_UINT
Node_F_VN_SetAt_TcVnVector4_USINT,registered,src/sln/lib/mobject-graph-vision-pack/Nodes/Basic Container Ops/SetAt/Node_F_VN_SetAt_TcVnVector4_USINT.TcPOU,Vision/Basic Container Operations/F_VN_SetAt/F_VN_SetAt_TcVnVector4_USINT
Node_F_VN_SetAt_UDINT,registered,src/sln/lib/mobject-graph-vision-pack/Nodes/Basic Container Ops/SetAt/Node_F_VN_SetAt_UDINT.TcPOU,Vision/Basic Container Operations/F_VN_SetAt/F_VN_SetAt_UDINT
Node_F_VN_SetAt_UINT,registered,src/sln/lib/mobject-graph-vision-pack/Nodes/Basic Container Ops/SetAt/Node_F_VN_SetAt_UINT.TcPOU,Vision/Basic Container Operations/F_VN_SetAt/F_VN_SetAt_UINT
Node_F_VN_SetAt_ULINT,registered,src/sln/lib/mobject-graph-vision-pack/Nodes/Basic Container Ops/SetAt/Node_F_VN_SetAt_ULINT.TcPOU,Vision/Basic Container Operations/F_VN_SetAt/F_VN_SetAt_ULINT
Node_F_VN_SetAt_USINT,registered,src/sln/lib/mobject-graph-vision-pack/Nodes/Basic Container Ops/SetAt/Node_F_VN_SetAt_USINT.TcPOU,Vision/Basic Container Operations/F_VN_SetAt/F_VN_SetAt_USINT
Node_F_VN_ConvertElementType,registered,src/sln/lib/mobject-graph-vision-pack/Nodes/Basic Image Ops/Node_F_VN_ConvertElementType.TcPOU,Vision/Basic Image Operations/F_VN_ConvertElementType
Node_F_VN_ConvertElementTypeExp,registered,src/sln/lib/mobject-graph-vision-pack/Nodes/Basic Image Ops/Node_F_VN_ConvertElementTypeExp.TcPOU,Vision/Basic Image Operations/F_VN_ConvertElementTypeExp
Node_F_VN_CopyImage,registered,src/sln/lib/mobject-graph-vision-pack/Nodes/Basic Image Ops/Node_F_VN_CopyImage.TcPOU,Vision/Basic Image Operations/F_VN_CopyImage
Node_F_VN_CopyImageRegion,registered,src/sln/lib/mobject-graph-vision-pack/Nodes/Basic Image Ops/Node_F_VN_CopyImageRegion.TcPOU,Vision/Basic Image Operations/F_VN_CopyImageRegion
Node_F_VN_CopyImageRegionToRegion,registered,src/sln/lib/mobject-graph-vision-pack/Nodes/Basic Image Ops/Node_F_VN_CopyImageRegionToRegion.TcPOU,Vision/Basic Image Operations/F_VN_CopyImageRegionToRegion
Node_F_VN_CopyIntoDisplayableImage,registered,src/sln/lib/mobject-graph-vision-pack/Nodes/Basic Image Ops/Node_F_VN_CopyIntoDisplayableImage.TcPOU,Vision/Basic Image Operations/F_VN_CopyIntoDisplayableImage
Node_F_VN_CreateAssociatedImage,registered,src/sln/lib/mobject-graph-vision-pack/Nodes/Basic Image Ops/Node_F_VN_CreateAssociatedImage.TcPOU,Vision/Basic Image Operations/F_VN_CreateAssociatedImage
Node_F_VN_CreateEmptyImage,registered,src/sln/lib/mobject-graph-vision-pack/Nodes/Basic Image Ops/Node_F_VN_CreateEmptyImage.TcPOU,Vision/Basic Image Operations/F_VN_CreateEmptyImage
Node_F_VN_CreateImage,registered,src/sln/lib/mobject-graph-vision-pack/Nodes/Basic Image Ops/Node_F_VN_CreateImage.TcPOU,Vision/Basic Image Operations/F_VN_CreateImage
Node_F_VN_CreateImageAndSetPixels,registered,src/sln/lib/mobject-graph-vision-pack/Nodes/Basic Image Ops/Node_F_VN_CreateImageAndSetPixels.TcPOU,Vision/Basic Image Operations/F_VN_CreateImageAndSetPixels
Node_F_VN_CreateNDimensionalImage,registered,src/sln/lib/mobject-graph-vision-pack/Nodes/Basic Image Ops/Node_F_VN_CreateNDimensionalImage.TcPOU,Vision/Basic Image Operations/F_VN_CreateNDimensionalImage
Node_F_VN_CreateNDimensionalImageAndSetPixels,registered,src/sln/lib/mobject-graph-vision-pack/Nodes/Basic Image Ops/Node_F_VN_CreateNDimensionalImageAndSetPixels.TcPOU,Vision/Basic Image Operations/F_VN_CreateNDimensionalImageAndSetPixels
Node_F_VN_ExportImageAsBmpSize,registered,src/sln/lib/mobject-graph-vision-pack/Nodes/Basic Image Ops/Node_F_VN_ExportImageAsBmpSize.TcPOU,Vision/Basic Image Operations/F_VN_ExportImageAsBmpSize
Node_F_VN_ExportImageAsBmpSizeExp,registered,src/sln/lib/mobject-graph-vision-pack/Nodes/Basic Image Ops/Node_F_VN_ExportImageAsBmpSizeExp.TcPOU,Vision/Basic Image Operations/F_VN_ExportImageAsBmpSizeExp
Node_F_VN_ExportImageSize,registered,src/sln/lib/mobject-graph-vision-pack/Nodes/Basic Image Ops/Node_F_VN_ExportImageSize.TcPOU,Vision/Basic Image Operations/F_VN_ExportImageSize
Node_F_VN_FuseImages,registered,src/sln/lib/mobject-graph-vision-pack/Nodes/Basic Image Ops/Node_F_VN_FuseImages.TcPOU,Vision/Basic Image Operations/F_VN_FuseImages
Node_F_VN_GetImageChannel,registered,src/sln/lib/mobject-graph-vision-pack/Nodes/Basic Image Ops/Node_F_VN_GetImageChannel.TcPOU,Vision/Basic Image Operations/F_VN_GetImageChannel
Node_F_VN_GetImageHeight,registered,src/sln/lib/mobject-graph-vision-pack/Nodes/Basic Image Ops/Node_F_VN_GetImageHeight.TcPOU,Vision/Basic Image Operations/F_VN_GetImageHeight
Node_F_VN_GetImageInfo,registered,src/sln/lib/mobject-graph-vision-pack/Nodes/Basic Image Ops/Node_F_VN_GetImageInfo.TcPOU,Vision/Basic Image Operations/F_VN_GetImageInfo
Node_F_VN_GetImageWidth,registered,src/sln/lib/mobject-graph-vision-pack/Nodes/Basic Image Ops/Node_F_VN_GetImageWidth.TcPOU,Vision/Basic Image Operations/F_VN_GetImageWidth
Node_F_VN_GetLayoutInfo,registered,src/sln/lib/mobject-graph-vision-pack/Nodes/Basic Image Ops/Node_F_VN_GetLayoutInfo.TcPOU,Vision/Basic Image Operations/F_VN_GetLayoutInfo
Node_F_VN_GetPixel,registered,src/sln/lib/mobject-graph-vision-pack/Nodes/Basic Image Ops/Node_F_VN_GetPixel.TcPOU,Vision/Basic Image Operations/F_VN_GetPixel
Node_F_VN_GetPixelFormat,registered,src/sln/lib/mobject-graph-vision-pack/Nodes/Basic Image Ops/Node_F_VN_GetPixelFormat.TcPOU,Vision/Basic Image Operations/F_VN_GetPixelFormat
Node_F_VN_GetRoi,registered,src/sln/lib/mobject-graph-vision-pack/Nodes/Basic Image Ops/Node_F_VN_GetRoi.TcPOU,Vision/Basic Image Operations/F_VN_GetRoi
Node_F_VN_MixImageChannels,registered,src/sln/lib/mobject-graph-vision-pack/Nodes/Basic Image Ops/Node_F_VN_MixImageChannels.TcPOU,Vision/Basic Image Operations/F_VN_MixImageChannels
Node_F_VN_PadImageBorder,registered,src/sln/lib/mobject-graph-vision-pack/Nodes/Basic Image Ops/Node_F_VN_PadImageBorder.TcPOU,Vision/Basic Image Operations/F_VN_PadImageBorder
Node_F_VN_PadImageBorderExp,registered,src/sln/lib/mobject-graph-vision-pack/Nodes/Basic Image Ops/Node_F_VN_PadImageBorderExp.TcPOU,Vision/Basic Image Operations/F_VN_PadImageBorderExp
Node_F_VN_ResetRoi,registered,src/sln/lib/mobject-graph-vision-pack/Nodes/Basic Image Ops/Node_F_VN_ResetRoi.TcPOU,Vision/Basic Image Operations/F_VN_ResetRoi
Node_F_VN_SetImageChannel,registered,src/sln/lib/mobject-graph-vision-pack/Nodes/Basic Image Ops/Node_F_VN_SetImageChannel.TcPOU,Vision/Basic Image Operations/F_VN_SetImageChannel
Node_F_VN_SetPixel,registered,src/sln/lib/mobject-graph-vision-pack/Nodes/Basic Image Ops/Node_F_VN_SetPixel.TcPOU,Vision/Basic Image Operations/F_VN_SetPixel
Node_F_VN_SetPixels,registered,src/sln/lib/mobject-graph-vision-pack/Nodes/Basic Image Ops/Node_F_VN_SetPixels.TcPOU,Vision/Basic Image Operations/F_VN_SetPixels
Node_F_VN_SetPixelsExp,registered,src/sln/lib/mobject-graph-vision-pack/Nodes/Basic Image Ops/Node_F_VN_SetPixelsExp.TcPOU,Vision/Basic Image Operations/F_VN_SetPixelsExp
Node_F_VN_SetRoi,registered,src/sln/lib/mobject-graph-vision-pack/Nodes/Basic Image Ops/Node_F_VN_SetRoi.TcPOU,Vision/Basic Image Operations/F_VN_SetRoi
Node_F_VN_SetRoi_TcVnRectangle_DINT,registered,src/sln/lib/mobject-graph-vision-pack/Nodes/Basic Image Ops/Node_F_VN_SetRoi_TcVnRectangle_DINT.TcPOU,Vision/Basic Image Operations/F_VN_SetRoi_TcVnRectangle_DINT
Node_F_VN_SetRoi_TcVnRectangle_UDINT,registered,src/sln/lib/mobject-graph-vision-pack/Nodes/Basic Image Ops/Node_F_VN_SetRoi_TcVnRectangle_UDINT.TcPOU,Vision/Basic Image Operations/F_VN_SetRoi_TcVnRectangle_UDINT
Node_F_VN_TransformIntoDisplayableImage,registered,src/sln/lib/mobject-graph-vision-pack/Nodes/Basic Image Ops/Node_F_VN_TransformIntoDisplayableImage.TcPOU,Vision/Basic Image Operations/F_VN_TransformIntoDisplayableImage
Node_F_VN_TransformIntoDisplayableImageExp,registered,src/sln/lib/mobject-graph-vision-pack/Nodes/Basic Image Ops/Node_F_VN_TransformIntoDisplayableImageExp.TcPOU,Vision/Basic Image Operations/F_VN_TransformIntoDisplayableImageExp
Node_F_VN_GradeBarcode,registered,src/sln/lib/mobject-graph-vision-pack/Nodes/Code Quality/Node_F_VN_GradeBarcode.TcPOU,Vision/Code Quality/F_VN_GradeBarcode
Node_F_VN_GradeBarcodeExp,registered,src/sln/lib/mobject-graph-vision-pack/Nodes/Code Quality/Node_F_VN_GradeBarcodeExp.TcPOU,Vision/Code Quality/F_VN_GradeBarcodeExp
Node_F_VN_GradeDataMatrixCode,registered,src/sln/lib/mobject-graph-vision-pack/Nodes/Code Quality/Node_F_VN_GradeDataMatrixCode.TcPOU,Vision/Code Quality/F_VN_GradeDataMatrixCode
Node_F_VN_GradeDataMatrixCodeExp,registered,src/sln/lib/mobject-graph-vision-pack/Nodes/Code Quality/Node_F_VN_GradeDataMatrixCodeExp.TcPOU,Vision/Code Quality/F_VN_GradeDataMatrixCodeExp
Node_F_VN_GradeQRCode,registered,src/sln/lib/mobject-graph-vision-pack/Nodes/Code Quality/Node_F_VN_GradeQRCode.TcPOU,Vision/Code Quality/F_VN_GradeQRCode
Node_F_VN_GradeQRCodeExp,registered,src/sln/lib/mobject-graph-vision-pack/Nodes/Code Quality/Node_F_VN_GradeQRCodeExp.TcPOU,Vision/Code Quality/F_VN_GradeQRCodeExp
Node_F_VN_DetectCodesNeuralNetwork,registered,src/sln/lib/mobject-graph-vision-pack/Nodes/Code Reading/Node_F_VN_DetectCodesNeuralNetwork.TcPOU,Vision/Code Reading/F_VN_DetectCodesNeuralNetwork
Node_F_VN_ReadBarcode,registered,src/sln/lib/mobject-graph-vision-pack/Nodes/Code Reading/Node_F_VN_ReadBarcode.TcPOU,Vision/Code Reading/F_VN_ReadBarcode
Node_F_VN_ReadBarcodeExp,registered,src/sln/lib/mobject-graph-vision-pack/Nodes/Code Reading/Node_F_VN_ReadBarcodeExp.TcPOU,Vision/Code Reading/F_VN_ReadBarcodeExp
Node_F_VN_ReadBarcodeExp2,registered,src/sln/lib/mobject-graph-vision-pack/Nodes/Code Reading/Node_F_VN_ReadBarcodeExp2.TcPOU,Vision/Code Reading/F_VN_ReadBarcodeExp2
Node_F_VN_ReadDataMatrixCode,registered,src/sln/lib/mobject-graph-vision-pack/Nodes/Code Reading/Node_F_VN_ReadDataMatrixCode.TcPOU,Vision/Code Reading/F_VN_ReadDataMatrixCode
Node_F_VN_ReadDataMatrixCodeExp,registered,src/sln/lib/mobject-graph-vision-pack/Nodes/Code Reading/Node_F_VN_ReadDataMatrixCodeExp.TcPOU,Vision/Code Reading/F_VN_ReadDataMatrixCodeExp
Node_F_VN_ReadDataMatrixCodeExp2,registered,src/sln/lib/mobject-graph-vision-pack/Nodes/Code Reading/Node_F_VN_ReadDataMatrixCodeExp2.TcPOU,Vision/Code Reading/F_VN_ReadDataMatrixCodeExp2
Node_F_VN_ReadDataMatrixCodeRoi,registered,src/sln/lib/mobject-graph-vision-pack/Nodes/Code Reading/Node_F_VN_ReadDataMatrixCodeRoi.TcPOU,Vision/Code Reading/F_VN_ReadDataMatrixCodeRoi
Node_F_VN_ReadDotCodeRoi,registered,src/sln/lib/mobject-graph-vision-pack/Nodes/Code Reading/Node_F_VN_ReadDotCodeRoi.TcPOU,Vision/Code Reading/F_VN_ReadDotCodeRoi
Node_F_VN_ReadDotCodeRoiExp,registered,src/sln/lib/mobject-graph-vision-pack/Nodes/Code Reading/Node_F_VN_ReadDotCodeRoiExp.TcPOU,Vision/Code Reading/F_VN_ReadDotCodeRoiExp
Node_F_VN_ReadPharmaCode,registered,src/sln/lib/mobject-graph-vision-pack/Nodes/Code Reading/Node_F_VN_ReadPharmaCode.TcPOU,Vision/Code Reading/F_VN_ReadPharmaCode
Node_F_VN_ReadPharmaCodeExp,registered,src/sln/lib/mobject-graph-vision-pack/Nodes/Code Reading/Node_F_VN_ReadPharmaCodeExp.TcPOU,Vision/Code Reading/F_VN_ReadPharmaCodeExp
Node_F_VN_ReadPharmaCodeExp2,registered,src/sln/lib/mobject-graph-vision-pack/Nodes/Code Reading/Node_F_VN_ReadPharmaCodeExp2.TcPOU,Vision/Code Reading/F_VN_ReadPharmaCodeExp2
Node_F_VN_ReadQRCode,registered,src/sln/lib/mobject-graph-vision-pack/Nodes/Code Reading/Node_F_VN_ReadQRCode.TcPOU,Vision/Code Reading/F_VN_ReadQRCode
Node_F_VN_ReadQRCodeExp,registered,src/sln/lib/mobject-graph-vision-pack/Nodes/Code Reading/Node_F_VN_ReadQRCodeExp.TcPOU,Vision/Code Reading/F_VN_ReadQRCodeExp
Node_F_VN_ReadQRCodeExp2,registered,src/sln/lib/mobject-graph-vision-pack/Nodes/Code Reading/Node_F_VN_ReadQRCodeExp2.TcPOU,Vision/Code Reading/F_VN_ReadQRCodeExp2
Node_ContainerType_String_SINT,registered,src/sln/lib/mobject-graph-vision-pack/Nodes/Constants/Node_ContainerType_String_SINT.TcPOU,Vision/Constants/ContainerType_String_SINT
Node_ContainerType_Vector_DINT,registered,src/sln/lib/mobject-graph-vision-pack/Nodes/Constants/Node_ContainerType_Vector_DINT.TcPOU,Vision/Constants/ContainerType_Vector_DINT
Node_ContainerType_Vector_INT,registered,src/sln/lib/mobject-graph-vision-pack/Nodes/Constants/Node_ContainerType_Vector_INT.TcPOU,Vision/Constants/ContainerType_Vector_INT
Node_ContainerType_Vector_ITcVnImage,registered,src/sln/lib/mobject-graph-vision-pack/Nodes/Constants/Node_ContainerType_Vector_ITcVnImage.TcPOU,Vision/Constants/ContainerType_Vector_ITcVnImage
Node_ContainerType_Vector_LREAL,registered,src/sln/lib/mobject-graph-vision-pack/Nodes/Constants/Node_ContainerType_Vector_LREAL.TcPOU,Vision/Constants/ContainerType_Vector_LREAL
Node_ContainerType_Vector_REAL,registered,src/sln/lib/mobject-graph-vision-pack/Nodes/Constants/Node_ContainerType_Vector_REAL.TcPOU,Vision/Constants/ContainerType_Vector_REAL
Node_ContainerType_Vector_SINT,registered,src/sln/lib/mobject-graph-vision-pack/Nodes/Constants/Node_ContainerType_Vector_SINT.TcPOU,Vision/Constants/ContainerType_Vector_SINT
Node_ContainerType_Vector_String_SINT,registered,src/sln/lib/mobject-graph-vision-pack/Nodes/Constants/Node_ContainerType_Vector_String_SINT.TcPOU,Vision/Constants/ContainerType_Vector_String_SINT
Node_ContainerType_Vector_TcVnDMatch,registered,src/sln/lib/mobject-graph-vision-pack/Nodes/Constants/Node_ContainerType_Vector_TcVnDMatch.TcPOU,Vision/Constants/ContainerType_Vector_TcVnDMatch
Node_ContainerType_Vector_TcVnKeyPoint,registered,src/sln/lib/mobject-graph-vision-pack/Nodes/Constants/Node_ContainerType_Vector_TcVnKeyPoint.TcPOU,Vision/Constants/ContainerType_Vector_TcVnKeyPoint
Node_ContainerType_Vector_TcVnPoint2_DINT,registered,src/sln/lib/mobject-graph-vision-pack/Nodes/Constants/Node_ContainerType_Vector_TcVnPoint2_DINT.TcPOU,Vision/Constants/ContainerType_Vector_TcVnPoint2_DINT
Node_ContainerType_Vector_TcVnPoint2_LREAL,registered,src/sln/lib/mobject-graph-vision-pack/Nodes/Constants/Node_ContainerType_Vector_TcVnPoint2_LREAL.TcPOU,Vision/Constants/ContainerType_Vector_TcVnPoint2_LREAL
Node_ContainerType_Vector_TcVnPoint2_REAL,registered,src/sln/lib/mobject-graph-vision-pack/Nodes/Constants/Node_ContainerType_Vector_TcVnPoint2_REAL.TcPOU,Vision/Constants/ContainerType_Vector_TcVnPoint2_REAL
Node_ContainerType_Vector_TcVnPoint3_LREAL,registered,src/sln/lib/mobject-graph-vision-pack/Nodes/Constants/Node_ContainerType_Vector_TcVnPoint3_LREAL.TcPOU,Vision/Constants/ContainerType_Vector_TcVnPoint3_LREAL
Node_ContainerType_Vector_TcVnPoint3_REAL,registered,src/sln/lib/mobject-graph-vision-pack/Nodes/Constants/Node_ContainerType_Vector_TcVnPoint3_REAL.TcPOU,Vision/Constants/ContainerType_Vector_TcVnPoint3_REAL
Node_ContainerType_Vector_TcVnRectangle_DINT,registered,src/sln/lib/mobject-graph-vision-pack/Nodes/Constants/Node_ContainerType_Vector_TcVnRectangle_DINT.TcPOU,Vision/Constants/ContainerType_Vector_TcVnRectangle_DINT
Node_ContainerType_Vector_TcVnRotatedRectangle,registered,src/sln/lib/mobject-graph-vision-pack/Nodes/Constants/Node_ContainerType_Vector_TcVnRotatedRectangle.TcPOU,Vision/Constants/ContainerType_Vector_TcVnRotatedRectangle
Node_ContainerType_Vector_TcVnVector2_DINT,registered,src/sln/lib/mobject-graph-vision-pack/Nodes/Constants/Node_ContainerType_Vector_TcVnVector2_DINT.TcPOU,Vision/Constants/ContainerType_Vector_TcVnVector2_DINT
Node_ContainerType_Vector_TcVnVector2_INT,registered,src/sln/lib/mobject-graph-vision-pack/Nodes/Constants/Node_ContainerType_Vector_TcVnVector2_INT.TcPOU,Vision/Constants/ContainerType_Vector_TcVnVector2_INT
Node_ContainerType_Vector_TcVnVector2_REAL,registered,src/sln/lib/mobject-graph-vision-pack/Nodes/Constants/Node_ContainerType_Vector_TcVnVector2_REAL.TcPOU,Vision/Constants/ContainerType_Vector_TcVnVector2_REAL
Node_ContainerType_Vector_TcVnVector2_SINT,registered,src/sln/lib/mobject-graph-vision-pack/Nodes/Constants/Node_ContainerType_Vector_TcVnVector2_SINT.TcPOU,Vision/Constants/ContainerType_Vector_TcVnVector2_SINT
Node_ContainerType_Vector_TcVnVector2_UINT,registered,src/sln/lib/mobject-graph-vision-pack/Nodes/Constants/Node_ContainerType_Vector_TcVnVector2_UINT.TcPOU,Vision/Constants/ContainerType_Vector_TcVnVector2_UINT
Node_ContainerType_Vector_TcVnVector2_USINT,registered,src/sln/lib/mobject-graph-vision-pack/Nodes/Constants/Node_ContainerType_Vector_TcVnVector2_USINT.TcPOU,Vision/Constants/ContainerType_Vector_TcVnVector2_USINT
Node_ContainerType_Vector_TcVnVector3_INT,registered,src/sln/lib/mobject-graph-vision-pack/Nodes/Constants/Node_ContainerType_Vector_TcVnVector3_INT.TcPOU,Vision/Constants/ContainerType_Vector_TcVnVector3_INT
Node_ContainerType_Vector_TcVnVector3_REAL,registered,src/sln/lib/mobject-graph-vision-pack/Nodes/Constants/Node_ContainerType_Vector_TcVnVector3_REAL.TcPOU,Vision/Constants/ContainerType_Vector_TcVnVector3_REAL
Node_ContainerType_Vector_TcVnVector3_SINT,registered,src/sln/lib/mobject-graph-vision-pack/Nodes/Constants/Node_ContainerType_Vector_TcVnVector3_SINT.TcPOU,Vision/Constants/ContainerType_Vector_TcVnVector3_SINT
Node_ContainerType_Vector_TcVnVector3_UINT,registered,src/sln/lib/mobject-graph-vision-pack/Nodes/Constants/Node_ContainerType_Vector_TcVnVector3_UINT.TcPOU,Vision/Constants/ContainerType_Vector_TcVnVector3_UINT
Node_ContainerType_Vector_TcVnVector3_USINT,registered,src/sln/lib/mobject-graph-vision-pack/Nodes/Constants/Node_ContainerType_Vector_TcVnVector3_USINT.TcPOU,Vision/Constants/ContainerType_Vector_TcVnVector3_USINT
Node_ContainerType_Vector_TcVnVector4_DINT,registered,src/sln/lib/mobject-graph-vision-pack/Nodes/Constants/Node_ContainerType_Vector_TcVnVector4_DINT.TcPOU,Vision/Constants/ContainerType_Vector_TcVnVector4_DINT
Node_ContainerType_Vector_TcVnVector4_INT,registered,src/sln/lib/mobject-graph-vision-pack/Nodes/Constants/Node_ContainerType_Vector_TcVnVector4_INT.TcPOU,Vision/Constants/ContainerType_Vector_TcVnVector4_INT
Node_ContainerType_Vector_TcVnVector4_LREAL,registered,src/sln/lib/mobject-graph-vision-pack/Nodes/Constants/Node_ContainerType_Vector_TcVnVector4_LREAL.TcPOU,Vision/Constants/ContainerType_Vector_TcVnVector4_LREAL
Node_ContainerType_Vector_TcVnVector4_REAL,registered,src/sln/lib/mobject-graph-vision-pack/Nodes/Constants/Node_ContainerType_Vector_TcVnVector4_REAL.TcPOU,Vision/Constants/ContainerType_Vector_TcVnVector4_REAL
Node_ContainerType_Vector_TcVnVector4_SINT,registered,src/sln/lib/mobject-graph-vision-pack/Nodes/Constants/Node_ContainerType_Vector_TcVnVector4_SINT.TcPOU,Vision/Constants/ContainerType_Vector_TcVnVector4_SINT
Node_ContainerType_Vector_TcVnVector4_UINT,registered,src/sln/lib/mobject-graph-vision-pack/Nodes/Constants/Node_ContainerType_Vector_TcVnVector4_UINT.TcPOU,Vision/Constants/ContainerType_Vector_TcVnVector4_UINT
Node_ContainerType_Vector_TcVnVector4_USINT,registered,src/sln/lib/mobject-graph-vision-pack/Nodes/Constants/Node_ContainerType_Vector_TcVnVector4_USINT.TcPOU,Vision/Constants/ContainerType_Vector_TcVnVector4_USINT
Node_ContainerType_Vector_UDINT,registered,src/sln/lib/mobject-graph-vision-pack/Nodes/Constants/Node_ContainerType_Vector_UDINT.TcPOU,Vision/Constants/ContainerType_Vector_UDINT
Node_ContainerType_Vector_UINT,registered,src/sln/lib/mobject-graph-vision-pack/Nodes/Constants/Node_ContainerType_Vector_UINT.TcPOU,Vision/Constants/ContainerType_Vector_UINT
Node_ContainerType_Vector_ULINT,registered,src/sln/lib/mobject-graph-vision-pack/Nodes/Constants/Node_ContainerType_Vector_ULINT.TcPOU,Vision/Constants/ContainerType_Vector_ULINT
Node_ContainerType_Vector_USINT,registered,src/sln/lib/mobject-graph-vision-pack/Nodes/Constants/Node_ContainerType_Vector_USINT.TcPOU,Vision/Constants/ContainerType_Vector_USINT
Node_ContainerType_Vector_Vector_LREAL,registered,src/sln/lib/mobject-graph-vision-pack/Nodes/Constants/Node_ContainerType_Vector_Vector_LREAL.TcPOU,Vision/Constants/ContainerType_Vector_Vector_LREAL
Node_ContainerType_Vector_Vector_REAL,registered,src/sln/lib/mobject-graph-vision-pack/Nodes/Constants/Node_ContainerType_Vector_Vector_REAL.TcPOU,Vision/Constants/ContainerType_Vector_Vector_REAL
Node_ContainerType_Vector_Vector_TcVnDMatch,registered,src/sln/lib/mobject-graph-vision-pack/Nodes/Constants/Node_ContainerType_Vector_Vector_TcVnDMatch.TcPOU,Vision/Constants/ContainerType_Vector_Vector_TcVnDMatch
Node_ContainerType_Vector_Vector_TcVnPoint2_DINT,registered,src/sln/lib/mobject-graph-vision-pack/Nodes/Constants/Node_ContainerType_Vector_Vector_TcVnPoint2_DINT.TcPOU,Vision/Constants/ContainerType_Vector_Vector_TcVnPoint2_DINT
Node_ContainerType_Vector_Vector_TcVnPoint2_REAL,registered,src/sln/lib/mobject-graph-vision-pack/Nodes/Constants/Node_ContainerType_Vector_Vector_TcVnPoint2_REAL.TcPOU,Vision/Constants/ContainerType_Vector_Vector_TcVnPoint2_REAL
Node_ContainerType_Vector_Vector_TcVnPoint3_REAL,registered,src/sln/lib/mobject-graph-vision-pack/Nodes/Constants/Node_ContainerType_Vector_Vector_TcVnPoint3_REAL.TcPOU,Vision/Constants/ContainerType_Vector_Vector_TcVnPoint3_REAL
Node_ContainerType_Vector_Vector_UDINT,registered,src/sln/lib/mobject-graph-vision-pack/Nodes/Constants/Node_ContainerType_Vector_Vector_UDINT.TcPOU,Vision/Constants/ContainerType_Vector_Vector_UDINT
Node_ContainerType_Vector_Vector_ULINT,registered,src/sln/lib/mobject-graph-vision-pack/Nodes/Constants/Node_ContainerType_Vector_Vector_ULINT.TcPOU,Vision/Constants/ContainerType_Vector_Vector_ULINT
Node_RGBA_BLACK,registered,src/sln/lib/mobject-graph-vision-pack/Nodes/Constants/Node_RGBA_BLACK.TcPOU,Vision/Constants/RGBA_BLACK
Node_RGBA_BLUE,registered,src/sln/lib/mobject-graph-vision-pack/Nodes/Constants/Node_RGBA_BLUE.TcPOU,Vision/Constants/RGBA_BLUE
Node_RGBA_CYAN,registered,src/sln/lib/mobject-graph-vision-pack/Nodes/Constants/Node_RGBA_CYAN.TcPOU,Vision/Constants/RGBA_CYAN
Node_RGBA_GREEN,registered,src/sln/lib/mobject-graph-vision-pack/Nodes/Constants/Node_RGBA_GREEN.TcPOU,Vision/Constants/RGBA_GREEN
Node_RGBA_MAGENTA,registered,src/sln/lib/mobject-graph-vision-pack/Nodes/Constants/Node_RGBA_MAGENTA.TcPOU,Vision/Constants/RGBA_MAGENTA
Node_RGBA_RANDOM,registered,src/sln/lib/mobject-graph-vision-pack/Nodes/Constants/Node_RGBA_RANDOM.TcPOU,Vision/Constants/RGBA_RANDOM
Node_RGBA_RED,registered,src/sln/lib/mobject-graph-vision-pack/Nodes/Constants/Node_RGBA_RED.TcPOU,Vision/Constants/RGBA_RED
Node_RGBA_WHITE,registered,src/sln/lib/mobject-graph-vision-pack/Nodes/Constants/Node_RGBA_WHITE.TcPOU,Vision/Constants/RGBA_WHITE
Node_RGBA_YELLOW,registered,src/sln/lib/mobject-graph-vision-pack/Nodes/Constants/Node_RGBA_YELLOW.TcPOU,Vision/Constants/RGBA_YELLOW
Node_F_VN_MaxElementElementwise_DINT,registered,src/sln/lib/mobject-graph-vision-pack/Nodes/Container Statistics/MaxElementwise/Node_F_VN_MaxElementElementwise_DINT.TcPOU,Vision/Container Statistics/F_VN_MaxElementElementwise/F_VN_MaxElementElementwise_DINT
Node_F_VN_MaxElementElementwise_INT,registered,src/sln/lib/mobject-graph-vision-pack/Nodes/Container Statistics/MaxElementwise/Node_F_VN_MaxElementElementwise_INT.TcPOU,Vision/Container Statistics/F_VN_MaxElementElementwise/F_VN_MaxElementElementwise_INT
Node_F_VN_MaxElementElementwise_LREAL,registered,src/sln/lib/mobject-graph-vision-pack/Nodes/Container Statistics/MaxElementwise/Node_F_VN_MaxElementElementwise_LREAL.TcPOU,Vision/Container Statistics/F_VN_MaxElementElementwise/F_VN_MaxElementElementwise_LREAL
Node_F_VN_MaxElementElementwise_REAL,registered,src/sln/lib/mobject-graph-vision-pack/Nodes/Container Statistics/MaxElementwise/Node_F_VN_MaxElementElementwise_REAL.TcPOU,Vision/Container Statistics/F_VN_MaxElementElementwise/F_VN_MaxElementElementwise_REAL
Node_F_VN_MaxElementElementwise_SINT,registered,src/sln/lib/mobject-graph-vision-pack/Nodes/Container Statistics/MaxElementwise/Node_F_VN_MaxElementElementwise_SINT.TcPOU,Vision/Container Statistics/F_VN_MaxElementElementwise/F_VN_MaxElementElementwise_SINT
Node_F_VN_MaxElementElementwise_TcVnPoint2_DINT,registered,src/sln/lib/mobject-graph-vision-pack/Nodes/Container Statistics/MaxElementwise/Node_F_VN_MaxElementElementwise_TcVnPoint2_DINT.TcPOU,Vision/Container Statistics/F_VN_MaxElementElementwise/F_VN_MaxElementElementwise_TcVnPoint2_DINT
Node_F_VN_MaxElementElementwise_TcVnPoint2_LREAL,registered,src/sln/lib/mobject-graph-vision-pack/Nodes/Container Statistics/MaxElementwise/Node_F_VN_MaxElementElementwise_TcVnPoint2_LREAL.TcPOU,Vision/Container Statistics/F_VN_MaxElementElementwise/F_VN_MaxElementElementwise_TcVnPoint2_LREAL
Node_F_VN_MaxElementElementwise_TcVnPoint2_REAL,registered,src/sln/lib/mobject-graph-vision-pack/Nodes/Container Statistics/MaxElementwise/Node_F_VN_MaxElementElementwise_TcVnPoint2_REAL.TcPOU,Vision/Container Statistics/F_VN_MaxElementElementwise/F_VN_MaxElementElementwise_TcVnPoint2_REAL
Node_F_VN_MaxElementElementwise_TcVnPoint3_LREAL,registered,src/sln/lib/mobject-graph-vision-pack/Nodes/Container Statistics/MaxElementwise/Node_F_VN_MaxElementElementwise_TcVnPoint3_LREAL.TcPOU,Vision/Container Statistics/F_VN_MaxElementElementwise/F_VN_MaxElementElementwise_TcVnPoint3_LREAL
Node_F_VN_MaxElementElementwise_TcVnPoint3_REAL,registered,src/sln/lib/mobject-graph-vision-pack/Nodes/Container Statistics/MaxElementwise/Node_F_VN_MaxElementElementwise_TcVnPoint3_REAL.TcPOU,Vision/Container Statistics/F_VN_MaxElementElementwise/F_VN_MaxElementElementwise_TcVnPoint3_REAL
Node_F_VN_MaxElementElementwise_TcVnVector2_DINT,registered,src/sln/lib/mobject-graph-vision-pack/Nodes/Container Statistics/MaxElementwise/Node_F_VN_MaxElementElementwise_TcVnVector2_DINT.TcPOU,Vision/Container Statistics/F_VN_MaxElementElementwise/F_VN_MaxElementElementwise_TcVnVector2_DINT
Node_F_VN_MaxElementElementwise_TcVnVector2_INT,registered,src/sln/lib/mobject-graph-vision-pack/Nodes/Container Statistics/MaxElementwise/Node_F_VN_MaxElementElementwise_TcVnVector2_INT.TcPOU,Vision/Container Statistics/F_VN_MaxElementElementwise/F_VN_MaxElementElementwise_TcVnVector2_INT
Node_F_VN_MaxElementElementwise_TcVnVector2_REAL,registered,src/sln/lib/mobject-graph-vision-pack/Nodes/Container Statistics/MaxElementwise/Node_F_VN_MaxElementElementwise_TcVnVector2_REAL.TcPOU,Vision/Container Statistics/F_VN_MaxElementElementwise/F_VN_MaxElementElementwise_TcVnVector2_REAL
Node_F_VN_MaxElementElementwise_TcVnVector2_SINT,registered,src/sln/lib/mobject-graph-vision-pack/Nodes/Container Statistics/MaxElementwise/Node_F_VN_MaxElementElementwise_TcVnVector2_SINT.TcPOU,Vision/Container Statistics/F_VN_MaxElementElementwise/F_VN_MaxElementElementwise_TcVnVector2_SINT
Node_F_VN_MaxElementElementwise_TcVnVector2_UINT,registered,src/sln/lib/mobject-graph-vision-pack/Nodes/Container Statistics/MaxElementwise/Node_F_VN_MaxElementElementwise_TcVnVector2_UINT.TcPOU,Vision/Container Statistics/F_VN_MaxElementElementwise/F_VN_MaxElementElementwise_TcVnVector2_UINT
Node_F_VN_MaxElementElementwise_TcVnVector2_USINT,registered,src/sln/lib/mobject-graph-vision-pack/Nodes/Container Statistics/MaxElementwise/Node_F_VN_MaxElementElementwise_TcVnVector2_USINT.TcPOU,Vision/Container Statistics/F_VN_MaxElementElementwise/F_VN_MaxElementElementwise_TcVnVector2_USINT
Node_F_VN_MaxElementElementwise_TcVnVector3_INT,registered,src/sln/lib/mobject-graph-vision-pack/Nodes/Container Statistics/MaxElementwise/Node_F_VN_MaxElementElementwise_TcVnVector3_INT.TcPOU,Vision/Container Statistics/F_VN_MaxElementElementwise/F_VN_MaxElementElementwise_TcVnVector3_INT
Node_F_VN_MaxElementElementwise_TcVnVector3_REAL,registered,src/sln/lib/mobject-graph-vision-pack/Nodes/Container Statistics/MaxElementwise/Node_F_VN_MaxElementElementwise_TcVnVector3_REAL.TcPOU,Vision/Container Statistics/F_VN_MaxElementElementwise/F_VN_MaxElementElementwise_TcVnVector3_REAL
Node_F_VN_MaxElementElementwise_TcVnVector3_SINT,registered,src/sln/lib/mobject-graph-vision-pack/Nodes/Container Statistics/MaxElementwise/Node_F_VN_MaxElementElementwise_TcVnVector3_SINT.TcPOU,Vision/Container Statistics/F_VN_MaxElementElementwise/F_VN_MaxElementElementwise_TcVnVector3_SINT
Node_F_VN_MaxElementElementwise_TcVnVector3_UINT,registered,src/sln/lib/mobject-graph-vision-pack/Nodes/Container Statistics/MaxElementwise/Node_F_VN_MaxElementElementwise_TcVnVector3_UINT.TcPOU,Vision/Container Statistics/F_VN_MaxElementElementwise/F_VN_MaxElementElementwise_TcVnVector3_UINT
Node_F_VN_MaxElementElementwise_TcVnVector3_USINT,registered,src/sln/lib/mobject-graph-vision-pack/Nodes/Container Statistics/MaxElementwise/Node_F_VN_MaxElementElementwise_TcVnVector3_USINT.TcPOU,Vision/Container Statistics/F_VN_MaxElementElementwise/F_VN_MaxElementElementwise_TcVnVector3_USINT
Node_F_VN_MaxElementElementwise_TcVnVector4_DINT,registered,src/sln/lib/mobject-graph-vision-pack/Nodes/Container Statistics/MaxElementwise/Node_F_VN_MaxElementElementwise_TcVnVector4_DINT.TcPOU,Vision/Container Statistics/F_VN_MaxElementElementwise/F_VN_MaxElementElementwise_TcVnVector4_DINT
Node_F_VN_MaxElementElementwise_TcVnVector4_INT,registered,src/sln/lib/mobject-graph-vision-pack/Nodes/Container Statistics/MaxElementwise/Node_F_VN_MaxElementElementwise_TcVnVector4_INT.TcPOU,Vision/Container Statistics/F_VN_MaxElementElementwise/F_VN_MaxElementElementwise_TcVnVector4_INT
Node_F_VN_MaxElementElementwise_TcVnVector4_LREAL,registered,src/sln/lib/mobject-graph-vision-pack/Nodes/Container Statistics/MaxElementwise/Node_F_VN_MaxElementElementwise_TcVnVector4_LREAL.TcPOU,Vision/Container Statistics/F_VN_MaxElementElementwise/F_VN_MaxElementElementwise_TcVnVector4_LREAL
Node_F_VN_MaxElementElementwise_TcVnVector4_REAL,registered,src/sln/lib/mobject-graph-vision-pack/Nodes/Container Statistics/MaxElementwise/Node_F_VN_MaxElementElementwise_TcVnVector4_REAL.TcPOU,Vision/Container Statistics/F_VN_MaxElementElementwise/F_VN_MaxElementElementwise_TcVnVector4_REAL
Node_F_VN_MaxElementElementwise_TcVnVector4_SINT,registered,src/sln/lib/mobject-graph-vision-pack/Nodes/Container Statistics/MaxElementwise/Node_F_VN_MaxElementElementwise_TcVnVector4_SINT.TcPOU,Vision/Container Statistics/F_VN_MaxElementElementwise/F_VN_MaxElementElementwise_TcVnVector4_SINT
Node_F_VN_MaxElementElementwise_TcVnVector4_UINT,registered,src/sln/lib/mobject-graph-vision-pack/Nodes/Container Statistics/MaxElementwise/Node_F_VN_MaxElementElementwise_TcVnVector4_UINT.TcPOU,Vision/Container Statistics/F_VN_MaxElementElementwise/F_VN_MaxElementElementwise_TcVnVector4_UINT
Node_F_VN_MaxElementElementwise_TcVnVector4_USINT,registered,src/sln/lib/mobject-graph-vision-pack/Nodes/Container Statistics/MaxElementwise/Node_F_VN_MaxElementElementwise_TcVnVector4_USINT.TcPOU,Vision/Container Statistics/F_VN_MaxElementElementwise/F_VN_MaxElementElementwise_TcVnVector4_USINT
Node_F_VN_MaxElementElementwise_UDINT,registered,src/sln/lib/mobject-graph-vision-pack/Nodes/Container Statistics/MaxElementwise/Node_F_VN_MaxElementElementwise_UDINT.TcPOU,Vision/Container Statistics/F_VN_MaxElementElementwise/F_VN_MaxElementElementwise_UDINT
Node_F_VN_MaxElementElementwise_UINT,registered,src/sln/lib/mobject-graph-vision-pack/Nodes/Container Statistics/MaxElementwise/Node_F_VN_MaxElementElementwise_UINT.TcPOU,Vision/Container Statistics/F_VN_MaxElementElementwise/F_VN_MaxElementElementwise_UINT
Node_F_VN_MaxElementElementwise_ULINT,registered,src/sln/lib/mobject-graph-vision-pack/Nodes/Container Statistics/MaxElementwise/Node_F_VN_MaxElementElementwise_ULINT.TcPOU,Vision/Container Statistics/F_VN_MaxElementElementwise/F_VN_MaxElementElementwise_ULINT
Node_F_VN_MaxElementElementwise_USINT,registered,src/sln/lib/mobject-graph-vision-pack/Nodes/Container Statistics/MaxElementwise/Node_F_VN_MaxElementElementwise_USINT.TcPOU,Vision/Container Statistics/F_VN_MaxElementElementwise/F_VN_MaxElementElementwise_USINT
Node_F_VN_MedianElementElementwise_DINT,registered,src/sln/lib/mobject-graph-vision-pack/Nodes/Container Statistics/MedianElementwise/Node_F_VN_MedianElementElementwise_DINT.TcPOU,Vision/Container Statistics/F_VN_MedianElementElementwise/F_VN_MedianElementElementwise_DINT
Node_F_VN_MedianElementElementwise_INT,registered,src/sln/lib/mobject-graph-vision-pack/Nodes/Container Statistics/MedianElementwise/Node_F_VN_MedianElementElementwise_INT.TcPOU,Vision/Container Statistics/F_VN_MedianElementElementwise/F_VN_MedianElementElementwise_INT
Node_F_VN_MedianElementElementwise_LREAL,registered,src/sln/lib/mobject-graph-vision-pack/Nodes/Container Statistics/MedianElementwise/Node_F_VN_MedianElementElementwise_LREAL.TcPOU,Vision/Container Statistics/F_VN_MedianElementElementwise/F_VN_MedianElementElementwise_LREAL
Node_F_VN_MedianElementElementwise_REAL,registered,src/sln/lib/mobject-graph-vision-pack/Nodes/Container Statistics/MedianElementwise/Node_F_VN_MedianElementElementwise_REAL.TcPOU,Vision/Container Statistics/F_VN_MedianElementElementwise/F_VN_MedianElementElementwise_REAL
Node_F_VN_MedianElementElementwise_SINT,registered,src/sln/lib/mobject-graph-vision-pack/Nodes/Container Statistics/MedianElementwise/Node_F_VN_MedianElementElementwise_SINT.TcPOU,Vision/Container Statistics/F_VN_MedianElementElementwise/F_VN_MedianElementElementwise_SINT
Node_F_VN_MedianElementElementwise_TcVnPoint2_DINT,registered,src/sln/lib/mobject-graph-vision-pack/Nodes/Container Statistics/MedianElementwise/Node_F_VN_MedianElementElementwise_TcVnPoint2_DINT.TcPOU,Vision/Container Statistics/F_VN_MedianElementElementwise/F_VN_MedianElementElementwise_TcVnPoint2_DINT
Node_F_VN_MedianElementElementwise_TcVnPoint2_LREAL,registered,src/sln/lib/mobject-graph-vision-pack/Nodes/Container Statistics/MedianElementwise/Node_F_VN_MedianElementElementwise_TcVnPoint2_LREAL.TcPOU,Vision/Container Statistics/F_VN_MedianElementElementwise/F_VN_MedianElementElementwise_TcVnPoint2_LREAL
Node_F_VN_MedianElementElementwise_TcVnPoint2_REAL,registered,src/sln/lib/mobject-graph-vision-pack/Nodes/Container Statistics/MedianElementwise/Node_F_VN_MedianElementElementwise_TcVnPoint2_REAL.TcPOU,Vision/Container Statistics/F_VN_MedianElementElementwise/F_VN_MedianElementElementwise_TcVnPoint2_REAL
Node_F_VN_MedianElementElementwise_TcVnPoint3_LREAL,registered,src/sln/lib/mobject-graph-vision-pack/Nodes/Container Statistics/MedianElementwise/Node_F_VN_MedianElementElementwise_TcVnPoint3_LREAL.TcPOU,Vision/Container Statistics/F_VN_MedianElementElementwise/F_VN_MedianElementElementwise_TcVnPoint3_LREAL
Node_F_VN_MedianElementElementwise_TcVnPoint3_REAL,registered,src/sln/lib/mobject-graph-vision-pack/Nodes/Container Statistics/MedianElementwise/Node_F_VN_MedianElementElementwise_TcVnPoint3_REAL.TcPOU,Vision/Container Statistics/F_VN_MedianElementElementwise/F_VN_MedianElementElementwise_TcVnPoint3_REAL
Node_F_VN_MedianElementElementwise_TcVnVector2_DINT,registered,src/sln/lib/mobject-graph-vision-pack/Nodes/Container Statistics/MedianElementwise/Node_F_VN_MedianElementElementwise_TcVnVector2_DINT.TcPOU,Vision/Container Statistics/F_VN_MedianElementElementwise/F_VN_MedianElementElementwise_TcVnVector2_DINT
Node_F_VN_MedianElementElementwise_TcVnVector2_INT,registered,src/sln/lib/mobject-graph-vision-pack/Nodes/Container Statistics/MedianElementwise/Node_F_VN_MedianElementElementwise_TcVnVector2_INT.TcPOU,Vision/Container Statistics/F_VN_MedianElementElementwise/F_VN_MedianElementElementwise_TcVnVector2_INT
Node_F_VN_MedianElementElementwise_TcVnVector2_REAL,registered,src/sln/lib/mobject-graph-vision-pack/Nodes/Container Statistics/MedianElementwise/Node_F_VN_MedianElementElementwise_TcVnVector2_REAL.TcPOU,Vision/Container Statistics/F_VN_MedianElementElementwise/F_VN_MedianElementElementwise_TcVnVector2_REAL
Node_F_VN_MedianElementElementwise_TcVnVector2_SINT,registered,src/sln/lib/mobject-graph-vision-pack/Nodes/Container Statistics/MedianElementwise/Node_F_VN_MedianElementElementwise_TcVnVector2_SINT.TcPOU,Vision/Container Statistics/F_VN_MedianElementElementwise/F_VN_MedianElementElementwise_TcVnVector2_SINT
Node_F_VN_MedianElementElementwise_TcVnVector2_UINT,registered,src/sln/lib/mobject-graph-vision-pack/Nodes/Container Statistics/MedianElementwise/Node_F_VN_MedianElementElementwise_TcVnVector2_UINT.TcPOU,Vision/Container Statistics/F_VN_MedianElementElementwise/F_VN_MedianElementElementwise_TcVnVector2_UINT
Node_F_VN_MedianElementElementwise_TcVnVector2_USINT,registered,src/sln/lib/mobject-graph-vision-pack/Nodes/Container Statistics/MedianElementwise/Node_F_VN_MedianElementElementwise_TcVnVector2_USINT.TcPOU,Vision/Container Statistics/F_VN_MedianElementElementwise/F_VN_MedianElementElementwise_TcVnVector2_USINT
Node_F_VN_MedianElementElementwise_TcVnVector3_INT,registered,src/sln/lib/mobject-graph-vision-pack/Nodes/Container Statistics/MedianElementwise/Node_F_VN_MedianElementElementwise_TcVnVector3_INT.TcPOU,Vision/Container Statistics/F_VN_MedianElementElementwise/F_VN_MedianElementElementwise_TcVnVector3_INT
Node_F_VN_MedianElementElementwise_TcVnVector3_REAL,registered,src/sln/lib/mobject-graph-vision-pack/Nodes/Container Statistics/MedianElementwise/Node_F_VN_MedianElementElementwise_TcVnVector3_REAL.TcPOU,Vision/Container Statistics/F_VN_MedianElementElementwise/F_VN_MedianElementElementwise_TcVnVector3_REAL
Node_F_VN_MedianElementElementwise_TcVnVector3_SINT,registered,src/sln/lib/mobject-graph-vision-pack/Nodes/Container Statistics/MedianElementwise/Node_F_VN_MedianElementElementwise_TcVnVector3_SINT.TcPOU,Vision/Container Statistics/F_VN_MedianElementElementwise/F_VN_MedianElementElementwise_TcVnVector3_SINT
Node_F_VN_MedianElementElementwise_TcVnVector3_UINT,registered,src/sln/lib/mobject-graph-vision-pack/Nodes/Container Statistics/MedianElementwise/Node_F_VN_MedianElementElementwise_TcVnVector3_UINT.TcPOU,Vision/Container Statistics/F_VN_MedianElementElementwise/F_VN_MedianElementElementwise_TcVnVector3_UINT
Node_F_VN_MedianElementElementwise_TcVnVector3_USINT,registered,src/sln/lib/mobject-graph-vision-pack/Nodes/Container Statistics/MedianElementwise/Node_F_VN_MedianElementElementwise_TcVnVector3_USINT.TcPOU,Vision/Container Statistics/F_VN_MedianElementElementwise/F_VN_MedianElementElementwise_TcVnVector3_USINT
Node_F_VN_MedianElementElementwise_TcVnVector4_DINT,registered,src/sln/lib/mobject-graph-vision-pack/Nodes/Container Statistics/MedianElementwise/Node_F_VN_MedianElementElementwise_TcVnVector4_DINT.TcPOU,Vision/Container Statistics/F_VN_MedianElementElementwise/F_VN_MedianElementElementwise_TcVnVector4_DINT
Node_F_VN_MedianElementElementwise_TcVnVector4_INT,registered,src/sln/lib/mobject-graph-vision-pack/Nodes/Container Statistics/MedianElementwise/Node_F_VN_MedianElementElementwise_TcVnVector4_INT.TcPOU,Vision/Container Statistics/F_VN_MedianElementElementwise/F_VN_MedianElementElementwise_TcVnVector4_INT
Node_F_VN_MedianElementElementwise_TcVnVector4_LREAL,registered,src/sln/lib/mobject-graph-vision-pack/Nodes/Container Statistics/MedianElementwise/Node_F_VN_MedianElementElementwise_TcVnVector4_LREAL.TcPOU,Vision/Container Statistics/F_VN_MedianElementElementwise/F_VN_MedianElementElementwise_TcVnVector4_LREAL
Node_F_VN_MedianElementElementwise_TcVnVector4_REAL,registered,src/sln/lib/mobject-graph-vision-pack/Nodes/Container Statistics/MedianElementwise/Node_F_VN_MedianElementElementwise_TcVnVector4_REAL.TcPOU,Vision/Container Statistics/F_VN_MedianElementElementwise/F_VN_MedianElementElementwise_TcVnVector4_REAL
Node_F_VN_MedianElementElementwise_TcVnVector4_SINT,registered,src/sln/lib/mobject-graph-vision-pack/Nodes/Container Statistics/MedianElementwise/Node_F_VN_MedianElementElementwise_TcVnVector4_SINT.TcPOU,Vision/Container Statistics/F_VN_MedianElementElementwise/F_VN_MedianElementElementwise_TcVnVector4_SINT
Node_F_VN_MedianElementElementwise_TcVnVector4_UINT,registered,src/sln/lib/mobject-graph-vision-pack/Nodes/Container Statistics/MedianElementwise/Node_F_VN_MedianElementElementwise_TcVnVector4_UINT.TcPOU,Vision/Container Statistics/F_VN_MedianElementElementwise/F_VN_MedianElementElementwise_TcVnVector4_UINT
Node_F_VN_MedianElementElementwise_TcVnVector4_USINT,registered,src/sln/lib/mobject-graph-vision-pack/Nodes/Container Statistics/MedianElementwise/Node_F_VN_MedianElementElementwise_TcVnVector4_USINT.TcPOU,Vision/Container Statistics/F_VN_MedianElementElementwise/F_VN_MedianElementElementwise_TcVnVector4_USINT
Node_F_VN_MedianElementElementwise_UDINT,registered,src/sln/lib/mobject-graph-vision-pack/Nodes/Container Statistics/MedianElementwise/Node_F_VN_MedianElementElementwise_UDINT.TcPOU,Vision/Container Statistics/F_VN_MedianElementElementwise/F_VN_MedianElementElementwise_UDINT
Node_F_VN_MedianElementElementwise_UINT,registered,src/sln/lib/mobject-graph-vision-pack/Nodes/Container Statistics/MedianElementwise/Node_F_VN_MedianElementElementwise_UINT.TcPOU,Vision/Container Statistics/F_VN_MedianElementElementwise/F_VN_MedianElementElementwise_UINT
Node_F_VN_MedianElementElementwise_ULINT,registered,src/sln/lib/mobject-graph-vision-pack/Nodes/Container Statistics/MedianElementwise/Node_F_VN_MedianElementElementwise_ULINT.TcPOU,Vision/Container Statistics/F_VN_MedianElementElementwise/F_VN_MedianElementElementwise_ULINT
Node_F_VN_MedianElementElementwise_USINT,registered,src/sln/lib/mobject-graph-vision-pack/Nodes/Container Statistics/MedianElementwise/Node_F_VN_MedianElementElementwise_USINT.TcPOU,Vision/Container Statistics/F_VN_MedianElementElementwise/F_VN_MedianElementElementwise_USINT
Node_F_VN_MinElementElementwise_DINT,registered,src/sln/lib/mobject-graph-vision-pack/Nodes/Container Statistics/MinElementwise/Node_F_VN_MinElementElementwise_DINT.TcPOU,Vision/Container Statistics/F_VN_MinElementElementwise/F_VN_MinElementElementwise_DINT
Node_F_VN_MinElementElementwise_INT,registered,src/sln/lib/mobject-graph-vision-pack/Nodes/Container Statistics/MinElementwise/Node_F_VN_MinElementElementwise_INT.TcPOU,Vision/Container Statistics/F_VN_MinElementElementwise/F_VN_MinElementElementwise_INT
Node_F_VN_MinElementElementwise_LREAL,registered,src/sln/lib/mobject-graph-vision-pack/Nodes/Container Statistics/MinElementwise/Node_F_VN_MinElementElementwise_LREAL.TcPOU,Vision/Container Statistics/F_VN_MinElementElementwise/F_VN_MinElementElementwise_LREAL
Node_F_VN_MinElementElementwise_REAL,registered,src/sln/lib/mobject-graph-vision-pack/Nodes/Container Statistics/MinElementwise/Node_F_VN_MinElementElementwise_REAL.TcPOU,Vision/Container Statistics/F_VN_MinElementElementwise/F_VN_MinElementElementwise_REAL
Node_F_VN_MinElementElementwise_SINT,registered,src/sln/lib/mobject-graph-vision-pack/Nodes/Container Statistics/MinElementwise/Node_F_VN_MinElementElementwise_SINT.TcPOU,Vision/Container Statistics/F_VN_MinElementElementwise/F_VN_MinElementElementwise_SINT
Node_F_VN_MinElementElementwise_TcVnPoint2_DINT,registered,src/sln/lib/mobject-graph-vision-pack/Nodes/Container Statistics/MinElementwise/Node_F_VN_MinElementElementwise_TcVnPoint2_DINT.TcPOU,Vision/Container Statistics/F_VN_MinElementElementwise/F_VN_MinElementElementwise_TcVnPoint2_DINT
Node_F_VN_MinElementElementwise_TcVnPoint2_LREAL,registered,src/sln/lib/mobject-graph-vision-pack/Nodes/Container Statistics/MinElementwise/Node_F_VN_MinElementElementwise_TcVnPoint2_LREAL.TcPOU,Vision/Container Statistics/F_VN_MinElementElementwise/F_VN_MinElementElementwise_TcVnPoint2_LREAL
Node_F_VN_MinElementElementwise_TcVnPoint2_REAL,registered,src/sln/lib/mobject-graph-vision-pack/Nodes/Container Statistics/MinElementwise/Node_F_VN_MinElementElementwise_TcVnPoint2_REAL.TcPOU,Vision/Container Statistics/F_VN_MinElementElementwise/F_VN_MinElementElementwise_TcVnPoint2_REAL
Node_F_VN_MinElementElementwise_TcVnPoint3_LREAL,registered,src/sln/lib/mobject-graph-vision-pack/Nodes/Container Statistics/MinElementwise/Node_F_VN_MinElementElementwise_TcVnPoint3_LREAL.TcPOU,Vision/Container Statistics/F_VN_MinElementElementwise/F_VN_MinElementElementwise_TcVnPoint3_LREAL
Node_F_VN_MinElementElementwise_TcVnPoint3_REAL,registered,src/sln/lib/mobject-graph-vision-pack/Nodes/Container Statistics/MinElementwise/Node_F_VN_MinElementElementwise_TcVnPoint3_REAL.TcPOU,Vision/Container Statistics/F_VN_MinElementElementwise/F_VN_MinElementElementwise_TcVnPoint3_REAL
Node_F_VN_MinElementElementwise_TcVnVector2_DINT,registered,src/sln/lib/mobject-graph-vision-pack/Nodes/Container Statistics/MinElementwise/Node_F_VN_MinElementElementwise_TcVnVector2_DINT.TcPOU,Vision/Container Statistics/F_VN_MinElementElementwise/F_VN_MinElementElementwise_TcVnVector2_DINT
Node_F_VN_MinElementElementwise_TcVnVector2_INT,registered,src/sln/lib/mobject-graph-vision-pack/Nodes/Container Statistics/MinElementwise/Node_F_VN_MinElementElementwise_TcVnVector2_INT.TcPOU,Vision/Container Statistics/F_VN_MinElementElementwise/F_VN_MinElementElementwise_TcVnVector2_INT
Node_F_VN_MinElementElementwise_TcVnVector2_REAL,registered,src/sln/lib/mobject-graph-vision-pack/Nodes/Container Statistics/MinElementwise/Node_F_VN_MinElementElementwise_TcVnVector2_REAL.TcPOU,Vision/Container Statistics/F_VN_MinElementElementwise/F_VN_MinElementElementwise_TcVnVector2_REAL
Node_F_VN_MinElementElementwise_TcVnVector2_SINT,registered,src/sln/lib/mobject-graph-vision-pack/Nodes/Container Statistics/MinElementwise/Node_F_VN_MinElementElementwise_TcVnVector2_SINT.TcPOU,Vision/Container Statistics/F_VN_MinElementElementwise/F_VN_MinElementElementwise_TcVnVector2_SINT
Node_F_VN_MinElementElementwise_TcVnVector2_UINT,registered,src/sln/lib/mobject-graph-vision-pack/Nodes/Container Statistics/MinElementwise/Node_F_VN_MinElementElementwise_TcVnVector2_UINT.TcPOU,Vision/Container Statistics/F_VN_MinElementElementwise/F_VN_MinElementElementwise_TcVnVector2_UINT
Node_F_VN_MinElementElementwise_TcVnVector2_USINT,registered,src/sln/lib/mobject-graph-vision-pack/Nodes/Container Statistics/MinElementwise/Node_F_VN_MinElementElementwise_TcVnVector2_USINT.TcPOU,Vision/Container Statistics/F_VN_MinElementElementwise/F_VN_MinElementElementwise_TcVnVector2_USINT
Node_F_VN_MinElementElementwise_TcVnVector3_INT,registered,src/sln/lib/mobject-graph-vision-pack/Nodes/Container Statistics/MinElementwise/Node_F_VN_MinElementElementwise_TcVnVector3_INT.TcPOU,Vision/Container Statistics/F_VN_MinElementElementwise/F_VN_MinElementElementwise_TcVnVector3_INT
Node_F_VN_MinElementElementwise_TcVnVector3_REAL,registered,src/sln/lib/mobject-graph-vision-pack/Nodes/Container Statistics/MinElementwise/Node_F_VN_MinElementElementwise_TcVnVector3_REAL.TcPOU,Vision/Container Statistics/F_VN_MinElementElementwise/F_VN_MinElementElementwise_TcVnVector3_REAL
Node_F_VN_MinElementElementwise_TcVnVector3_SINT,registered,src/sln/lib/mobject-graph-vision-pack/Nodes/Container Statistics/MinElementwise/Node_F_VN_MinElementElementwise_TcVnVector3_SINT.TcPOU,Vision/Container Statistics/F_VN_MinElementElementwise/F_VN_MinElementElementwise_TcVnVector3_SINT
Node_F_VN_MinElementElementwise_TcVnVector3_UINT,registered,src/sln/lib/mobject-graph-vision-pack/Nodes/Container Statistics/MinElementwise/Node_F_VN_MinElementElementwise_TcVnVector3_UINT.TcPOU,Vision/Container Statistics/F_VN_MinElementElementwise/F_VN_MinElementElementwise_TcVnVector3_UINT
Node_F_VN_MinElementElementwise_TcVnVector3_USINT,registered,src/sln/lib/mobject-graph-vision-pack/Nodes/Container Statistics/MinElementwise/Node_F_VN_MinElementElementwise_TcVnVector3_USINT.TcPOU,Vision/Container Statistics/F_VN_MinElementElementwise/F_VN_MinElementElementwise_TcVnVector3_USINT
Node_F_VN_MinElementElementwise_TcVnVector4_DINT,registered,src/sln/lib/mobject-graph-vision-pack/Nodes/Container Statistics/MinElementwise/Node_F_VN_MinElementElementwise_TcVnVector4_DINT.TcPOU,Vision/Container Statistics/F_VN_MinElementElementwise/F_VN_MinElementElementwise_TcVnVector4_DINT
Node_F_VN_MinElementElementwise_TcVnVector4_INT,registered,src/sln/lib/mobject-graph-vision-pack/Nodes/Container Statistics/MinElementwise/Node_F_VN_MinElementElementwise_TcVnVector4_INT.TcPOU,Vision/Container Statistics/F_VN_MinElementElementwise/F_VN_MinElementElementwise_TcVnVector4_INT
Node_F_VN_MinElementElementwise_TcVnVector4_LREAL,registered,src/sln/lib/mobject-graph-vision-pack/Nodes/Container Statistics/MinElementwise/Node_F_VN_MinElementElementwise_TcVnVector4_LREAL.TcPOU,Vision/Container Statistics/F_VN_MinElementElementwise/F_VN_MinElementElementwise_TcVnVector4_LREAL
Node_F_VN_MinElementElementwise_TcVnVector4_REAL,registered,src/sln/lib/mobject-graph-vision-pack/Nodes/Container Statistics/MinElementwise/Node_F_VN_MinElementElementwise_TcVnVector4_REAL.TcPOU,Vision/Container Statistics/F_VN_MinElementElementwise/F_VN_MinElementElementwise_TcVnVector4_REAL
Node_F_VN_MinElementElementwise_TcVnVector4_SINT,registered,src/sln/lib/mobject-graph-vision-pack/Nodes/Container Statistics/MinElementwise/Node_F_VN_MinElementElementwise_TcVnVector4_SINT.TcPOU,Vision/Container Statistics/F_VN_MinElementElementwise/F_VN_MinElementElementwise_TcVnVector4_SINT
Node_F_VN_MinElementElementwise_TcVnVector4_UINT,registered,src/sln/lib/mobject-graph-vision-pack/Nodes/Container Statistics/MinElementwise/Node_F_VN_MinElementElementwise_TcVnVector4_UINT.TcPOU,Vision/Container Statistics/F_VN_MinElementElementwise/F_VN_MinElementElementwise_TcVnVector4_UINT
Node_F_VN_MinElementElementwise_TcVnVector4_USINT,registered,src/sln/lib/mobject-graph-vision-pack/Nodes/Container Statistics/MinElementwise/Node_F_VN_MinElementElementwise_TcVnVector4_USINT.TcPOU,Vision/Container Statistics/F_VN_MinElementElementwise/F_VN_MinElementElementwise_TcVnVector4_USINT
Node_F_VN_MinElementElementwise_UDINT,registered,src/sln/lib/mobject-graph-vision-pack/Nodes/Container Statistics/MinElementwise/Node_F_VN_MinElementElementwise_UDINT.TcPOU,Vision/Container Statistics/F_VN_MinElementElementwise/F_VN_MinElementElementwise_UDINT
Node_F_VN_MinElementElementwise_UINT,registered,src/sln/lib/mobject-graph-vision-pack/Nodes/Container Statistics/MinElementwise/Node_F_VN_MinElementElementwise_UINT.TcPOU,Vision/Container Statistics/F_VN_MinElementElementwise/F_VN_MinElementElementwise_UINT
Node_F_VN_MinElementElementwise_ULINT,registered,src/sln/lib/mobject-graph-vision-pack/Nodes/Container Statistics/MinElementwise/Node_F_VN_MinElementElementwise_ULINT.TcPOU,Vision/Container Statistics/F_VN_MinElementElementwise/F_VN_MinElementElementwise_ULINT
Node_F_VN_MinElementElementwise_USINT,registered,src/sln/lib/mobject-graph-vision-pack/Nodes/Container Statistics/MinElementwise/Node_F_VN_MinElementElementwise_USINT.TcPOU,Vision/Container Statistics/F_VN_MinElementElementwise/F_VN_MinElementElementwise_USINT
Node_F_VN_ContainerAverage,registered,src/sln/lib/mobject-graph-vision-pack/Nodes/Container Statistics/Node_F_VN_ContainerAverage.TcPOU,Vision/Container Statistics/F_VN_ContainerAverage
Node_F_VN_ContainerAverageElementwise2,registered,src/sln/lib/mobject-graph-vision-pack/Nodes/Container Statistics/Node_F_VN_ContainerAverageElementwise2.TcPOU,Vision/Container Statistics/F_VN_ContainerAverageElementwise2
Node_F_VN_ContainerAverageElementwise3,registered,src/sln/lib/mobject-graph-vision-pack/Nodes/Container Statistics/Node_F_VN_ContainerAverageElementwise3.TcPOU,Vision/Container Statistics/F_VN_ContainerAverageElementwise3
Node_F_VN_ContainerAverageElementwise4,registered,src/sln/lib/mobject-graph-vision-pack/Nodes/Container Statistics/Node_F_VN_ContainerAverageElementwise4.TcPOU,Vision/Container Statistics/F_VN_ContainerAverageElementwise4
Node_F_VN_ContainerAverageVariance,registered,src/sln/lib/mobject-graph-vision-pack/Nodes/Container Statistics/Node_F_VN_ContainerAverageVariance.TcPOU,Vision/Container Statistics/F_VN_ContainerAverageVariance
Node_F_VN_ContainerAverageVarianceElementwise2,registered,src/sln/lib/mobject-graph-vision-pack/Nodes/Container Statistics/Node_F_VN_ContainerAverageVarianceElementwise2.TcPOU,Vision/Container Statistics/F_VN_ContainerAverageVarianceElementwise2
Node_F_VN_ContainerAverageVarianceElementwise3,registered,src/sln/lib/mobject-graph-vision-pack/Nodes/Container Statistics/Node_F_VN_ContainerAverageVarianceElementwise3.TcPOU,Vision/Container Statistics/F_VN_ContainerAverageVarianceElementwise3
Node_F_VN_ContainerAverageVarianceElementwise4,registered,src/sln/lib/mobject-graph-vision-pack/Nodes/Container Statistics/Node_F_VN_ContainerAverageVarianceElementwise4.TcPOU,Vision/Container Statistics/F_VN_ContainerAverageVarianceElementwise4
Node_F_VN_MaxElement,registered,src/sln/lib/mobject-graph-vision-pack/Nodes/Container Statistics/Node_F_VN_MaxElement.TcPOU,Vision/Container Statistics/F_VN_MaxElement
Node_F_VN_MedianElement,registered,src/sln/lib/mobject-graph-vision-pack/Nodes/Container Statistics/Node_F_VN_MedianElement.TcPOU,Vision/Container Statistics/F_VN_MedianElement
Node_F_VN_MinElement,registered,src/sln/lib/mobject-graph-vision-pack/Nodes/Container Statistics/Node_F_VN_MinElement.TcPOU,Vision/Container Statistics/F_VN_MinElement
Node_F_VN_ApproximatePolygon,registered,src/sln/lib/mobject-graph-vision-pack/Nodes/Contour Analysis/Node_F_VN_ApproximatePolygon.TcPOU,Vision/Contour Analysis/F_VN_ApproximatePolygon
Node_F_VN_CheckIfPointIsInsideContour,registered,src/sln/lib/mobject-graph-vision-pack/Nodes/Contour Analysis/Node_F_VN_CheckIfPointIsInsideContour.TcPOU,Vision/Contour Analysis/F_VN_CheckIfPointIsInsideContour
Node_F_VN_ContourArea,registered,src/sln/lib/mobject-graph-vision-pack/Nodes/Contour Analysis/Node_F_VN_ContourArea.TcPOU,Vision/Contour Analysis/F_VN_ContourArea
Node_F_VN_ContourCenterOfMass,registered,src/sln/lib/mobject-graph-vision-pack/Nodes/Contour Analysis/Node_F_VN_ContourCenterOfMass.TcPOU,Vision/Contour Analysis/F_VN_ContourCenterOfMass
Node_F_VN_ContourCircularity,registered,src/sln/lib/mobject-graph-vision-pack/Nodes/Contour Analysis/Node_F_VN_ContourCircularity.TcPOU,Vision/Contour Analysis/F_VN_ContourCircularity
Node_F_VN_ContourCircularityExp,registered,src/sln/lib/mobject-graph-vision-pack/Nodes/Contour Analysis/Node_F_VN_ContourCircularityExp.TcPOU,Vision/Contour Analysis/F_VN_ContourCircularityExp
Node_F_VN_ContourConvexity,registered,src/sln/lib/mobject-graph-vision-pack/Nodes/Contour Analysis/Node_F_VN_ContourConvexity.TcPOU,Vision/Contour Analysis/F_VN_ContourConvexity
Node_F_VN_ContourEccentricity,registered,src/sln/lib/mobject-graph-vision-pack/Nodes/Contour Analysis/Node_F_VN_ContourEccentricity.TcPOU,Vision/Contour Analysis/F_VN_ContourEccentricity
Node_F_VN_ContourElongation,registered,src/sln/lib/mobject-graph-vision-pack/Nodes/Contour Analysis/Node_F_VN_ContourElongation.TcPOU,Vision/Contour Analysis/F_VN_ContourElongation
Node_F_VN_ContourExtremePoint,registered,src/sln/lib/mobject-graph-vision-pack/Nodes/Contour Analysis/Node_F_VN_ContourExtremePoint.TcPOU,Vision/Contour Analysis/F_VN_ContourExtremePoint
Node_F_VN_ContourInertiaRatio,registered,src/sln/lib/mobject-graph-vision-pack/Nodes/Contour Analysis/Node_F_VN_ContourInertiaRatio.TcPOU,Vision/Contour Analysis/F_VN_ContourInertiaRatio
Node_F_VN_ContourMoments,registered,src/sln/lib/mobject-graph-vision-pack/Nodes/Contour Analysis/Node_F_VN_ContourMoments.TcPOU,Vision/Contour Analysis/F_VN_ContourMoments
Node_F_VN_ContourOrientation,registered,src/sln/lib/mobject-graph-vision-pack/Nodes/Contour Analysis/Node_F_VN_ContourOrientation.TcPOU,Vision/Contour Analysis/F_VN_ContourOrientation
Node_F_VN_ContourOrientationExp,registered,src/sln/lib/mobject-graph-vision-pack/Nodes/Contour Analysis/Node_F_VN_ContourOrientationExp.TcPOU,Vision/Contour Analysis/F_VN_ContourOrientationExp
Node_F_VN_ContourPerimeter,registered,src/sln/lib/mobject-graph-vision-pack/Nodes/Contour Analysis/Node_F_VN_ContourPerimeter.TcPOU,Vision/Contour Analysis/F_VN_ContourPerimeter
Node_F_VN_ContourRoundness,registered,src/sln/lib/mobject-graph-vision-pack/Nodes/Contour Analysis/Node_F_VN_ContourRoundness.TcPOU,Vision/Contour Analysis/F_VN_ContourRoundness
Node_F_VN_ConvexHullPoints,registered,src/sln/lib/mobject-graph-vision-pack/Nodes/Contour Analysis/Node_F_VN_ConvexHullPoints.TcPOU,Vision/Contour Analysis/F_VN_ConvexHullPoints
Node_F_VN_ConvexHullPointsExp,registered,src/sln/lib/mobject-graph-vision-pack/Nodes/Contour Analysis/Node_F_VN_ConvexHullPointsExp.TcPOU,Vision/Contour Analysis/F_VN_ConvexHullPointsExp
Node_F_VN_ConvexityDefects,registered,src/sln/lib/mobject-graph-vision-pack/Nodes/Contour Analysis/Node_F_VN_ConvexityDefects.TcPOU,Vision/Contour Analysis/F_VN_ConvexityDefects
Node_F_VN_EnclosingCircle,registered,src/sln/lib/mobject-graph-vision-pack/Nodes/Contour Analysis/Node_F_VN_EnclosingCircle.TcPOU,Vision/Contour Analysis/F_VN_EnclosingCircle
Node_F_VN_EnclosingRectangle,registered,src/sln/lib/mobject-graph-vision-pack/Nodes/Contour Analysis/Node_F_VN_EnclosingRectangle.TcPOU,Vision/Contour Analysis/F_VN_EnclosingRectangle
Node_F_VN_EnclosingTriangle,registered,src/sln/lib/mobject-graph-vision-pack/Nodes/Contour Analysis/Node_F_VN_EnclosingTriangle.TcPOU,Vision/Contour Analysis/F_VN_EnclosingTriangle
Node_F_VN_FitEllipse,registered,src/sln/lib/mobject-graph-vision-pack/Nodes/Contour Analysis/Node_F_VN_FitEllipse.TcPOU,Vision/Contour Analysis/F_VN_FitEllipse
Node_F_VN_FitLine,registered,src/sln/lib/mobject-graph-vision-pack/Nodes/Contour Analysis/Node_F_VN_FitLine.TcPOU,Vision/Contour Analysis/F_VN_FitLine
Node_F_VN_FitLineExp,registered,src/sln/lib/mobject-graph-vision-pack/Nodes/Contour Analysis/Node_F_VN_FitLineExp.TcPOU,Vision/Contour Analysis/F_VN_FitLineExp
Node_F_VN_MatchContours,registered,src/sln/lib/mobject-graph-vision-pack/Nodes/Contour Analysis/Node_F_VN_MatchContours.TcPOU,Vision/Contour Analysis/F_VN_MatchContours
Node_F_VN_MatchContours1vsN,registered,src/sln/lib/mobject-graph-vision-pack/Nodes/Contour Analysis/Node_F_VN_MatchContours1vsN.TcPOU,Vision/Contour Analysis/F_VN_MatchContours1vsN
Node_F_VN_MatchContours1vsNExp,registered,src/sln/lib/mobject-graph-vision-pack/Nodes/Contour Analysis/Node_F_VN_MatchContours1vsNExp.TcPOU,Vision/Contour Analysis/F_VN_MatchContours1vsNExp
Node_F_VN_MatchContoursExp,registered,src/sln/lib/mobject-graph-vision-pack/Nodes/Contour Analysis/Node_F_VN_MatchContoursExp.TcPOU,Vision/Contour Analysis/F_VN_MatchContoursExp
Node_F_VN_UprightBoundingRectangle,registered,src/sln/lib/mobject-graph-vision-pack/Nodes/Contour Analysis/Node_F_VN_UprightBoundingRectangle.TcPOU,Vision/Contour Analysis/F_VN_UprightBoundingRectangle
Node_F_VN_DrawArrow,registered,src/sln/lib/mobject-graph-vision-pack/Nodes/Drawing/Node_F_VN_DrawArrow.TcPOU,Vision/Drawing/F_VN_DrawArrow
Node_F_VN_DrawArrowExp,registered,src/sln/lib/mobject-graph-vision-pack/Nodes/Drawing/Node_F_VN_DrawArrowExp.TcPOU,Vision/Drawing/F_VN_DrawArrowExp
Node_F_VN_DrawArrowExp_TcVnVector4_DINT,registered,src/sln/lib/mobject-graph-vision-pack/Nodes/Drawing/Node_F_VN_DrawArrowExp_TcVnVector4_DINT.TcPOU,Vision/Drawing/F_VN_DrawArrowExp_TcVnVector4_DINT
Node_F_VN_DrawArrow_TcVnVector4_DINT,registered,src/sln/lib/mobject-graph-vision-pack/Nodes/Drawing/Node_F_VN_DrawArrow_TcVnVector4_DINT.TcPOU,Vision/Drawing/F_VN_DrawArrow_TcVnVector4_DINT
Node_F_VN_DrawCircle,registered,src/sln/lib/mobject-graph-vision-pack/Nodes/Drawing/Node_F_VN_DrawCircle.TcPOU,Vision/Drawing/F_VN_DrawCircle
Node_F_VN_DrawCircleExp,registered,src/sln/lib/mobject-graph-vision-pack/Nodes/Drawing/Node_F_VN_DrawCircleExp.TcPOU,Vision/Drawing/F_VN_DrawCircleExp
Node_F_VN_DrawCircles,registered,src/sln/lib/mobject-graph-vision-pack/Nodes/Drawing/Node_F_VN_DrawCircles.TcPOU,Vision/Drawing/F_VN_DrawCircles
Node_F_VN_DrawCirclesExp,registered,src/sln/lib/mobject-graph-vision-pack/Nodes/Drawing/Node_F_VN_DrawCirclesExp.TcPOU,Vision/Drawing/F_VN_DrawCirclesExp
Node_F_VN_DrawCircularArc,registered,src/sln/lib/mobject-graph-vision-pack/Nodes/Drawing/Node_F_VN_DrawCircularArc.TcPOU,Vision/Drawing/F_VN_DrawCircularArc
Node_F_VN_DrawCircularArcExp,registered,src/sln/lib/mobject-graph-vision-pack/Nodes/Drawing/Node_F_VN_DrawCircularArcExp.TcPOU,Vision/Drawing/F_VN_DrawCircularArcExp
Node_F_VN_DrawComponents,registered,src/sln/lib/mobject-graph-vision-pack/Nodes/Drawing/Node_F_VN_DrawComponents.TcPOU,Vision/Drawing/F_VN_DrawComponents
Node_F_VN_DrawComponentsExp,registered,src/sln/lib/mobject-graph-vision-pack/Nodes/Drawing/Node_F_VN_DrawComponentsExp.TcPOU,Vision/Drawing/F_VN_DrawComponentsExp
Node_F_VN_DrawContours,registered,src/sln/lib/mobject-graph-vision-pack/Nodes/Drawing/Node_F_VN_DrawContours.TcPOU,Vision/Drawing/F_VN_DrawContours
Node_F_VN_DrawContoursExp,registered,src/sln/lib/mobject-graph-vision-pack/Nodes/Drawing/Node_F_VN_DrawContoursExp.TcPOU,Vision/Drawing/F_VN_DrawContoursExp
Node_F_VN_DrawEllipse,registered,src/sln/lib/mobject-graph-vision-pack/Nodes/Drawing/Node_F_VN_DrawEllipse.TcPOU,Vision/Drawing/F_VN_DrawEllipse
Node_F_VN_DrawEllipseExp,registered,src/sln/lib/mobject-graph-vision-pack/Nodes/Drawing/Node_F_VN_DrawEllipseExp.TcPOU,Vision/Drawing/F_VN_DrawEllipseExp
Node_F_VN_DrawKeypoints,registered,src/sln/lib/mobject-graph-vision-pack/Nodes/Drawing/Node_F_VN_DrawKeypoints.TcPOU,Vision/Drawing/F_VN_DrawKeypoints
Node_F_VN_DrawKeypointsExp,registered,src/sln/lib/mobject-graph-vision-pack/Nodes/Drawing/Node_F_VN_DrawKeypointsExp.TcPOU,Vision/Drawing/F_VN_DrawKeypointsExp
Node_F_VN_DrawLine,registered,src/sln/lib/mobject-graph-vision-pack/Nodes/Drawing/Node_F_VN_DrawLine.TcPOU,Vision/Drawing/F_VN_DrawLine
Node_F_VN_DrawLineExp,registered,src/sln/lib/mobject-graph-vision-pack/Nodes/Drawing/Node_F_VN_DrawLineExp.TcPOU,Vision/Drawing/F_VN_DrawLineExp
Node_F_VN_DrawLineExp_TcVnVector4_DINT,registered,src/sln/lib/mobject-graph-vision-pack/Nodes/Drawing/Node_F_VN_DrawLineExp_TcVnVector4_DINT.TcPOU,Vision/Drawing/F_VN_DrawLineExp_TcVnVector4_DINT
Node_F_VN_DrawLineExp_TcVnVector4_LREAL,registered,src/sln/lib/mobject-graph-vision-pack/Nodes/Drawing/Node_F_VN_DrawLineExp_TcVnVector4_LREAL.TcPOU,Vision/Drawing/F_VN_DrawLineExp_TcVnVector4_LREAL
Node_F_VN_DrawLine_TcVnVector4_DINT,registered,src/sln/lib/mobject-graph-vision-pack/Nodes/Drawing/Node_F_VN_DrawLine_TcVnVector4_DINT.TcPOU,Vision/Drawing/F_VN_DrawLine_TcVnVector4_DINT
Node_F_VN_DrawLine_TcVnVector4_LREAL,registered,src/sln/lib/mobject-graph-vision-pack/Nodes/Drawing/Node_F_VN_DrawLine_TcVnVector4_LREAL.TcPOU,Vision/Drawing/F_VN_DrawLine_TcVnVector4_LREAL
Node_F_VN_DrawLines,registered,src/sln/lib/mobject-graph-vision-pack/Nodes/Drawing/Node_F_VN_DrawLines.TcPOU,Vision/Drawing/F_VN_DrawLines
Node_F_VN_DrawLinesExp,registered,src/sln/lib/mobject-graph-vision-pack/Nodes/Drawing/Node_F_VN_DrawLinesExp.TcPOU,Vision/Drawing/F_VN_DrawLinesExp
Node_F_VN_DrawMatches,registered,src/sln/lib/mobject-graph-vision-pack/Nodes/Drawing/Node_F_VN_DrawMatches.TcPOU,Vision/Drawing/F_VN_DrawMatches
Node_F_VN_DrawMatchesExp,registered,src/sln/lib/mobject-graph-vision-pack/Nodes/Drawing/Node_F_VN_DrawMatchesExp.TcPOU,Vision/Drawing/F_VN_DrawMatchesExp
Node_F_VN_DrawOrientation,registered,src/sln/lib/mobject-graph-vision-pack/Nodes/Drawing/Node_F_VN_DrawOrientation.TcPOU,Vision/Drawing/F_VN_DrawOrientation
Node_F_VN_DrawOrientationExp,registered,src/sln/lib/mobject-graph-vision-pack/Nodes/Drawing/Node_F_VN_DrawOrientationExp.TcPOU,Vision/Drawing/F_VN_DrawOrientationExp
Node_F_VN_DrawPoint,registered,src/sln/lib/mobject-graph-vision-pack/Nodes/Drawing/Node_F_VN_DrawPoint.TcPOU,Vision/Drawing/F_VN_DrawPoint
Node_F_VN_DrawPointExp,registered,src/sln/lib/mobject-graph-vision-pack/Nodes/Drawing/Node_F_VN_DrawPointExp.TcPOU,Vision/Drawing/F_VN_DrawPointExp
Node_F_VN_DrawPoints,registered,src/sln/lib/mobject-graph-vision-pack/Nodes/Drawing/Node_F_VN_DrawPoints.TcPOU,Vision/Drawing/F_VN_DrawPoints
Node_F_VN_DrawPointsExp,registered,src/sln/lib/mobject-graph-vision-pack/Nodes/Drawing/Node_F_VN_DrawPointsExp.TcPOU,Vision/Drawing/F_VN_DrawPointsExp
Node_F_VN_DrawPolygon,registered,src/sln/lib/mobject-graph-vision-pack/Nodes/Drawing/Node_F_VN_DrawPolygon.TcPOU,Vision/Drawing/F_VN_DrawPolygon
Node_F_VN_DrawPolygonExp,registered,src/sln/lib/mobject-graph-vision-pack/Nodes/Drawing/Node_F_VN_DrawPolygonExp.TcPOU,Vision/Drawing/F_VN_DrawPolygonExp
Node_F_VN_DrawRectangle,registered,src/sln/lib/mobject-graph-vision-pack/Nodes/Drawing/Node_F_VN_DrawRectangle.TcPOU,Vision/Drawing/F_VN_DrawRectangle
Node_F_VN_DrawRectangle_TcVnRectangle_DINT,registered,src/sln/lib/mobject-graph-vision-pack/Nodes/Drawing/Node_F_VN_DrawRectangle_TcVnRectangle_DINT.TcPOU,Vision/Drawing/F_VN_DrawRectangle_TcVnRectangle_DINT
Node_F_VN_DrawRectangle_TcVnRectangle_UDINT,registered,src/sln/lib/mobject-graph-vision-pack/Nodes/Drawing/Node_F_VN_DrawRectangle_TcVnRectangle_UDINT.TcPOU,Vision/Drawing/F_VN_DrawRectangle_TcVnRectangle_UDINT
Node_F_VN_DrawRotatedRectangle,registered,src/sln/lib/mobject-graph-vision-pack/Nodes/Drawing/Node_F_VN_DrawRotatedRectangle.TcPOU,Vision/Drawing/F_VN_DrawRotatedRectangle
Node_F_VN_DrawRotatedRectangleExp,registered,src/sln/lib/mobject-graph-vision-pack/Nodes/Drawing/Node_F_VN_DrawRotatedRectangleExp.TcPOU,Vision/Drawing/F_VN_DrawRotatedRectangleExp
Node_F_VN_FillCircle,registered,src/sln/lib/mobject-graph-vision-pack/Nodes/Drawing/Node_F_VN_FillCircle.TcPOU,Vision/Drawing/F_VN_FillCircle
Node_F_VN_FillContours,registered,src/sln/lib/mobject-graph-vision-pack/Nodes/Drawing/Node_F_VN_FillContours.TcPOU,Vision/Drawing/F_VN_FillContours
Node_F_VN_FillEllipse,registered,src/sln/lib/mobject-graph-vision-pack/Nodes/Drawing/Node_F_VN_FillEllipse.TcPOU,Vision/Drawing/F_VN_FillEllipse
Node_F_VN_FillPolygon,registered,src/sln/lib/mobject-graph-vision-pack/Nodes/Drawing/Node_F_VN_FillPolygon.TcPOU,Vision/Drawing/F_VN_FillPolygon
Node_F_VN_FillRectangle,registered,src/sln/lib/mobject-graph-vision-pack/Nodes/Drawing/Node_F_VN_FillRectangle.TcPOU,Vision/Drawing/F_VN_FillRectangle
Node_F_VN_FillRotatedRectangle,registered,src/sln/lib/mobject-graph-vision-pack/Nodes/Drawing/Node_F_VN_FillRotatedRectangle.TcPOU,Vision/Drawing/F_VN_FillRotatedRectangle
Node_F_VN_PlotIntensityProfile,registered,src/sln/lib/mobject-graph-vision-pack/Nodes/Drawing/Node_F_VN_PlotIntensityProfile.TcPOU,Vision/Drawing/F_VN_PlotIntensityProfile
Node_F_VN_PlotIntensityProfileExp,registered,src/sln/lib/mobject-graph-vision-pack/Nodes/Drawing/Node_F_VN_PlotIntensityProfileExp.TcPOU,Vision/Drawing/F_VN_PlotIntensityProfileExp
Node_F_VN_PutLabel,registered,src/sln/lib/mobject-graph-vision-pack/Nodes/Drawing/Node_F_VN_PutLabel.TcPOU,Vision/Drawing/F_VN_PutLabel
Node_F_VN_PutLabelExp,registered,src/sln/lib/mobject-graph-vision-pack/Nodes/Drawing/Node_F_VN_PutLabelExp.TcPOU,Vision/Drawing/F_VN_PutLabelExp
Node_F_VN_PutText,registered,src/sln/lib/mobject-graph-vision-pack/Nodes/Drawing/Node_F_VN_PutText.TcPOU,Vision/Drawing/F_VN_PutText
Node_F_VN_PutTextExp,registered,src/sln/lib/mobject-graph-vision-pack/Nodes/Drawing/Node_F_VN_PutTextExp.TcPOU,Vision/Drawing/F_VN_PutTextExp
Node_F_VN_CreateBandpassButterworthFilter,registered,src/sln/lib/mobject-graph-vision-pack/Nodes/Fourier Analysis/Node_F_VN_CreateBandpassButterworthFilter.TcPOU,Vision/Fourier Analysis/F_VN_CreateBandpassButterworthFilter
Node_F_VN_CreateBandpassGaussianFilter,registered,src/sln/lib/mobject-graph-vision-pack/Nodes/Fourier Analysis/Node_F_VN_CreateBandpassGaussianFilter.TcPOU,Vision/Fourier Analysis/F_VN_CreateBandpassGaussianFilter
Node_F_VN_CreateBandrejectButterworthFilter,registered,src/sln/lib/mobject-graph-vision-pack/Nodes/Fourier Analysis/Node_F_VN_CreateBandrejectButterworthFilter.TcPOU,Vision/Fourier Analysis/F_VN_CreateBandrejectButterworthFilter
Node_F_VN_CreateBandrejectGaussianFilter,registered,src/sln/lib/mobject-graph-vision-pack/Nodes/Fourier Analysis/Node_F_VN_CreateBandrejectGaussianFilter.TcPOU,Vision/Fourier Analysis/F_VN_CreateBandrejectGaussianFilter
Node_F_VN_CreateHighpassButterworthFilter,registered,src/sln/lib/mobject-graph-vision-pack/Nodes/Fourier Analysis/Node_F_VN_CreateHighpassButterworthFilter.TcPOU,Vision/Fourier Analysis/F_VN_CreateHighpassButterworthFilter
Node_F_VN_CreateHighpassGaussianFilter,registered,src/sln/lib/mobject-graph-vision-pack/Nodes/Fourier Analysis/Node_F_VN_CreateHighpassGaussianFilter.TcPOU,Vision/Fourier Analysis/F_VN_CreateHighpassGaussianFilter
Node_F_VN_CreateLowpassButterworthFilter,registered,src/sln/lib/mobject-graph-vision-pack/Nodes/Fourier Analysis/Node_F_VN_CreateLowpassButterworthFilter.TcPOU,Vision/Fourier Analysis/F_VN_CreateLowpassButterworthFilter
Node_F_VN_CreateLowpassGaussianFilter,registered,src/sln/lib/mobject-graph-vision-pack/Nodes/Fourier Analysis/Node_F_VN_CreateLowpassGaussianFilter.TcPOU,Vision/Fourier Analysis/F_VN_CreateLowpassGaussianFilter
Node_F_VN_Dft,registered,src/sln/lib/mobject-graph-vision-pack/Nodes/Fourier Analysis/Node_F_VN_Dft.TcPOU,Vision/Fourier Analysis/F_VN_Dft
Node_F_VN_InverseDft,registered,src/sln/lib/mobject-graph-vision-pack/Nodes/Fourier Analysis/Node_F_VN_InverseDft.TcPOU,Vision/Fourier Analysis/F_VN_InverseDft
Node_F_VN_OptimalDftSize,registered,src/sln/lib/mobject-graph-vision-pack/Nodes/Fourier Analysis/Node_F_VN_OptimalDftSize.TcPOU,Vision/Fourier Analysis/F_VN_OptimalDftSize
Node_F_VN_CalibrateCamera,registered,src/sln/lib/mobject-graph-vision-pack/Nodes/Geometric and Coord Transform/Calibration/Node_F_VN_CalibrateCamera.TcPOU,Vision/Geometric and Coordinate Transformations/Calibration/F_VN_CalibrateCamera
Node_F_VN_CalibrateCameraPlanar,registered,src/sln/lib/mobject-graph-vision-pack/Nodes/Geometric and Coord Transform/Calibration/Node_F_VN_CalibrateCameraPlanar.TcPOU,Vision/Geometric and Coordinate Transformations/Calibration/F_VN_CalibrateCameraPlanar
Node_F_VN_CompensateLensDistortion,registered,src/sln/lib/mobject-graph-vision-pack/Nodes/Geometric and Coord Transform/Calibration/Node_F_VN_CompensateLensDistortion.TcPOU,Vision/Geometric and Coordinate Transformations/Calibration/F_VN_CompensateLensDistortion
Node_F_VN_CompensateLensDistortionExp1,registered,src/sln/lib/mobject-graph-vision-pack/Nodes/Geometric and Coord Transform/Calibration/Node_F_VN_CompensateLensDistortionExp1.TcPOU,Vision/Geometric and Coordinate Transformations/Calibration/F_VN_CompensateLensDistortionExp1
Node_F_VN_CompensateLensDistortionExp2,registered,src/sln/lib/mobject-graph-vision-pack/Nodes/Geometric and Coord Transform/Calibration/Node_F_VN_CompensateLensDistortionExp2.TcPOU,Vision/Geometric and Coordinate Transformations/Calibration/F_VN_CompensateLensDistortionExp2
Node_F_VN_CompensateLensDistortionForPoints,registered,src/sln/lib/mobject-graph-vision-pack/Nodes/Geometric and Coord Transform/Calibration/Node_F_VN_CompensateLensDistortionForPoints.TcPOU,Vision/Geometric and Coordinate Transformations/Calibration/F_VN_CompensateLensDistortionForPoints
Node_F_VN_CompensateLensDistortionForPointsExp1,registered,src/sln/lib/mobject-graph-vision-pack/Nodes/Geometric and Coord Transform/Calibration/Node_F_VN_CompensateLensDistortionForPointsExp1.TcPOU,Vision/Geometric and Coordinate Transformations/Calibration/F_VN_CompensateLensDistortionForPointsExp1
Node_F_VN_CompensateLensDistortionForPointsExp2,registered,src/sln/lib/mobject-graph-vision-pack/Nodes/Geometric and Coord Transform/Calibration/Node_F_VN_CompensateLensDistortionForPointsExp2.TcPOU,Vision/Geometric and Coordinate Transformations/Calibration/F_VN_CompensateLensDistortionForPointsExp2
Node_F_VN_DetectPatternPoints,registered,src/sln/lib/mobject-graph-vision-pack/Nodes/Geometric and Coord Transform/Calibration/Node_F_VN_DetectPatternPoints.TcPOU,Vision/Geometric and Coordinate Transformations/Calibration/F_VN_DetectPatternPoints
Node_F_VN_GenerateCalibrationPatternReferencePoints,registered,src/sln/lib/mobject-graph-vision-pack/Nodes/Geometric and Coord Transform/Calibration/Node_F_VN_GenerateCalibrationPatternReferencePoints.TcPOU,Vision/Geometric and Coordinate Transformations/Calibration/F_VN_GenerateCalibrationPatternReferencePoints
Node_F_VN_SolvePnP,registered,src/sln/lib/mobject-graph-vision-pack/Nodes/Geometric and Coord Transform/Calibration/Node_F_VN_SolvePnP.TcPOU,Vision/Geometric and Coordinate Transformations/Calibration/F_VN_SolvePnP
Node_F_VN_SolvePnPExp,registered,src/sln/lib/mobject-graph-vision-pack/Nodes/Geometric and Coord Transform/Calibration/Node_F_VN_SolvePnPExp.TcPOU,Vision/Geometric and Coordinate Transformations/Calibration/F_VN_SolvePnPExp
Node_F_VN_SortDetectedPatternPoints,registered,src/sln/lib/mobject-graph-vision-pack/Nodes/Geometric and Coord Transform/Calibration/Node_F_VN_SortDetectedPatternPoints.TcPOU,Vision/Geometric and Coordinate Transformations/Calibration/F_VN_SortDetectedPatternPoints
Node_F_VN_AlignRotatedImageRegion,registered,src/sln/lib/mobject-graph-vision-pack/Nodes/Geometric and Coord Transform/Node_F_VN_AlignRotatedImageRegion.TcPOU,Vision/Geometric and Coordinate Transformations/F_VN_AlignRotatedImageRegion
Node_F_VN_ApplyRotationToAffineTransformation,registered,src/sln/lib/mobject-graph-vision-pack/Nodes/Geometric and Coord Transform/Node_F_VN_ApplyRotationToAffineTransformation.TcPOU,Vision/Geometric and Coordinate Transformations/F_VN_ApplyRotationToAffineTransformation
Node_F_VN_ApplyRotationToAffineTransformationExp,registered,src/sln/lib/mobject-graph-vision-pack/Nodes/Geometric and Coord Transform/Node_F_VN_ApplyRotationToAffineTransformationExp.TcPOU,Vision/Geometric and Coordinate Transformations/F_VN_ApplyRotationToAffineTransformationExp
Node_F_VN_ApplyScalingToAffineTransformation,registered,src/sln/lib/mobject-graph-vision-pack/Nodes/Geometric and Coord Transform/Node_F_VN_ApplyScalingToAffineTransformation.TcPOU,Vision/Geometric and Coordinate Transformations/F_VN_ApplyScalingToAffineTransformation
Node_F_VN_ApplyScalingToAffineTransformationExp,registered,src/sln/lib/mobject-graph-vision-pack/Nodes/Geometric and Coord Transform/Node_F_VN_ApplyScalingToAffineTransformationExp.TcPOU,Vision/Geometric and Coordinate Transformations/F_VN_ApplyScalingToAffineTransformationExp
Node_F_VN_ApplyTranslationToAffineTransformation,registered,src/sln/lib/mobject-graph-vision-pack/Nodes/Geometric and Coord Transform/Node_F_VN_ApplyTranslationToAffineTransformation.TcPOU,Vision/Geometric and Coordinate Transformations/F_VN_ApplyTranslationToAffineTransformation
Node_F_VN_ApplyTranslationToAffineTransformationExp,registered,src/sln/lib/mobject-graph-vision-pack/Nodes/Geometric and Coord Transform/Node_F_VN_ApplyTranslationToAffineTransformationExp.TcPOU,Vision/Geometric and Coordinate Transformations/F_VN_ApplyTranslationToAffineTransformationExp
Node_F_VN_ApplyYAxisInversionToAffineTransformation,registered,src/sln/lib/mobject-graph-vision-pack/Nodes/Geometric and Coord Transform/Node_F_VN_ApplyYAxisInversionToAffineTransformation.TcPOU,Vision/Geometric and Coordinate Transformations/F_VN_ApplyYAxisInversionToAffineTransformation
Node_F_VN_ApplyYAxisInversionToAffineTransformationExp,registered,src/sln/lib/mobject-graph-vision-pack/Nodes/Geometric and Coord Transform/Node_F_VN_ApplyYAxisInversionToAffineTransformationExp.TcPOU,Vision/Geometric and Coordinate Transformations/F_VN_ApplyYAxisInversionToAffineTransformationExp
Node_F_VN_ConvertCartesianToPolarAngles,registered,src/sln/lib/mobject-graph-vision-pack/Nodes/Geometric and Coord Transform/Node_F_VN_ConvertCartesianToPolarAngles.TcPOU,Vision/Geometric and Coordinate Transformations/F_VN_ConvertCartesianToPolarAngles
Node_F_VN_ConvertCartesianToPolarAnglesExp,registered,src/sln/lib/mobject-graph-vision-pack/Nodes/Geometric and Coord Transform/Node_F_VN_ConvertCartesianToPolarAnglesExp.TcPOU,Vision/Geometric and Coordinate Transformations/F_VN_ConvertCartesianToPolarAnglesExp
Node_F_VN_ConvertCartesianToPolarMagnitudes,registered,src/sln/lib/mobject-graph-vision-pack/Nodes/Geometric and Coord Transform/Node_F_VN_ConvertCartesianToPolarMagnitudes.TcPOU,Vision/Geometric and Coordinate Transformations/F_VN_ConvertCartesianToPolarMagnitudes
Node_F_VN_ConvertCartesianToPolarPoints,registered,src/sln/lib/mobject-graph-vision-pack/Nodes/Geometric and Coord Transform/Node_F_VN_ConvertCartesianToPolarPoints.TcPOU,Vision/Geometric and Coordinate Transformations/F_VN_ConvertCartesianToPolarPoints
Node_F_VN_ConvertCartesianToPolarPointsExp,registered,src/sln/lib/mobject-graph-vision-pack/Nodes/Geometric and Coord Transform/Node_F_VN_ConvertCartesianToPolarPointsExp.TcPOU,Vision/Geometric and Coordinate Transformations/F_VN_ConvertCartesianToPolarPointsExp
Node_F_VN_ConvertPolarToCartesianPoints,registered,src/sln/lib/mobject-graph-vision-pack/Nodes/Geometric and Coord Transform/Node_F_VN_ConvertPolarToCartesianPoints.TcPOU,Vision/Geometric and Coordinate Transformations/F_VN_ConvertPolarToCartesianPoints
Node_F_VN_ConvertPolarToCartesianPointsExp,registered,src/sln/lib/mobject-graph-vision-pack/Nodes/Geometric and Coord Transform/Node_F_VN_ConvertPolarToCartesianPointsExp.TcPOU,Vision/Geometric and Coordinate Transformations/F_VN_ConvertPolarToCartesianPointsExp
Node_F_VN_DecomposeAffineTransformation,registered,src/sln/lib/mobject-graph-vision-pack/Nodes/Geometric and Coord Transform/Node_F_VN_DecomposeAffineTransformation.TcPOU,Vision/Geometric and Coordinate Transformations/F_VN_DecomposeAffineTransformation
Node_F_VN_DecomposeAffineTransformationExp,registered,src/sln/lib/mobject-graph-vision-pack/Nodes/Geometric and Coord Transform/Node_F_VN_DecomposeAffineTransformationExp.TcPOU,Vision/Geometric and Coordinate Transformations/F_VN_DecomposeAffineTransformationExp
Node_F_VN_FlipImage,registered,src/sln/lib/mobject-graph-vision-pack/Nodes/Geometric and Coord Transform/Node_F_VN_FlipImage.TcPOU,Vision/Geometric and Coordinate Transformations/F_VN_FlipImage
Node_F_VN_GenerateAffineTransformationUnitMatrix2D,registered,src/sln/lib/mobject-graph-vision-pack/Nodes/Geometric and Coord Transform/Node_F_VN_GenerateAffineTransformationUnitMatrix2D.TcPOU,Vision/Geometric and Coordinate Transformations/F_VN_GenerateAffineTransformationUnitMatrix2D
Node_F_VN_GetAffineTransformation,registered,src/sln/lib/mobject-graph-vision-pack/Nodes/Geometric and Coord Transform/Node_F_VN_GetAffineTransformation.TcPOU,Vision/Geometric and Coordinate Transformations/F_VN_GetAffineTransformation
Node_F_VN_GetAffineTransformation2D,registered,src/sln/lib/mobject-graph-vision-pack/Nodes/Geometric and Coord Transform/Node_F_VN_GetAffineTransformation2D.TcPOU,Vision/Geometric and Coordinate Transformations/F_VN_GetAffineTransformation2D
Node_F_VN_GetPerspectiveTransformation,registered,src/sln/lib/mobject-graph-vision-pack/Nodes/Geometric and Coord Transform/Node_F_VN_GetPerspectiveTransformation.TcPOU,Vision/Geometric and Coordinate Transformations/F_VN_GetPerspectiveTransformation
Node_F_VN_Homography,registered,src/sln/lib/mobject-graph-vision-pack/Nodes/Geometric and Coord Transform/Node_F_VN_Homography.TcPOU,Vision/Geometric and Coordinate Transformations/F_VN_Homography
Node_F_VN_HomographyExp,registered,src/sln/lib/mobject-graph-vision-pack/Nodes/Geometric and Coord Transform/Node_F_VN_HomographyExp.TcPOU,Vision/Geometric and Coordinate Transformations/F_VN_HomographyExp
Node_F_VN_InvertAffineTransformation,registered,src/sln/lib/mobject-graph-vision-pack/Nodes/Geometric and Coord Transform/Node_F_VN_InvertAffineTransformation.TcPOU,Vision/Geometric and Coordinate Transformations/F_VN_InvertAffineTransformation
Node_F_VN_PerspectiveTransformation,registered,src/sln/lib/mobject-graph-vision-pack/Nodes/Geometric and Coord Transform/Node_F_VN_PerspectiveTransformation.TcPOU,Vision/Geometric and Coordinate Transformations/F_VN_PerspectiveTransformation
Node_F_VN_PyramidDown,registered,src/sln/lib/mobject-graph-vision-pack/Nodes/Geometric and Coord Transform/Node_F_VN_PyramidDown.TcPOU,Vision/Geometric and Coordinate Transformations/F_VN_PyramidDown
Node_F_VN_PyramidUp,registered,src/sln/lib/mobject-graph-vision-pack/Nodes/Geometric and Coord Transform/Node_F_VN_PyramidUp.TcPOU,Vision/Geometric and Coordinate Transformations/F_VN_PyramidUp
Node_F_VN_RemapImageToLogPolarSpace,registered,src/sln/lib/mobject-graph-vision-pack/Nodes/Geometric and Coord Transform/Node_F_VN_RemapImageToLogPolarSpace.TcPOU,Vision/Geometric and Coordinate Transformations/F_VN_RemapImageToLogPolarSpace
Node_F_VN_RemapImageToPolarSpace,registered,src/sln/lib/mobject-graph-vision-pack/Nodes/Geometric and Coord Transform/Node_F_VN_RemapImageToPolarSpace.TcPOU,Vision/Geometric and Coordinate Transformations/F_VN_RemapImageToPolarSpace
Node_F_VN_ResizeImage,registered,src/sln/lib/mobject-graph-vision-pack/Nodes/Geometric and Coord Transform/Node_F_VN_ResizeImage.TcPOU,Vision/Geometric and Coordinate Transformations/F_VN_ResizeImage
Node_F_VN_ResizeImageExp,registered,src/sln/lib/mobject-graph-vision-pack/Nodes/Geometric and Coord Transform/Node_F_VN_ResizeImageExp.TcPOU,Vision/Geometric and Coordinate Transformations/F_VN_ResizeImageExp
Node_F_VN_ResizeRegion_TcVnRectangle_DINT,registered,src/sln/lib/mobject-graph-vision-pack/Nodes/Geometric and Coord Transform/Node_F_VN_ResizeRegion_TcVnRectangle_DINT.TcPOU,Vision/Geometric and Coordinate Transformations/F_VN_ResizeRegion_TcVnRectangle_DINT
Node_F_VN_RotateImage,registered,src/sln/lib/mobject-graph-vision-pack/Nodes/Geometric and Coord Transform/Node_F_VN_RotateImage.TcPOU,Vision/Geometric and Coordinate Transformations/F_VN_RotateImage
Node_F_VN_RotateImageExp,registered,src/sln/lib/mobject-graph-vision-pack/Nodes/Geometric and Coord Transform/Node_F_VN_RotateImageExp.TcPOU,Vision/Geometric and Coordinate Transformations/F_VN_RotateImageExp
Node_F_VN_RotateImageExp2,registered,src/sln/lib/mobject-graph-vision-pack/Nodes/Geometric and Coord Transform/Node_F_VN_RotateImageExp2.TcPOU,Vision/Geometric and Coordinate Transformations/F_VN_RotateImageExp2
Node_F_VN_WarpAffine,registered,src/sln/lib/mobject-graph-vision-pack/Nodes/Geometric and Coord Transform/Node_F_VN_WarpAffine.TcPOU,Vision/Geometric and Coordinate Transformations/F_VN_WarpAffine
Node_F_VN_WarpAffineExp,registered,src/sln/lib/mobject-graph-vision-pack/Nodes/Geometric and Coord Transform/Node_F_VN_WarpAffineExp.TcPOU,Vision/Geometric and Coordinate Transformations/F_VN_WarpAffineExp
Node_F_VN_WarpAffine_Container,registered,src/sln/lib/mobject-graph-vision-pack/Nodes/Geometric and Coord Transform/Node_F_VN_WarpAffine_Container.TcPOU,Vision/Geometric and Coordinate Transformations/F_VN_WarpAffine_Container
Node_F_VN_WarpAffine_Point,registered,src/sln/lib/mobject-graph-vision-pack/Nodes/Geometric and Coord Transform/Node_F_VN_WarpAffine_Point.TcPOU,Vision/Geometric and Coordinate Transformations/F_VN_WarpAffine_Point
Node_F_VN_WarpAffine_Rectangle,registered,src/sln/lib/mobject-graph-vision-pack/Nodes/Geometric and Coord Transform/Node_F_VN_WarpAffine_Rectangle.TcPOU,Vision/Geometric and Coordinate Transformations/F_VN_WarpAffine_Rectangle
Node_F_VN_WarpPerspective,registered,src/sln/lib/mobject-graph-vision-pack/Nodes/Geometric and Coord Transform/Node_F_VN_WarpPerspective.TcPOU,Vision/Geometric and Coordinate Transformations/F_VN_WarpPerspective
Node_F_VN_WarpPerspectiveExp,registered,src/sln/lib/mobject-graph-vision-pack/Nodes/Geometric and Coord Transform/Node_F_VN_WarpPerspectiveExp.TcPOU,Vision/Geometric and Coordinate Transformations/F_VN_WarpPerspectiveExp
Node_F_VN_WarpPerspective_Container,registered,src/sln/lib/mobject-graph-vision-pack/Nodes/Geometric and Coord Transform/Node_F_VN_WarpPerspective_Container.TcPOU,Vision/Geometric and Coordinate Transformations/F_VN_WarpPerspective_Container
Node_F_VN_WarpPerspective_Point,registered,src/sln/lib/mobject-graph-vision-pack/Nodes/Geometric and Coord Transform/Node_F_VN_WarpPerspective_Point.TcPOU,Vision/Geometric and Coordinate Transformations/F_VN_WarpPerspective_Point
Node_F_VN_WarpPerspective_Rectangle,registered,src/sln/lib/mobject-graph-vision-pack/Nodes/Geometric and Coord Transform/Node_F_VN_WarpPerspective_Rectangle.TcPOU,Vision/Geometric and Coordinate Transformations/F_VN_WarpPerspective_Rectangle
Node_Mux10Way_ITcVnImage,registered,src/sln/lib/mobject-graph-vision-pack/Nodes/Helpers/Node_Mux10Way_ITcVnImage.TcPOU,Vision/Helpers/Mux10Way_ITcVnImage
Node_F_VN_CannyEdgeDetection,registered,src/sln/lib/mobject-graph-vision-pack/Nodes/Image Analysis/Node_F_VN_CannyEdgeDetection.TcPOU,Vision/Image Analysis/F_VN_CannyEdgeDetection
Node_F_VN_CannyEdgeDetectionExp,registered,src/sln/lib/mobject-graph-vision-pack/Nodes/Image Analysis/Node_F_VN_CannyEdgeDetectionExp.TcPOU,Vision/Image Analysis/F_VN_CannyEdgeDetectionExp
Node_F_VN_ConnectedComponents,registered,src/sln/lib/mobject-graph-vision-pack/Nodes/Image Analysis/Node_F_VN_ConnectedComponents.TcPOU,Vision/Image Analysis/F_VN_ConnectedComponents
Node_F_VN_ConnectedComponentsExp,registered,src/sln/lib/mobject-graph-vision-pack/Nodes/Image Analysis/Node_F_VN_ConnectedComponentsExp.TcPOU,Vision/Image Analysis/F_VN_ConnectedComponentsExp
Node_F_VN_ConnectedComponentsWithStats,registered,src/sln/lib/mobject-graph-vision-pack/Nodes/Image Analysis/Node_F_VN_ConnectedComponentsWithStats.TcPOU,Vision/Image Analysis/F_VN_ConnectedComponentsWithStats
Node_F_VN_ConnectedComponentsWithStatsExp,registered,src/sln/lib/mobject-graph-vision-pack/Nodes/Image Analysis/Node_F_VN_ConnectedComponentsWithStatsExp.TcPOU,Vision/Image Analysis/F_VN_ConnectedComponentsWithStatsExp
Node_F_VN_CountNonZeroPixels,registered,src/sln/lib/mobject-graph-vision-pack/Nodes/Image Analysis/Node_F_VN_CountNonZeroPixels.TcPOU,Vision/Image Analysis/F_VN_CountNonZeroPixels
Node_F_VN_DistanceTransformation,registered,src/sln/lib/mobject-graph-vision-pack/Nodes/Image Analysis/Node_F_VN_DistanceTransformation.TcPOU,Vision/Image Analysis/F_VN_DistanceTransformation
Node_F_VN_DistanceTransformationExp,registered,src/sln/lib/mobject-graph-vision-pack/Nodes/Image Analysis/Node_F_VN_DistanceTransformationExp.TcPOU,Vision/Image Analysis/F_VN_DistanceTransformationExp
Node_F_VN_GetConnectedComponent,registered,src/sln/lib/mobject-graph-vision-pack/Nodes/Image Analysis/Node_F_VN_GetConnectedComponent.TcPOU,Vision/Image Analysis/F_VN_GetConnectedComponent
Node_F_VN_GetConnectedComponentExp,registered,src/sln/lib/mobject-graph-vision-pack/Nodes/Image Analysis/Node_F_VN_GetConnectedComponentExp.TcPOU,Vision/Image Analysis/F_VN_GetConnectedComponentExp
Node_F_VN_ImageAbsoluteAverage,registered,src/sln/lib/mobject-graph-vision-pack/Nodes/Image Analysis/Node_F_VN_ImageAbsoluteAverage.TcPOU,Vision/Image Analysis/F_VN_ImageAbsoluteAverage
Node_F_VN_ImageAverage,registered,src/sln/lib/mobject-graph-vision-pack/Nodes/Image Analysis/Node_F_VN_ImageAverage.TcPOU,Vision/Image Analysis/F_VN_ImageAverage
Node_F_VN_ImageAverageExp,registered,src/sln/lib/mobject-graph-vision-pack/Nodes/Image Analysis/Node_F_VN_ImageAverageExp.TcPOU,Vision/Image Analysis/F_VN_ImageAverageExp
Node_F_VN_ImageAverageStdDev,registered,src/sln/lib/mobject-graph-vision-pack/Nodes/Image Analysis/Node_F_VN_ImageAverageStdDev.TcPOU,Vision/Image Analysis/F_VN_ImageAverageStdDev
Node_F_VN_ImageAverageStdDevExp,registered,src/sln/lib/mobject-graph-vision-pack/Nodes/Image Analysis/Node_F_VN_ImageAverageStdDevExp.TcPOU,Vision/Image Analysis/F_VN_ImageAverageStdDevExp
Node_F_VN_ImageCenterOfMass,registered,src/sln/lib/mobject-graph-vision-pack/Nodes/Image Analysis/Node_F_VN_ImageCenterOfMass.TcPOU,Vision/Image Analysis/F_VN_ImageCenterOfMass
Node_F_VN_ImageCenterOfMassExp,registered,src/sln/lib/mobject-graph-vision-pack/Nodes/Image Analysis/Node_F_VN_ImageCenterOfMassExp.TcPOU,Vision/Image Analysis/F_VN_ImageCenterOfMassExp
Node_F_VN_ImageMedian,registered,src/sln/lib/mobject-graph-vision-pack/Nodes/Image Analysis/Node_F_VN_ImageMedian.TcPOU,Vision/Image Analysis/F_VN_ImageMedian
Node_F_VN_ImageMedianExp,registered,src/sln/lib/mobject-graph-vision-pack/Nodes/Image Analysis/Node_F_VN_ImageMedianExp.TcPOU,Vision/Image Analysis/F_VN_ImageMedianExp
Node_F_VN_ImageMoments,registered,src/sln/lib/mobject-graph-vision-pack/Nodes/Image Analysis/Node_F_VN_ImageMoments.TcPOU,Vision/Image Analysis/F_VN_ImageMoments
Node_F_VN_MaxPixelValue,registered,src/sln/lib/mobject-graph-vision-pack/Nodes/Image Analysis/Node_F_VN_MaxPixelValue.TcPOU,Vision/Image Analysis/F_VN_MaxPixelValue
Node_F_VN_MaxPixelValueExp,registered,src/sln/lib/mobject-graph-vision-pack/Nodes/Image Analysis/Node_F_VN_MaxPixelValueExp.TcPOU,Vision/Image Analysis/F_VN_MaxPixelValueExp
Node_F_VN_MinPixelValue,registered,src/sln/lib/mobject-graph-vision-pack/Nodes/Image Analysis/Node_F_VN_MinPixelValue.TcPOU,Vision/Image Analysis/F_VN_MinPixelValue
Node_F_VN_MinPixelValueExp,registered,src/sln/lib/mobject-graph-vision-pack/Nodes/Image Analysis/Node_F_VN_MinPixelValueExp.TcPOU,Vision/Image Analysis/F_VN_MinPixelValueExp
Node_F_VN_RegionOrientation,registered,src/sln/lib/mobject-graph-vision-pack/Nodes/Image Analysis/Node_F_VN_RegionOrientation.TcPOU,Vision/Image Analysis/F_VN_RegionOrientation
Node_F_VN_RegionOrientationExp,registered,src/sln/lib/mobject-graph-vision-pack/Nodes/Image Analysis/Node_F_VN_RegionOrientationExp.TcPOU,Vision/Image Analysis/F_VN_RegionOrientationExp
Node_F_VN_UprightInnerRectangle,registered,src/sln/lib/mobject-graph-vision-pack/Nodes/Image Analysis/Node_F_VN_UprightInnerRectangle.TcPOU,Vision/Image Analysis/F_VN_UprightInnerRectangle
Node_F_VN_UprightInnerRectangleExp,registered,src/sln/lib/mobject-graph-vision-pack/Nodes/Image Analysis/Node_F_VN_UprightInnerRectangleExp.TcPOU,Vision/Image Analysis/F_VN_UprightInnerRectangleExp
Node_F_VN_DetectBlobs,registered,src/sln/lib/mobject-graph-vision-pack/Nodes/Image Analysis/Object Detection/Node_F_VN_DetectBlobs.TcPOU,Vision/Image Analysis/Object Detection/F_VN_DetectBlobs
Node_F_VN_DetectBlobsExp,registered,src/sln/lib/mobject-graph-vision-pack/Nodes/Image Analysis/Object Detection/Node_F_VN_DetectBlobsExp.TcPOU,Vision/Image Analysis/Object Detection/F_VN_DetectBlobsExp
Node_F_VN_FindContourHierarchyExp,registered,src/sln/lib/mobject-graph-vision-pack/Nodes/Image Analysis/Object Detection/Node_F_VN_FindContourHierarchyExp.TcPOU,Vision/Image Analysis/Object Detection/F_VN_FindContourHierarchyExp
Node_F_VN_FindContours,registered,src/sln/lib/mobject-graph-vision-pack/Nodes/Image Analysis/Object Detection/Node_F_VN_FindContours.TcPOU,Vision/Image Analysis/Object Detection/F_VN_FindContours
Node_F_VN_FindContoursExp,registered,src/sln/lib/mobject-graph-vision-pack/Nodes/Image Analysis/Object Detection/Node_F_VN_FindContoursExp.TcPOU,Vision/Image Analysis/Object Detection/F_VN_FindContoursExp
Node_F_VN_FindRois,registered,src/sln/lib/mobject-graph-vision-pack/Nodes/Image Analysis/Object Detection/Node_F_VN_FindRois.TcPOU,Vision/Image Analysis/Object Detection/F_VN_FindRois
Node_F_VN_FindTemplateWalsh,registered,src/sln/lib/mobject-graph-vision-pack/Nodes/Image Analysis/Object Detection/Node_F_VN_FindTemplateWalsh.TcPOU,Vision/Image Analysis/Object Detection/F_VN_FindTemplateWalsh
Node_F_VN_FindTemplateWalshExp,registered,src/sln/lib/mobject-graph-vision-pack/Nodes/Image Analysis/Object Detection/Node_F_VN_FindTemplateWalshExp.TcPOU,Vision/Image Analysis/Object Detection/F_VN_FindTemplateWalshExp
Node_F_VN_FindTemplateWalshExp_AngleRange,registered,src/sln/lib/mobject-graph-vision-pack/Nodes/Image Analysis/Object Detection/Node_F_VN_FindTemplateWalshExp_AngleRange.TcPOU,Vision/Image Analysis/Object Detection/F_VN_FindTemplateWalshExp_AngleRange
Node_F_VN_FindTemplateWalsh_AngleRange,registered,src/sln/lib/mobject-graph-vision-pack/Nodes/Image Analysis/Object Detection/Node_F_VN_FindTemplateWalsh_AngleRange.TcPOU,Vision/Image Analysis/Object Detection/F_VN_FindTemplateWalsh_AngleRange
Node_F_VN_HoughCircles,registered,src/sln/lib/mobject-graph-vision-pack/Nodes/Image Analysis/Object Detection/Node_F_VN_HoughCircles.TcPOU,Vision/Image Analysis/Object Detection/F_VN_HoughCircles
Node_F_VN_HoughCirclesExp,registered,src/sln/lib/mobject-graph-vision-pack/Nodes/Image Analysis/Object Detection/Node_F_VN_HoughCirclesExp.TcPOU,Vision/Image Analysis/Object Detection/F_VN_HoughCirclesExp
Node_F_VN_HoughLines,registered,src/sln/lib/mobject-graph-vision-pack/Nodes/Image Analysis/Object Detection/Node_F_VN_HoughLines.TcPOU,Vision/Image Analysis/Object Detection/F_VN_HoughLines
Node_F_VN_HoughLinesP,registered,src/sln/lib/mobject-graph-vision-pack/Nodes/Image Analysis/Object Detection/Node_F_VN_HoughLinesP.TcPOU,Vision/Image Analysis/Object Detection/F_VN_HoughLinesP
Node_F_VN_HoughLinesPExp,registered,src/sln/lib/mobject-graph-vision-pack/Nodes/Image Analysis/Object Detection/Node_F_VN_HoughLinesPExp.TcPOU,Vision/Image Analysis/Object Detection/F_VN_HoughLinesPExp
Node_F_VN_MatchImageHuMoments,registered,src/sln/lib/mobject-graph-vision-pack/Nodes/Image Analysis/Object Detection/Node_F_VN_MatchImageHuMoments.TcPOU,Vision/Image Analysis/Object Detection/F_VN_MatchImageHuMoments
Node_F_VN_MatchTemplate,registered,src/sln/lib/mobject-graph-vision-pack/Nodes/Image Analysis/Object Detection/Node_F_VN_MatchTemplate.TcPOU,Vision/Image Analysis/Object Detection/F_VN_MatchTemplate
Node_F_VN_MatchTemplateAndEvaluate,registered,src/sln/lib/mobject-graph-vision-pack/Nodes/Image Analysis/Object Detection/Node_F_VN_MatchTemplateAndEvaluate.TcPOU,Vision/Image Analysis/Object Detection/F_VN_MatchTemplateAndEvaluate
Node_F_VN_MatchTemplateAndEvaluateExp,registered,src/sln/lib/mobject-graph-vision-pack/Nodes/Image Analysis/Object Detection/Node_F_VN_MatchTemplateAndEvaluateExp.TcPOU,Vision/Image Analysis/Object Detection/F_VN_MatchTemplateAndEvaluateExp
Node_F_VN_MatchTemplateExp,registered,src/sln/lib/mobject-graph-vision-pack/Nodes/Image Analysis/Object Detection/Node_F_VN_MatchTemplateExp.TcPOU,Vision/Image Analysis/Object Detection/F_VN_MatchTemplateExp
Node_F_VN_MatchTemplateWalsh,registered,src/sln/lib/mobject-graph-vision-pack/Nodes/Image Analysis/Object Detection/Node_F_VN_MatchTemplateWalsh.TcPOU,Vision/Image Analysis/Object Detection/F_VN_MatchTemplateWalsh
Node_F_VN_MatchTemplateWalshExp,registered,src/sln/lib/mobject-graph-vision-pack/Nodes/Image Analysis/Object Detection/Node_F_VN_MatchTemplateWalshExp.TcPOU,Vision/Image Analysis/Object Detection/F_VN_MatchTemplateWalshExp
Node_F_VN_MergeRegions,registered,src/sln/lib/mobject-graph-vision-pack/Nodes/Image Analysis/Object Detection/Node_F_VN_MergeRegions.TcPOU,Vision/Image Analysis/Object Detection/F_VN_MergeRegions
Node_F_VN_SalientFeatures,registered,src/sln/lib/mobject-graph-vision-pack/Nodes/Image Analysis/Object Detection/Node_F_VN_SalientFeatures.TcPOU,Vision/Image Analysis/Object Detection/F_VN_SalientFeatures
Node_F_VN_ApplyColorMap,registered,src/sln/lib/mobject-graph-vision-pack/Nodes/Image Color and Contrast Processing/Node_F_VN_ApplyColorMap.TcPOU,Vision/Image Color and Contrast Processing/F_VN_ApplyColorMap
Node_F_VN_Clahe,registered,src/sln/lib/mobject-graph-vision-pack/Nodes/Image Color and Contrast Processing/Node_F_VN_Clahe.TcPOU,Vision/Image Color and Contrast Processing/F_VN_Clahe
Node_F_VN_ClaheExp,registered,src/sln/lib/mobject-graph-vision-pack/Nodes/Image Color and Contrast Processing/Node_F_VN_ClaheExp.TcPOU,Vision/Image Color and Contrast Processing/F_VN_ClaheExp
Node_F_VN_ConvertColorSpace,registered,src/sln/lib/mobject-graph-vision-pack/Nodes/Image Color and Contrast Processing/Node_F_VN_ConvertColorSpace.TcPOU,Vision/Image Color and Contrast Processing/F_VN_ConvertColorSpace
Node_F_VN_GenerateColorMap,registered,src/sln/lib/mobject-graph-vision-pack/Nodes/Image Color and Contrast Processing/Node_F_VN_GenerateColorMap.TcPOU,Vision/Image Color and Contrast Processing/F_VN_GenerateColorMap
Node_F_VN_GenerateCustomColorMap,registered,src/sln/lib/mobject-graph-vision-pack/Nodes/Image Color and Contrast Processing/Node_F_VN_GenerateCustomColorMap.TcPOU,Vision/Image Color and Contrast Processing/F_VN_GenerateCustomColorMap
Node_F_VN_Histogram,registered,src/sln/lib/mobject-graph-vision-pack/Nodes/Image Color and Contrast Processing/Node_F_VN_Histogram.TcPOU,Vision/Image Color and Contrast Processing/F_VN_Histogram
Node_F_VN_HistogramEqualization,registered,src/sln/lib/mobject-graph-vision-pack/Nodes/Image Color and Contrast Processing/Node_F_VN_HistogramEqualization.TcPOU,Vision/Image Color and Contrast Processing/F_VN_HistogramEqualization
Node_F_VN_HistogramEqualizationExp,registered,src/sln/lib/mobject-graph-vision-pack/Nodes/Image Color and Contrast Processing/Node_F_VN_HistogramEqualizationExp.TcPOU,Vision/Image Color and Contrast Processing/F_VN_HistogramEqualizationExp
Node_F_VN_HistogramExp,registered,src/sln/lib/mobject-graph-vision-pack/Nodes/Image Color and Contrast Processing/Node_F_VN_HistogramExp.TcPOU,Vision/Image Color and Contrast Processing/F_VN_HistogramExp
Node_F_VN_InvertImageColor,registered,src/sln/lib/mobject-graph-vision-pack/Nodes/Image Color and Contrast Processing/Node_F_VN_InvertImageColor.TcPOU,Vision/Image Color and Contrast Processing/F_VN_InvertImageColor
Node_F_VN_InvertImageColorExp,registered,src/sln/lib/mobject-graph-vision-pack/Nodes/Image Color and Contrast Processing/Node_F_VN_InvertImageColorExp.TcPOU,Vision/Image Color and Contrast Processing/F_VN_InvertImageColorExp
Node_F_VN_NormalizeImage,registered,src/sln/lib/mobject-graph-vision-pack/Nodes/Image Color and Contrast Processing/Node_F_VN_NormalizeImage.TcPOU,Vision/Image Color and Contrast Processing/F_VN_NormalizeImage
Node_F_VN_NormalizeImageExp,registered,src/sln/lib/mobject-graph-vision-pack/Nodes/Image Color and Contrast Processing/Node_F_VN_NormalizeImageExp.TcPOU,Vision/Image Color and Contrast Processing/F_VN_NormalizeImageExp
Node_F_VN_NormalizeImageForDisplay,registered,src/sln/lib/mobject-graph-vision-pack/Nodes/Image Color and Contrast Processing/Node_F_VN_NormalizeImageForDisplay.TcPOU,Vision/Image Color and Contrast Processing/F_VN_NormalizeImageForDisplay
Node_F_VN_ReferenceColorSimilarityExp_TcVnVector3_LREAL,registered,src/sln/lib/mobject-graph-vision-pack/Nodes/Image Color and Contrast Processing/Node_F_VN_ReferenceColorSimilarityExp_TcVnVector3_LREAL.TcPOU,Vision/Image Color and Contrast Processing/F_VN_ReferenceColorSimilarityExp_TcVnVector3_LREAL
Node_F_VN_ReferenceColorSimilarity_TcVnVector3_LREAL,registered,src/sln/lib/mobject-graph-vision-pack/Nodes/Image Color and Contrast Processing/Node_F_VN_ReferenceColorSimilarity_TcVnVector3_LREAL.TcPOU,Vision/Image Color and Contrast Processing/F_VN_ReferenceColorSimilarity_TcVnVector3_LREAL
Node_F_VN_WhiteBalance,registered,src/sln/lib/mobject-graph-vision-pack/Nodes/Image Color and Contrast Processing/Node_F_VN_WhiteBalance.TcPOU,Vision/Image Color and Contrast Processing/F_VN_WhiteBalance
Node_F_VN_BilateralFilter,registered,src/sln/lib/mobject-graph-vision-pack/Nodes/Image Filtering/Node_F_VN_BilateralFilter.TcPOU,Vision/Image Filtering/F_VN_BilateralFilter
Node_F_VN_BilateralFilterExp,registered,src/sln/lib/mobject-graph-vision-pack/Nodes/Image Filtering/Node_F_VN_BilateralFilterExp.TcPOU,Vision/Image Filtering/F_VN_BilateralFilterExp
Node_F_VN_BoxFilter,registered,src/sln/lib/mobject-graph-vision-pack/Nodes/Image Filtering/Node_F_VN_BoxFilter.TcPOU,Vision/Image Filtering/F_VN_BoxFilter
Node_F_VN_BoxFilterExp,registered,src/sln/lib/mobject-graph-vision-pack/Nodes/Image Filtering/Node_F_VN_BoxFilterExp.TcPOU,Vision/Image Filtering/F_VN_BoxFilterExp
Node_F_VN_BrightBorderObjects,registered,src/sln/lib/mobject-graph-vision-pack/Nodes/Image Filtering/Node_F_VN_BrightBorderObjects.TcPOU,Vision/Image Filtering/F_VN_BrightBorderObjects
Node_F_VN_CreateStructuringElement,registered,src/sln/lib/mobject-graph-vision-pack/Nodes/Image Filtering/Node_F_VN_CreateStructuringElement.TcPOU,Vision/Image Filtering/F_VN_CreateStructuringElement
Node_F_VN_DarkBorderObjects,registered,src/sln/lib/mobject-graph-vision-pack/Nodes/Image Filtering/Node_F_VN_DarkBorderObjects.TcPOU,Vision/Image Filtering/F_VN_DarkBorderObjects
Node_F_VN_FillHoles,registered,src/sln/lib/mobject-graph-vision-pack/Nodes/Image Filtering/Node_F_VN_FillHoles.TcPOU,Vision/Image Filtering/F_VN_FillHoles
Node_F_VN_GaussianFilter,registered,src/sln/lib/mobject-graph-vision-pack/Nodes/Image Filtering/Node_F_VN_GaussianFilter.TcPOU,Vision/Image Filtering/F_VN_GaussianFilter
Node_F_VN_GaussianFilterExp,registered,src/sln/lib/mobject-graph-vision-pack/Nodes/Image Filtering/Node_F_VN_GaussianFilterExp.TcPOU,Vision/Image Filtering/F_VN_GaussianFilterExp
Node_F_VN_LaplacianFilter,registered,src/sln/lib/mobject-graph-vision-pack/Nodes/Image Filtering/Node_F_VN_LaplacianFilter.TcPOU,Vision/Image Filtering/F_VN_LaplacianFilter
Node_F_VN_LaplacianFilterExp,registered,src/sln/lib/mobject-graph-vision-pack/Nodes/Image Filtering/Node_F_VN_LaplacianFilterExp.TcPOU,Vision/Image Filtering/F_VN_LaplacianFilterExp
Node_F_VN_LocalMaxima,registered,src/sln/lib/mobject-graph-vision-pack/Nodes/Image Filtering/Node_F_VN_LocalMaxima.TcPOU,Vision/Image Filtering/F_VN_LocalMaxima
Node_F_VN_LocalMinima,registered,src/sln/lib/mobject-graph-vision-pack/Nodes/Image Filtering/Node_F_VN_LocalMinima.TcPOU,Vision/Image Filtering/F_VN_LocalMinima
Node_F_VN_MedianFilter,registered,src/sln/lib/mobject-graph-vision-pack/Nodes/Image Filtering/Node_F_VN_MedianFilter.TcPOU,Vision/Image Filtering/F_VN_MedianFilter
Node_F_VN_MorphologicalOperator,registered,src/sln/lib/mobject-graph-vision-pack/Nodes/Image Filtering/Node_F_VN_MorphologicalOperator.TcPOU,Vision/Image Filtering/F_VN_MorphologicalOperator
Node_F_VN_RemoveLocalMaxima,registered,src/sln/lib/mobject-graph-vision-pack/Nodes/Image Filtering/Node_F_VN_RemoveLocalMaxima.TcPOU,Vision/Image Filtering/F_VN_RemoveLocalMaxima
Node_F_VN_RemoveLocalMinima,registered,src/sln/lib/mobject-graph-vision-pack/Nodes/Image Filtering/Node_F_VN_RemoveLocalMinima.TcPOU,Vision/Image Filtering/F_VN_RemoveLocalMinima
Node_F_VN_ScharrFilter,registered,src/sln/lib/mobject-graph-vision-pack/Nodes/Image Filtering/Node_F_VN_ScharrFilter.TcPOU,Vision/Image Filtering/F_VN_ScharrFilter
Node_F_VN_ScharrFilterExp,registered,src/sln/lib/mobject-graph-vision-pack/Nodes/Image Filtering/Node_F_VN_ScharrFilterExp.TcPOU,Vision/Image Filtering/F_VN_ScharrFilterExp
Node_F_VN_SobelFilter,registered,src/sln/lib/mobject-graph-vision-pack/Nodes/Image Filtering/Node_F_VN_SobelFilter.TcPOU,Vision/Image Filtering/F_VN_SobelFilter
Node_F_VN_SobelFilterExp,registered,src/sln/lib/mobject-graph-vision-pack/Nodes/Image Filtering/Node_F_VN_SobelFilterExp.TcPOU,Vision/Image Filtering/F_VN_SobelFilterExp
Node_F_VN_VarianceFilter,registered,src/sln/lib/mobject-graph-vision-pack/Nodes/Image Filtering/Node_F_VN_VarianceFilter.TcPOU,Vision/Image Filtering/F_VN_VarianceFilter
Node_F_VN_VarianceFilterExp,registered,src/sln/lib/mobject-graph-vision-pack/Nodes/Image Filtering/Node_F_VN_VarianceFilterExp.TcPOU,Vision/Image Filtering/F_VN_VarianceFilterExp
Node_F_VN_AdaptiveThreshold,registered,src/sln/lib/mobject-graph-vision-pack/Nodes/Image Segmentation/Node_F_VN_AdaptiveThreshold.TcPOU,Vision/Image Segmentation/F_VN_AdaptiveThreshold
Node_F_VN_AdaptiveThresholdExp,registered,src/sln/lib/mobject-graph-vision-pack/Nodes/Image Segmentation/Node_F_VN_AdaptiveThresholdExp.TcPOU,Vision/Image Segmentation/F_VN_AdaptiveThresholdExp
Node_F_VN_CheckColorRange,registered,src/sln/lib/mobject-graph-vision-pack/Nodes/Image Segmentation/Node_F_VN_CheckColorRange.TcPOU,Vision/Image Segmentation/F_VN_CheckColorRange
Node_F_VN_DoubleThreshold,registered,src/sln/lib/mobject-graph-vision-pack/Nodes/Image Segmentation/Node_F_VN_DoubleThreshold.TcPOU,Vision/Image Segmentation/F_VN_DoubleThreshold
Node_F_VN_SauvolaThreshold,registered,src/sln/lib/mobject-graph-vision-pack/Nodes/Image Segmentation/Node_F_VN_SauvolaThreshold.TcPOU,Vision/Image Segmentation/F_VN_SauvolaThreshold
Node_F_VN_Threshold,registered,src/sln/lib/mobject-graph-vision-pack/Nodes/Image Segmentation/Node_F_VN_Threshold.TcPOU,Vision/Image Segmentation/F_VN_Threshold
Node_F_VN_WatershedSegmentationExp,registered,src/sln/lib/mobject-graph-vision-pack/Nodes/Image Segmentation/Node_F_VN_WatershedSegmentationExp.TcPOU,Vision/Image Segmentation/F_VN_WatershedSegmentationExp
Node_F_VN_FilterGoodMatches,registered,src/sln/lib/mobject-graph-vision-pack/Nodes/Keypoint Features/Node_F_VN_FilterGoodMatches.TcPOU,Vision/Keypoint Features/F_VN_FilterGoodMatches
Node_F_VN_GetMatchCoordinates,registered,src/sln/lib/mobject-graph-vision-pack/Nodes/Keypoint Features/Node_F_VN_GetMatchCoordinates.TcPOU,Vision/Keypoint Features/F_VN_GetMatchCoordinates
Node_F_VN_KeyPointsAGAST,registered,src/sln/lib/mobject-graph-vision-pack/Nodes/Keypoint Features/Node_F_VN_KeyPointsAGAST.TcPOU,Vision/Keypoint Features/F_VN_KeyPointsAGAST
Node_F_VN_KeyPointsAGASTExp,registered,src/sln/lib/mobject-graph-vision-pack/Nodes/Keypoint Features/Node_F_VN_KeyPointsAGASTExp.TcPOU,Vision/Keypoint Features/F_VN_KeyPointsAGASTExp
Node_F_VN_KeyPointsAndDescriptorsAKAZE,registered,src/sln/lib/mobject-graph-vision-pack/Nodes/Keypoint Features/Node_F_VN_KeyPointsAndDescriptorsAKAZE.TcPOU,Vision/Keypoint Features/F_VN_KeyPointsAndDescriptorsAKAZE
Node_F_VN_KeyPointsAndDescriptorsAKAZEExp,registered,src/sln/lib/mobject-graph-vision-pack/Nodes/Keypoint Features/Node_F_VN_KeyPointsAndDescriptorsAKAZEExp.TcPOU,Vision/Keypoint Features/F_VN_KeyPointsAndDescriptorsAKAZEExp
Node_F_VN_KeyPointsAndDescriptorsBRISK,registered,src/sln/lib/mobject-graph-vision-pack/Nodes/Keypoint Features/Node_F_VN_KeyPointsAndDescriptorsBRISK.TcPOU,Vision/Keypoint Features/F_VN_KeyPointsAndDescriptorsBRISK
Node_F_VN_KeyPointsAndDescriptorsBRISKExp,registered,src/sln/lib/mobject-graph-vision-pack/Nodes/Keypoint Features/Node_F_VN_KeyPointsAndDescriptorsBRISKExp.TcPOU,Vision/Keypoint Features/F_VN_KeyPointsAndDescriptorsBRISKExp
Node_F_VN_KeyPointsAndDescriptorsKAZE,registered,src/sln/lib/mobject-graph-vision-pack/Nodes/Keypoint Features/Node_F_VN_KeyPointsAndDescriptorsKAZE.TcPOU,Vision/Keypoint Features/F_VN_KeyPointsAndDescriptorsKAZE
Node_F_VN_KeyPointsAndDescriptorsKAZEExp,registered,src/sln/lib/mobject-graph-vision-pack/Nodes/Keypoint Features/Node_F_VN_KeyPointsAndDescriptorsKAZEExp.TcPOU,Vision/Keypoint Features/F_VN_KeyPointsAndDescriptorsKAZEExp
Node_F_VN_KeyPointsAndDescriptorsORB,registered,src/sln/lib/mobject-graph-vision-pack/Nodes/Keypoint Features/Node_F_VN_KeyPointsAndDescriptorsORB.TcPOU,Vision/Keypoint Features/F_VN_KeyPointsAndDescriptorsORB
Node_F_VN_KeyPointsAndDescriptorsORBExp,registered,src/sln/lib/mobject-graph-vision-pack/Nodes/Keypoint Features/Node_F_VN_KeyPointsAndDescriptorsORBExp.TcPOU,Vision/Keypoint Features/F_VN_KeyPointsAndDescriptorsORBExp
Node_F_VN_KeyPointsFAST,registered,src/sln/lib/mobject-graph-vision-pack/Nodes/Keypoint Features/Node_F_VN_KeyPointsFAST.TcPOU,Vision/Keypoint Features/F_VN_KeyPointsFAST
Node_F_VN_KeyPointsFASTExp,registered,src/sln/lib/mobject-graph-vision-pack/Nodes/Keypoint Features/Node_F_VN_KeyPointsFASTExp.TcPOU,Vision/Keypoint Features/F_VN_KeyPointsFASTExp
Node_F_VN_KeyPointsGFTT,registered,src/sln/lib/mobject-graph-vision-pack/Nodes/Keypoint Features/Node_F_VN_KeyPointsGFTT.TcPOU,Vision/Keypoint Features/F_VN_KeyPointsGFTT
Node_F_VN_KeyPointsGFTTExp,registered,src/sln/lib/mobject-graph-vision-pack/Nodes/Keypoint Features/Node_F_VN_KeyPointsGFTTExp.TcPOU,Vision/Keypoint Features/F_VN_KeyPointsGFTTExp
Node_F_VN_KeyPointsMSER,registered,src/sln/lib/mobject-graph-vision-pack/Nodes/Keypoint Features/Node_F_VN_KeyPointsMSER.TcPOU,Vision/Keypoint Features/F_VN_KeyPointsMSER
Node_F_VN_KeyPointsMSERExp,registered,src/sln/lib/mobject-graph-vision-pack/Nodes/Keypoint Features/Node_F_VN_KeyPointsMSERExp.TcPOU,Vision/Keypoint Features/F_VN_KeyPointsMSERExp
Node_F_VN_KeyPointsSB,registered,src/sln/lib/mobject-graph-vision-pack/Nodes/Keypoint Features/Node_F_VN_KeyPointsSB.TcPOU,Vision/Keypoint Features/F_VN_KeyPointsSB
Node_F_VN_KeyPointsSBExp,registered,src/sln/lib/mobject-graph-vision-pack/Nodes/Keypoint Features/Node_F_VN_KeyPointsSBExp.TcPOU,Vision/Keypoint Features/F_VN_KeyPointsSBExp
Node_F_VN_MatchDescriptorsBF,registered,src/sln/lib/mobject-graph-vision-pack/Nodes/Keypoint Features/Node_F_VN_MatchDescriptorsBF.TcPOU,Vision/Keypoint Features/F_VN_MatchDescriptorsBF
Node_F_VN_MatchDescriptorsBFExp,registered,src/sln/lib/mobject-graph-vision-pack/Nodes/Keypoint Features/Node_F_VN_MatchDescriptorsBFExp.TcPOU,Vision/Keypoint Features/F_VN_MatchDescriptorsBFExp
Node_F_VN_MatchDescriptorsFlannLsh,registered,src/sln/lib/mobject-graph-vision-pack/Nodes/Keypoint Features/Node_F_VN_MatchDescriptorsFlannLsh.TcPOU,Vision/Keypoint Features/F_VN_MatchDescriptorsFlannLsh
Node_F_VN_MatchDescriptorsFlannLshExp,registered,src/sln/lib/mobject-graph-vision-pack/Nodes/Keypoint Features/Node_F_VN_MatchDescriptorsFlannLshExp.TcPOU,Vision/Keypoint Features/F_VN_MatchDescriptorsFlannLshExp
Node_F_VN_MatchDescriptorsKnnBF,registered,src/sln/lib/mobject-graph-vision-pack/Nodes/Keypoint Features/Node_F_VN_MatchDescriptorsKnnBF.TcPOU,Vision/Keypoint Features/F_VN_MatchDescriptorsKnnBF
Node_F_VN_MatchDescriptorsKnnBFExp,registered,src/sln/lib/mobject-graph-vision-pack/Nodes/Keypoint Features/Node_F_VN_MatchDescriptorsKnnBFExp.TcPOU,Vision/Keypoint Features/F_VN_MatchDescriptorsKnnBFExp
Node_F_VN_MatchDescriptorsKnnFlannLsh,registered,src/sln/lib/mobject-graph-vision-pack/Nodes/Keypoint Features/Node_F_VN_MatchDescriptorsKnnFlannLsh.TcPOU,Vision/Keypoint Features/F_VN_MatchDescriptorsKnnFlannLsh
Node_F_VN_MatchDescriptorsKnnFlannLshExp,registered,src/sln/lib/mobject-graph-vision-pack/Nodes/Keypoint Features/Node_F_VN_MatchDescriptorsKnnFlannLshExp.TcPOU,Vision/Keypoint Features/F_VN_MatchDescriptorsKnnFlannLshExp
Node_F_VN_RegionsMSER,registered,src/sln/lib/mobject-graph-vision-pack/Nodes/Keypoint Features/Node_F_VN_RegionsMSER.TcPOU,Vision/Keypoint Features/F_VN_RegionsMSER
Node_F_VN_RegionsMSERExp,registered,src/sln/lib/mobject-graph-vision-pack/Nodes/Keypoint Features/Node_F_VN_RegionsMSERExp.TcPOU,Vision/Keypoint Features/F_VN_RegionsMSERExp
Node_F_VN_AdjustSearchWindowOrientationToLinearEdge,registered,src/sln/lib/mobject-graph-vision-pack/Nodes/Measurement/Node_F_VN_AdjustSearchWindowOrientationToLinearEdge.TcPOU,Vision/Measurement/F_VN_AdjustSearchWindowOrientationToLinearEdge
Node_F_VN_ClosestPointsBF,registered,src/sln/lib/mobject-graph-vision-pack/Nodes/Measurement/Node_F_VN_ClosestPointsBF.TcPOU,Vision/Measurement/F_VN_ClosestPointsBF
Node_F_VN_LocateCircularArc,registered,src/sln/lib/mobject-graph-vision-pack/Nodes/Measurement/Node_F_VN_LocateCircularArc.TcPOU,Vision/Measurement/F_VN_LocateCircularArc
Node_F_VN_LocateEdge,registered,src/sln/lib/mobject-graph-vision-pack/Nodes/Measurement/Node_F_VN_LocateEdge.TcPOU,Vision/Measurement/F_VN_LocateEdge
Node_F_VN_LocateEdgeExp,registered,src/sln/lib/mobject-graph-vision-pack/Nodes/Measurement/Node_F_VN_LocateEdgeExp.TcPOU,Vision/Measurement/F_VN_LocateEdgeExp
Node_F_VN_LocateEdges,registered,src/sln/lib/mobject-graph-vision-pack/Nodes/Measurement/Node_F_VN_LocateEdges.TcPOU,Vision/Measurement/F_VN_LocateEdges
Node_F_VN_LocateEdgesExp,registered,src/sln/lib/mobject-graph-vision-pack/Nodes/Measurement/Node_F_VN_LocateEdgesExp.TcPOU,Vision/Measurement/F_VN_LocateEdgesExp
Node_F_VN_LocateEllipse,registered,src/sln/lib/mobject-graph-vision-pack/Nodes/Measurement/Node_F_VN_LocateEllipse.TcPOU,Vision/Measurement/F_VN_LocateEllipse
Node_F_VN_LocateEllipseExp,registered,src/sln/lib/mobject-graph-vision-pack/Nodes/Measurement/Node_F_VN_LocateEllipseExp.TcPOU,Vision/Measurement/F_VN_LocateEllipseExp
Node_F_VN_MeasureAngleBetweenEdges,registered,src/sln/lib/mobject-graph-vision-pack/Nodes/Measurement/Node_F_VN_MeasureAngleBetweenEdges.TcPOU,Vision/Measurement/F_VN_MeasureAngleBetweenEdges
Node_F_VN_MeasureEdgeDistance,registered,src/sln/lib/mobject-graph-vision-pack/Nodes/Measurement/Node_F_VN_MeasureEdgeDistance.TcPOU,Vision/Measurement/F_VN_MeasureEdgeDistance
Node_F_VN_MeasureEdgeDistanceExp,registered,src/sln/lib/mobject-graph-vision-pack/Nodes/Measurement/Node_F_VN_MeasureEdgeDistanceExp.TcPOU,Vision/Measurement/F_VN_MeasureEdgeDistanceExp
Node_F_VN_MeasureMinEdgeDistance,registered,src/sln/lib/mobject-graph-vision-pack/Nodes/Measurement/Node_F_VN_MeasureMinEdgeDistance.TcPOU,Vision/Measurement/F_VN_MeasureMinEdgeDistance
Node_FB_VN_InitializeFunction,excluded_from_build,src/sln/lib/mobject-graph-vision-pack/Nodes/Miscellaneous/Node_FB_VN_InitializeFunction.TcPOU,
Node_F_VN_CheckFunctionInitialization,registered,src/sln/lib/mobject-graph-vision-pack/Nodes/Miscellaneous/Node_F_VN_CheckFunctionInitialization.TcPOU,Vision/Miscellaneous/F_VN_CheckFunctionInitialization
Node_F_VN_ClipLineToBoundary,registered,src/sln/lib/mobject-graph-vision-pack/Nodes/Miscellaneous/Node_F_VN_ClipLineToBoundary.TcPOU,Vision/Miscellaneous/F_VN_ClipLineToBoundary
Node_F_VN_ClipLineToBoundary_ITcVnImage,registered,src/sln/lib/mobject-graph-vision-pack/Nodes/Miscellaneous/Node_F_VN_ClipLineToBoundary_ITcVnImage.TcPOU,Vision/Miscellaneous/F_VN_ClipLineToBoundary_ITcVnImage
Node_F_VN_ClipLineToBoundary_TcVnRectangle_DINT,registered,src/sln/lib/mobject-graph-vision-pack/Nodes/Miscellaneous/Node_F_VN_ClipLineToBoundary_TcVnRectangle_DINT.TcPOU,Vision/Miscellaneous/F_VN_ClipLineToBoundary_TcVnRectangle_DINT
Node_F_VN_DeinitializeFunction,registered,src/sln/lib/mobject-graph-vision-pack/Nodes/Miscellaneous/Node_F_VN_DeinitializeFunction.TcPOU,Vision/Miscellaneous/F_VN_DeinitializeFunction
Node_F_VN_HuMomentInvariants,registered,src/sln/lib/mobject-graph-vision-pack/Nodes/Miscellaneous/Node_F_VN_HuMomentInvariants.TcPOU,Vision/Miscellaneous/F_VN_HuMomentInvariants
Node_F_VN_InvertMatrix3x3,registered,src/sln/lib/mobject-graph-vision-pack/Nodes/Miscellaneous/Node_F_VN_InvertMatrix3x3.TcPOU,Vision/Miscellaneous/F_VN_InvertMatrix3x3
Node_F_VN_LineIntersectionPoint,registered,src/sln/lib/mobject-graph-vision-pack/Nodes/Miscellaneous/Node_F_VN_LineIntersectionPoint.TcPOU,Vision/Miscellaneous/F_VN_LineIntersectionPoint
Node_F_VN_LineIntersectionPointAndAngle,registered,src/sln/lib/mobject-graph-vision-pack/Nodes/Miscellaneous/Node_F_VN_LineIntersectionPointAndAngle.TcPOU,Vision/Miscellaneous/F_VN_LineIntersectionPointAndAngle
Node_F_VN_MultiplyMatrices,excluded_from_build,src/sln/lib/mobject-graph-vision-pack/Nodes/Miscellaneous/Node_F_VN_MultiplyMatrices.TcPOU,
Node_F_VN_OrthogonalVector_TcVnVector2_DINT,registered,src/sln/lib/mobject-graph-vision-pack/Nodes/Miscellaneous/Node_F_VN_OrthogonalVector_TcVnVector2_DINT.TcPOU,Vision/Miscellaneous/F_VN_OrthogonalVector_TcVnVector2_DINT
Node_F_VN_OrthogonalVector_TcVnVector2_LREAL,registered,src/sln/lib/mobject-graph-vision-pack/Nodes/Miscellaneous/Node_F_VN_OrthogonalVector_TcVnVector2_LREAL.TcPOU,Vision/Miscellaneous/F_VN_OrthogonalVector_TcVnVector2_LREAL
Node_F_VN_OrthogonalVector_TcVnVector2_REAL,registered,src/sln/lib/mobject-graph-vision-pack/Nodes/Miscellaneous/Node_F_VN_OrthogonalVector_TcVnVector2_REAL.TcPOU,Vision/Miscellaneous/F_VN_OrthogonalVector_TcVnVector2_REAL
Node_F_VN_PointToLineDistance_TcVnPoint2_DINT,registered,src/sln/lib/mobject-graph-vision-pack/Nodes/Miscellaneous/Node_F_VN_PointToLineDistance_TcVnPoint2_DINT.TcPOU,Vision/Miscellaneous/F_VN_PointToLineDistance_TcVnPoint2_DINT
Node_F_VN_PointToLineDistance_TcVnPoint2_LREAL,registered,src/sln/lib/mobject-graph-vision-pack/Nodes/Miscellaneous/Node_F_VN_PointToLineDistance_TcVnPoint2_LREAL.TcPOU,Vision/Miscellaneous/F_VN_PointToLineDistance_TcVnPoint2_LREAL
Node_F_VN_PointToLineDistance_TcVnPoint2_REAL,registered,src/sln/lib/mobject-graph-vision-pack/Nodes/Miscellaneous/Node_F_VN_PointToLineDistance_TcVnPoint2_REAL.TcPOU,Vision/Miscellaneous/F_VN_PointToLineDistance_TcVnPoint2_REAL
Node_F_VN_PointToPointDirection_TcVnPoint2_DINT,registered,src/sln/lib/mobject-graph-vision-pack/Nodes/Miscellaneous/Node_F_VN_PointToPointDirection_TcVnPoint2_DINT.TcPOU,Vision/Miscellaneous/F_VN_PointToPointDirection_TcVnPoint2_DINT
Node_F_VN_PointToPointDirection_TcVnPoint2_LREAL,registered,src/sln/lib/mobject-graph-vision-pack/Nodes/Miscellaneous/Node_F_VN_PointToPointDirection_TcVnPoint2_LREAL.TcPOU,Vision/Miscellaneous/F_VN_PointToPointDirection_TcVnPoint2_LREAL
Node_F_VN_PointToPointDirection_TcVnPoint2_REAL,registered,src/sln/lib/mobject-graph-vision-pack/Nodes/Miscellaneous/Node_F_VN_PointToPointDirection_TcVnPoint2_REAL.TcPOU,Vision/Miscellaneous/F_VN_PointToPointDirection_TcVnPoint2_REAL
Node_F_VN_PointToPointDistance_TcVnPoint2_DINT,registered,src/sln/lib/mobject-graph-vision-pack/Nodes/Miscellaneous/Node_F_VN_PointToPointDistance_TcVnPoint2_DINT.TcPOU,Vision/Miscellaneous/F_VN_PointToPointDistance_TcVnPoint2_DINT
Node_F_VN_PointToPointDistance_TcVnPoint2_LREAL,registered,src/sln/lib/mobject-graph-vision-pack/Nodes/Miscellaneous/Node_F_VN_PointToPointDistance_TcVnPoint2_LREAL.TcPOU,Vision/Miscellaneous/F_VN_PointToPointDistance_TcVnPoint2_LREAL
Node_F_VN_PointToPointDistance_TcVnPoint2_REAL,registered,src/sln/lib/mobject-graph-vision-pack/Nodes/Miscellaneous/Node_F_VN_PointToPointDistance_TcVnPoint2_REAL.TcPOU,Vision/Miscellaneous/F_VN_PointToPointDistance_TcVnPoint2_REAL
Node_F_VN_RotatedRectangleCorners,registered,src/sln/lib/mobject-graph-vision-pack/Nodes/Miscellaneous/Node_F_VN_RotatedRectangleCorners.TcPOU,Vision/Miscellaneous/F_VN_RotatedRectangleCorners
Node_F_VN_RotatedRectangleIntersection,registered,src/sln/lib/mobject-graph-vision-pack/Nodes/Miscellaneous/Node_F_VN_RotatedRectangleIntersection.TcPOU,Vision/Miscellaneous/F_VN_RotatedRectangleIntersection
Node_F_VN_Reduce,registered,src/sln/lib/mobject-graph-vision-pack/Nodes/Neural Network/Node_F_VN_Reduce.TcPOU,Vision/Neural Network/F_VN_Reduce
Node_F_VN_ReduceArg,registered,src/sln/lib/mobject-graph-vision-pack/Nodes/Neural Network/Node_F_VN_ReduceArg.TcPOU,Vision/Neural Network/F_VN_ReduceArg
Node_F_VN_Sigmoid,registered,src/sln/lib/mobject-graph-vision-pack/Nodes/Neural Network/Node_F_VN_Sigmoid.TcPOU,Vision/Neural Network/F_VN_Sigmoid
Node_F_VN_SigmoidExp,registered,src/sln/lib/mobject-graph-vision-pack/Nodes/Neural Network/Node_F_VN_SigmoidExp.TcPOU,Vision/Neural Network/F_VN_SigmoidExp
Node_F_VN_SoftMax,registered,src/sln/lib/mobject-graph-vision-pack/Nodes/Neural Network/Node_F_VN_SoftMax.TcPOU,Vision/Neural Network/F_VN_SoftMax
Node_F_VN_OCR,registered,src/sln/lib/mobject-graph-vision-pack/Nodes/OCR/Node_F_VN_OCR.TcPOU,Vision/OCR/F_VN_OCR
Node_F_VN_OCRExp,registered,src/sln/lib/mobject-graph-vision-pack/Nodes/OCR/Node_F_VN_OCRExp.TcPOU,Vision/OCR/F_VN_OCRExp
Node_F_VN_Granulometry,registered,src/sln/lib/mobject-graph-vision-pack/Nodes/Texture Analysis/Node_F_VN_Granulometry.TcPOU,Vision/Texture Analysis/F_VN_Granulometry
Node_F_VN_HaralickFeatures,registered,src/sln/lib/mobject-graph-vision-pack/Nodes/Texture Analysis/Node_F_VN_HaralickFeatures.TcPOU,Vision/Texture Analysis/F_VN_HaralickFeatures
